"tgi_measure","iteration","n","pearson_r","pearson_p","spearman_rho","spearman_p"
"TGI_percent_Day_17",1,8,-1,0,-1,2.18952885050751e-46
"TGI_percent_Day_17",2,8,0.808340702101048,0.0151676675350986,0.848101265822785,0.00779410868380385
"TGI_percent_Day_17",3,8,0.757725465249263,0.0294049618921617,0.45679012345679,0.255201343606103
"TGI_percent_Day_17",4,8,0.632411165952791,0.0924562614373041,0.146341463414634,0.729502115730517
"TGI_percent_Day_17",5,8,0.544631056536997,0.162784581482007,0.113924050632911,0.788233439851227
"TGI_percent_Day_17",6,8,0.943172488121989,0.00043946033283701,1,0
"TGI_percent_Day_17",7,8,0.765667167267009,0.0267803950046996,0.341463414634146,0.407782409074504
"TGI_percent_Day_17",8,8,0.917914938776395,0.00129898646111475,0.974683544303797,3.97984255471566e-05
"TGI_percent_Day_17",9,8,0.728713112343177,0.0403096399296319,0.113924050632911,0.788233439851227
"TGI_percent_Day_17",10,8,0.858740231850697,0.00632137150225384,0.634146341463415,0.0912890821441658
"TGI_percent_Day_17",11,8,0.912621286711275,0.00156045901247095,0.925925925925926,0.000960491276443564
"TGI_percent_Day_17",12,8,0.887008642004813,0.00330770113926186,0.468354430379747,0.241804882823014
"TGI_percent_Day_17",13,8,0.823667496754825,0.0119580413244128,0.634146341463415,0.0912890821441658
"TGI_percent_Day_17",14,8,0.678371711256131,0.0644034989008271,0.349397590361446,0.396244333445432
"TGI_percent_Day_17",15,8,0.876517723809243,0.00428193798779784,0.925925925925926,0.000960491276443564
"TGI_percent_Day_17",16,8,0.842658695108395,0.00862498912626126,0.925925925925926,0.000960491276443564
"TGI_percent_Day_17",17,8,0.993335794596402,7.36227314475697e-07,1,0
"TGI_percent_Day_17",18,8,0.55743692297106,0.151141240498087,0.146341463414634,0.729502115730517
"TGI_percent_Day_17",19,8,0.998713574736804,5.31709695598187e-09,1,3.42113882891805e-48
"TGI_percent_Day_17",20,8,0.521712174575057,0.18479761162358,0.0731707317073171,0.863293782609012
"TGI_percent_Day_17",21,8,0.651516631262238,0.0800752019796064,0.240506329113924,0.566138469404116
"TGI_percent_Day_17",22,8,0.323056554813122,0.435094378960779,-0.432432432432432,0.284598569995075
"TGI_percent_Day_17",23,8,0.641324170421328,0.0865517236986727,0.736842105263158,0.0370416328264742
"TGI_percent_Day_17",24,8,0.6156110750979,0.104201182868493,-0.027027027027027,0.949348996625618
"TGI_percent_Day_17",25,8,0.704304135789753,0.0511494306075427,-0.024390243902439,0.9542864261534
"TGI_percent_Day_17",26,8,0.923325595632522,0.00106310481179049,0.975,3.83337402343747e-05
"TGI_percent_Day_17",27,8,0.944606571573717,0.000407469348475521,1,0
"TGI_percent_Day_17",28,8,0.84503583342364,0.00825549255609944,0.62962962962963,0.0943451651056068
"TGI_percent_Day_17",29,8,0.865474159965209,0.00548879619944221,0.75609756097561,0.0299617108971145
"TGI_percent_Day_17",30,8,0.638736322350724,0.0882428502303947,0.253012048192771,0.54545933813052
"TGI_percent_Day_17",31,8,0.0522595775863056,0.902191551132627,-0.481481481481481,0.227042659068039
"TGI_percent_Day_17",32,8,0.796520848669225,0.0179785548376635,0.707317073170732,0.0497267470387709
"TGI_percent_Day_17",33,8,0.783724854917913,0.0213657838269933,0.590361445783133,0.123376267991455
"TGI_percent_Day_17",34,8,0.581727864376847,0.130354259726291,-0.05,0.9064061328125
"TGI_percent_Day_17",35,8,0.9170590437145,0.00133915950352959,0.924050632911392,0.00103380815542862
"TGI_percent_Day_17",36,8,0.69671941581756,0.0548380784279749,0.392405063291139,0.336280494675457
"TGI_percent_Day_17",37,8,0.838197700099991,0.00934643167961117,0.634146341463415,0.0912890821441658
"TGI_percent_Day_17",38,8,0.71731620134978,0.0451771112974708,0.349397590361446,0.396244333445432
"TGI_percent_Day_17",39,8,0.615598902240017,0.104209985645093,-0.024390243902439,0.9542864261534
"TGI_percent_Day_17",40,8,0.734566475656633,0.0379395487195244,0.414634146341463,0.307070866237017
"TGI_percent_Day_17",41,8,0.801885105243578,0.0166657496145873,1,0
"TGI_percent_Day_17",42,8,0.727230608426606,0.0409238239891057,0.468354430379747,0.241804882823014
"TGI_percent_Day_17",43,8,0.730890296360087,0.0394178651203223,0.439024390243902,0.276486445900293
"TGI_percent_Day_17",44,8,0.554444095337895,0.153820107590462,-0.05,0.9064061328125
"TGI_percent_Day_17",45,8,0.534118696652903,0.172694806151634,-0.230769230769231,0.58242412326653
"TGI_percent_Day_17",46,8,0.797364101511443,0.0177680481193025,0.468354430379747,0.241804882823014
"TGI_percent_Day_17",47,8,0.77170554189646,0.0248852708593782,0.349397590361446,0.396244333445432
"TGI_percent_Day_17",48,8,0.74012763779755,0.0357682912628988,0.341463414634146,0.407782409074504
"TGI_percent_Day_17",49,8,0.650454451646245,0.0807364626284521,0.24390243902439,0.560495956966516
"TGI_percent_Day_17",50,8,0.664494746640672,0.0722511084428225,0.253012048192771,0.54545933813052
"TGI_percent_Day_17",51,8,0.248981968328583,0.552093613376325,-0.230769230769231,0.58242412326653
"TGI_percent_Day_17",52,8,0.709883883930785,0.0485337075654806,0.316455696202532,0.445069441835733
"TGI_percent_Day_17",53,8,0.479971530664073,0.228716468454106,0.291139240506329,0.484176479990479
"TGI_percent_Day_17",54,8,0.779241843652778,0.0226396144816727,0.625,0.0975379943847654
"TGI_percent_Day_17",55,8,0.928556636945643,0.000863494586886216,1,0
"TGI_percent_Day_17",56,8,0.382951739058313,0.34907777611949,-0.189873417721519,0.652451422291919
"TGI_percent_Day_17",57,8,0.912859192522264,0.00154803257714699,0.972602739726027,5.03610200209817e-05
"TGI_percent_Day_17",58,8,0.43020653598087,0.287363701903742,-0.24390243902439,0.560495956966516
"TGI_percent_Day_17",59,8,0.717509171542343,0.045091890388236,0.493670886075949,0.213762737730047
"TGI_percent_Day_17",60,8,0.668508688620803,0.0699263793375663,0.146341463414634,0.729502115730517
"TGI_percent_Day_17",61,8,0.72047993675638,0.0437921710376825,-0.0632911392405063,0.881645645130732
"TGI_percent_Day_17",62,8,0.714665610713331,0.0463575393990679,0.518987341772152,0.187514534406167
"TGI_percent_Day_17",63,8,0.800467871273305,0.0170065435785441,0.316455696202532,0.445069441835733
"TGI_percent_Day_17",64,8,0.921505137659741,0.0011390402586995,1,0
"TGI_percent_Day_17",65,8,-0.0205470673087169,0.961485090674629,-0.481481481481481,0.227042659068039
"TGI_percent_Day_17",66,8,0.898601551490818,0.00241216643146618,0.851851851851852,0.00725239908517074
"TGI_percent_Day_17",67,8,0.652110617102614,0.079706799096381,0.620253164556962,0.100875222859378
"TGI_percent_Day_17",68,8,0.657590697675111,0.0763546614799482,0.487804878048781,0.220101844181823
"TGI_percent_Day_17",69,8,0.55743692297106,0.151141240498087,0.146341463414634,0.729502115730517
"TGI_percent_Day_17",70,8,0.462299633672515,0.248773472630201,-0.108433734939759,0.798274813332511
"TGI_percent_Day_17",71,8,0.91858994823561,0.00126786397637398,0.753086419753086,0.0310085131644479
"TGI_percent_Day_17",72,8,0.46919885119112,0.240840996067186,0.205128205128205,0.626037544539464
"TGI_percent_Day_17",73,8,0.501261682212756,0.205702808694302,-0.205128205128205,0.626037544539464
"TGI_percent_Day_17",74,8,0.184338157391954,0.662116027082973,-0.538461538461539,0.16856229446825
"TGI_percent_Day_17",75,8,0.923325595632522,0.00106310481179048,0.975,3.83337402343747e-05
"TGI_percent_Day_17",76,8,0.624499635371272,0.0978867351365595,0.407407407407407,0.316429397723464
"TGI_percent_Day_17",77,8,0.504593691553857,0.20221604550403,0.121951219512195,0.773598436910598
"TGI_percent_Day_17",78,8,0.593542763473191,0.120859224726094,0.125,0.768054962158203
"TGI_percent_Day_17",79,8,0.685488694584861,0.0605843808377195,0.333333333333333,0.419753086419753
"TGI_percent_Day_17",80,8,0.290740812876324,0.484802414337372,-0.150684931506849,0.72171342613154
"TGI_percent_Day_17",81,8,0.454532687841251,0.257858856701503,0.113924050632911,0.788233439851227
"TGI_percent_Day_17",82,8,0.769899538276465,0.0254430739072339,0.725,0.041858585205078
"TGI_percent_Day_17",83,8,0.364290431103255,0.374979681918591,-0.037037037037037,0.930619036000442
"TGI_percent_Day_17",84,8,0.771021815464871,0.0250955468664648,0.615384615384616,0.104365016307875
"TGI_percent_Day_17",85,8,0.606293740277891,0.111063420847489,-0.0632911392405063,0.881645645130732
"TGI_percent_Day_17",86,8,0.7162227155683,0.0456618623191102,0.518072289156627,0.188431668335035
"TGI_percent_Day_17",87,8,0.46925696209911,0.240774735761935,-0.108433734939759,0.798274813332511
"TGI_percent_Day_17",88,8,0.667971932336234,0.0702346575891268,0.225,0.592147037353516
"TGI_percent_Day_17",89,8,0.749316224020607,0.032350465884698,0.414634146341463,0.307070866237017
"TGI_percent_Day_17",90,8,0.667718896181958,0.0703802624760433,0.24390243902439,0.560495956966516
"TGI_percent_Day_17",91,8,0.856281041661695,0.00664439077530194,0.620253164556962,0.100875222859378
"TGI_percent_Day_17",92,8,0.783724854917913,0.0213657838269933,0.590361445783133,0.123376267991455
"TGI_percent_Day_17",93,8,0.677919796278089,0.0646506917310466,0.156626506024096,0.711092878662638
"TGI_percent_Day_17",94,8,0.235786307218831,0.574013112220198,-0.6,0.11584
"TGI_percent_Day_17",95,8,0.693801283535957,0.056298364776826,0.518072289156627,0.188431668335035
"TGI_percent_Day_17",96,8,0.607647069584875,0.110051209833093,-0.0120481927710843,0.977411824587767
"TGI_percent_Day_17",97,8,0.796520848669225,0.0179785548376635,0.707317073170732,0.0497267470387709
"TGI_percent_Day_17",98,8,0.463726104318897,0.247122696902725,0.125,0.768054962158203
"TGI_percent_Day_17",99,8,0.545586371861288,0.161899707714887,0.024390243902439,0.9542864261534
"TGI_percent_Day_17",100,8,0.998511495727466,8.2357907185135e-09,1,2.73691106313438e-47
"TGI_percent_Day_17",101,8,0.638239993229758,0.0885693649096279,-0.024390243902439,0.9542864261534
"TGI_percent_Day_17",102,8,0.516737488181822,0.189773773457962,-0.037037037037037,0.930619036000442
"TGI_percent_Day_17",103,8,0.862722258000146,0.00581995229997389,1,0
"TGI_percent_Day_17",104,8,0.847738254414533,0.00784786549293662,1,0
"TGI_percent_Day_17",105,8,0.754214183730946,0.0306138651739144,0.536585365853659,0.170340970786708
"TGI_percent_Day_17",106,8,0.738222672054846,0.0365032683827209,0.468354430379747,0.241804882823014
"TGI_percent_Day_17",107,8,0.637372844514972,0.089141503876481,0.253012048192771,0.54545933813052
"TGI_percent_Day_17",108,8,0.83557130285906,0.00978853315554109,0.407407407407407,0.316429397723464
"TGI_percent_Day_17",109,8,0.691494909788523,0.0574687713474943,0.62962962962963,0.0943451651056068
"TGI_percent_Day_17",110,8,0.730890296360087,0.0394178651203224,0.439024390243902,0.276486445900293
"TGI_percent_Day_17",111,8,0.0361393250660245,0.932297742127956,-0.643835616438356,0.0849286568753827
"TGI_percent_Day_17",112,8,-0.0624639569254704,0.88318437227783,-0.538461538461539,0.16856229446825
"TGI_percent_Day_17",113,8,0.706560779027414,0.0500815966471217,-0.0632911392405063,0.881645645130732
"TGI_percent_Day_17",114,8,0.731845686806016,0.0390303607209479,0.536585365853659,0.170340970786708
"TGI_percent_Day_17",115,8,-0.304048336572242,0.464069787068261,-0.643835616438356,0.0849286568753827
"TGI_percent_Day_17",116,8,0.727230608426606,0.0409238239891056,0.468354430379747,0.241804882823014
"TGI_percent_Day_17",117,8,0.560080556250132,0.148796404620402,0.4,0.32616
"TGI_percent_Day_17",118,8,0.700558482703466,0.0529518024241352,0.289473684210526,0.486795192697768
"TGI_percent_Day_17",119,8,0.506365079495404,0.200375132409071,-0.0769230769230769,0.856337178454751
"TGI_percent_Day_17",120,8,0.606499214874294,0.110909398815753,0.24390243902439,0.560495956966516
"TGI_percent_Day_17",121,8,0.50777225436001,0.198919042431156,0.0123456790123457,0.976854203839832
"TGI_percent_Day_17",122,8,0.804162086197152,0.016127238487322,0.575,0.135941126708984
"TGI_percent_Day_17",123,8,0.650739274169224,0.0805588347058833,0.620253164556962,0.100875222859378
"TGI_percent_Day_17",124,8,0.68641525238483,0.0600973500511841,0.463414634146342,0.247482670349255
"TGI_percent_Day_17",125,8,0.213607686242094,0.611501998606433,-0.230769230769231,0.58242412326653
"TGI_percent_Day_17",126,8,0.6953314076314,0.0555298023660469,-0.0632911392405063,0.881645645130732
"TGI_percent_Day_17",127,8,0.670616680502993,0.0687234109908822,0.634146341463415,0.0912890821441658
"TGI_percent_Day_17",128,8,0.860945650904264,0.00604038775763125,0.925925925925926,0.000960491276443564
"TGI_percent_Day_17",129,8,0.835120400074811,0.00986574173269752,0.392405063291139,0.336280494675457
"TGI_percent_Day_17",130,8,0.922724560698686,0.00108779766376142,0.975609756097561,3.56131131902034e-05
"TGI_percent_Day_17",131,8,0.681393523241781,0.0627650006474042,0.555555555555556,0.152822232383275
"TGI_percent_Day_17",132,8,0.484017910560642,0.224245217950841,0.0731707317073171,0.863293782609012
"TGI_percent_Day_17",133,8,0.673438242531635,0.0671324727211611,0.463414634146342,0.247482670349255
"TGI_percent_Day_17",134,8,0.803664593353002,0.0162439505338262,0.468354430379747,0.241804882823014
"TGI_percent_Day_17",135,8,0.805293873119142,0.0158636841369133,0.620253164556962,0.100875222859378
"TGI_percent_Day_17",136,8,0.432339223187838,0.284714097861146,0.282051282051282,0.498531973667064
"TGI_percent_Day_17",137,8,0.724673575237087,0.0419964524648445,0.487804878048781,0.220101844181823
"TGI_percent_Day_17",138,8,0.616237960469545,0.103748426333331,0.234567901234568,0.576051906571553
"TGI_percent_Day_17",139,8,0.534223398234242,0.172594539841418,0.316455696202532,0.445069441835733
"TGI_percent_Day_17",140,8,0.634176102497565,0.0912691378547781,0.291139240506329,0.484176479990479
"TGI_percent_Day_17",141,8,0.89336381640186,0.0027941957726334,1,0
"TGI_percent_Day_17",142,8,0.637888000114762,0.0888013503607846,0.358024691358025,0.383863009028071
"TGI_percent_Day_17",143,8,0.884673867475936,0.0035106031657306,0.918918918918919,0.00125287413292553
"TGI_percent_Day_17",144,8,0.4746545300367,0.23466069429294,-0.189873417721519,0.652451422291919
"TGI_percent_Day_17",145,8,0.855458853448609,0.00675469128141293,0.634146341463415,0.0912890821441658
"TGI_percent_Day_17",146,8,0.58629196205356,0.12663858202672,0.308641975308642,0.456997506224647
"TGI_percent_Day_17",147,8,0.707534004404384,0.0496252438376273,0.342465753424658,0.406316873398979
"TGI_percent_Day_17",148,8,0.608763306972912,0.109220291883081,0.333333333333333,0.419753086419753
"TGI_percent_Day_17",149,8,0.91961160304417,0.00122169029073994,0.75609756097561,0.0299617108971145
"TGI_percent_Day_17",150,8,0.898601551490818,0.00241216643146618,0.851851851851852,0.00725239908517074
"TGI_percent_Day_17",151,8,0.759434414852868,0.0288273949654042,0.113924050632911,0.788233439851227
"TGI_percent_Day_17",152,8,0.742559126335174,0.0348433995334227,0.493670886075949,0.213762737730047
"TGI_percent_Day_17",153,8,0.838590608315318,0.00928140614734912,0.634146341463415,0.0912890821441658
"TGI_percent_Day_17",154,8,0.681393523241781,0.0627650006474042,0.555555555555556,0.152822232383275
"TGI_percent_Day_17",155,8,0.634140984968779,0.0912926720543074,0.215189873417721,0.608801860963225
"TGI_percent_Day_17",156,8,0.924066430968994,0.00103317574430174,0.974683544303797,3.97984255471566e-05
"TGI_percent_Day_17",157,8,0.807186553011716,0.0154290150429199,0.333333333333333,0.419753086419753
"TGI_percent_Day_17",158,8,0.446477286241966,0.267454001662145,0.0886075949367088,0.834728317893272
"TGI_percent_Day_17",159,8,-0.812621764341586,0.0142226143519553,-0.523809523809524,0.182720750539714
"TGI_percent_Day_17",160,8,0.706889759856622,0.0499270539794222,0.51219512195122,0.194378892157874
"TGI_percent_Day_17",161,8,-0.170415275390351,0.68660382599068,-0.333333333333333,0.419753086419753
"TGI_percent_Day_17",162,8,0.839745636899111,0.00909191786599414,0.707317073170732,0.0497267470387709
"TGI_percent_Day_17",163,8,0.800174342874005,0.0170776675025941,0.634146341463415,0.0912890821441658
"TGI_percent_Day_17",164,8,0.730677960762734,0.0395043044155269,0.102564102564103,0.809036692029818
"TGI_percent_Day_17",165,8,0.6953314076314,0.0555298023660469,-0.0632911392405063,0.881645645130732
"TGI_percent_Day_17",166,8,0.766195176458433,0.0266112428432641,-0.150684931506849,0.72171342613154
"TGI_percent_Day_17",167,8,0.804209795437486,0.0161160736061845,0.634146341463415,0.0912890821441658
"TGI_percent_Day_17",168,8,0.563647510664382,0.145664539955339,-0.0632911392405063,0.881645645130732
"TGI_percent_Day_17",169,8,0.50887891808093,0.197777840960981,-0.0632911392405063,0.881645645130732
"TGI_percent_Day_17",170,8,-0.20122286290916,0.63276797158712,-0.538461538461539,0.16856229446825
"TGI_percent_Day_17",171,8,0.832899992650509,0.010251579238456,0.79746835443038,0.0177421304392543
"TGI_percent_Day_17",172,8,0.639493722621529,0.087745933951489,0.24390243902439,0.560495956966516
"TGI_percent_Day_17",173,8,0.993566259928417,6.6257123254722e-07,1,0
"TGI_percent_Day_17",174,8,0.141128081167709,0.73887743751104,-0.578947368421053,0.132647361838117
"TGI_percent_Day_17",175,8,-0.5578059951072,0.150812673094068,-0.538461538461539,0.16856229446825
"TGI_percent_Day_17",176,8,0.433172288821868,0.283682370431363,-0.175,0.678512669677734
"TGI_percent_Day_17",177,8,0.856879880164962,0.00656478297496025,0.384615384615385,0.346809662449871
"TGI_percent_Day_17",178,8,0.769938211616048,0.025431049002199,0.62962962962963,0.0943451651056068
"TGI_percent_Day_17",179,8,0.0915030528599759,0.829387042310703,-0.518987341772152,0.187514534406167
"TGI_percent_Day_17",180,8,0.7485373057371,0.03263206897146,0.634146341463415,0.0912890821441658
"TGI_percent_Day_17",181,8,0.158669097667808,0.707451021913771,-0.481481481481481,0.227042659068039
"TGI_percent_Day_17",182,8,0.458381373045039,0.253336382075872,0.307692307692308,0.458455990282607
"TGI_percent_Day_17",183,8,0.492190425338379,0.215353524878361,0.024390243902439,0.9542864261534
"TGI_percent_Day_17",184,8,0.578513854081332,0.133006896366491,0.0379746835443038,0.928865891742792
"TGI_percent_Day_17",185,8,0.546120359320865,0.161406237303494,0.0123456790123457,0.976854203839832
"TGI_percent_Day_17",186,8,0.746851543522766,0.0332466554485139,0.848101265822785,0.00779410868380385
"TGI_percent_Day_17",187,8,0.758818230001538,0.0290348314489865,0.341463414634146,0.407782409074504
"TGI_percent_Day_17",188,8,0.902954008942644,0.00212184997016769,1,0
"TGI_percent_Day_17",189,8,0.124646434753169,0.768697399761085,-0.315068493150685,0.447177633966065
"TGI_percent_Day_17",190,8,0.76700102267899,0.0263543583139399,0.62962962962963,0.0943451651056068
"TGI_percent_Day_17",191,8,0.92146209835633,0.00114087705267239,0.926829268292683,0.000926422142911447
"TGI_percent_Day_17",192,8,0.706889759856622,0.0499270539794222,0.51219512195122,0.194378892157874
"TGI_percent_Day_17",193,8,0.734548959177955,0.0379465112289255,0.725,0.041858585205078
"TGI_percent_Day_17",194,8,0.751341086366732,0.0316254050380579,0.605263157894737,0.111837768489366
"TGI_percent_Day_17",195,8,0.825287704550588,0.0116464996994627,0.710843373493976,0.0480922136045094
"TGI_percent_Day_17",196,8,0.702597291237432,0.0519661042789842,0.113924050632911,0.788233439851227
"TGI_percent_Day_17",197,8,0.290489092508246,0.485198033273679,-0.215189873417721,0.608801860963226
"TGI_percent_Day_17",198,8,0.630828302658572,0.0935284604215422,0.282051282051282,0.498531973667064
"TGI_percent_Day_17",199,8,0.230532304626159,0.58282235049961,-0.518987341772152,0.187514534406167
"TGI_percent_Day_17",200,8,0.643331734347937,0.0852528688269555,0.463414634146342,0.247482670349255
"TGI_percent_Day_17",201,8,0.620863329173869,0.100442641471527,-0.024390243902439,0.9542864261534
"TGI_percent_Day_17",202,8,0.725694930600563,0.0415659927244091,0.79746835443038,0.0177421304392543
"TGI_percent_Day_17",203,8,0.612350200408053,0.106574470959882,-0.037037037037037,0.930619036000442
"TGI_percent_Day_17",204,8,0.625812561049166,0.096973184687044,0.113924050632911,0.788233439851227
"TGI_percent_Day_17",205,8,0.449278264680561,0.264097823974058,-0.024390243902439,0.9542864261534
"TGI_percent_Day_17",206,8,0.742668215689343,0.0348022507660205,0.407407407407407,0.316429397723464
"TGI_percent_Day_17",207,8,0.334967688077844,0.417334791671118,-0.24390243902439,0.560495956966516
"TGI_percent_Day_17",208,8,0.893130882737789,0.00281203621883225,0.625,0.0975379943847654
"TGI_percent_Day_17",209,8,0.66425162296253,0.0723933554893666,0.225,0.592147037353516
"TGI_percent_Day_17",210,8,0.80953759087485,0.014899598134553,0.634146341463415,0.0912890821441658
"TGI_percent_Day_17",211,8,0.326170965738526,0.4304206930041,-0.185185185185185,0.660634430204336
"TGI_percent_Day_17",212,8,0.428312090661735,0.289727350445476,-0.146341463414634,0.729502115730516
"TGI_percent_Day_17",213,8,0.521553478001415,0.18495526791241,-0.024390243902439,0.9542864261534
"TGI_percent_Day_17",214,8,0.632411165952791,0.0924562614373041,0.146341463414634,0.729502115730517
"TGI_percent_Day_17",215,8,0.846823775772015,0.00798433251286266,0.842105263157895,0.0087124949365918
"TGI_percent_Day_17",216,8,0.428709928705414,0.289230196952508,-0.189873417721519,0.652451422291919
"TGI_percent_Day_17",217,8,0.602303419498864,0.114078612838642,0.24390243902439,0.560495956966516
"TGI_percent_Day_17",218,8,0.488054538922966,0.21983009030548,0.0379746835443038,0.928865891742792
"TGI_percent_Day_17",219,8,0.695354107580778,0.0555184479656485,0.439024390243902,0.276486445900293
"TGI_percent_Day_17",220,8,0.57271077015686,0.137871913499809,-0.024390243902439,0.9542864261534
"TGI_percent_Day_17",221,8,0.641580067595291,0.0863855288634697,0.253012048192771,0.54545933813052
"TGI_percent_Day_17",222,8,0.897806918733504,0.00246779716299044,1,0
"TGI_percent_Day_17",223,8,0.585119064489297,0.127587709934394,0.25,0.5504150390625
"TGI_percent_Day_17",224,8,0.496321102463441,0.210930354105559,0.0886075949367088,0.834728317893272
"TGI_percent_Day_17",225,8,0.748815972526669,0.0325311503660899,0.113924050632911,0.788233439851227
"TGI_percent_Day_17",226,8,0.936737735065452,0.000603305270541591,0.848101265822785,0.00779410868380385
"TGI_percent_Day_17",227,8,0.800455557320888,0.0170095235973056,0.69620253164557,0.0550950655487157
"TGI_percent_Day_17",228,8,0.794612936717481,0.0184605769882041,0.421686746987952,0.298067492674002
"TGI_percent_Day_17",229,8,0.677919796278089,0.0646506917310466,0.156626506024096,0.711092878662638
"TGI_percent_Day_17",230,8,0.327792635162768,0.427995496193963,-0.215189873417721,0.608801860963226
"TGI_percent_Day_17",231,8,0.83041200101354,0.0106951249442666,0.634146341463415,0.0912890821441658
"TGI_percent_Day_17",232,8,0.853186669046353,0.00706558002571456,0.63855421686747,0.0883625688449134
"TGI_percent_Day_17",233,8,0.635712989787449,0.0902426185348266,0.835616438356164,0.00978082574112047
"TGI_percent_Day_17",234,8,0.916988215163552,0.00134251976793887,0.62962962962963,0.0943451651056068
"TGI_percent_Day_17",235,8,0.587614357113463,0.125573239348212,0.113924050632911,0.788233439851227
"TGI_percent_Day_17",236,8,0.675322196916828,0.0660824427442235,0.240506329113924,0.566138469404116
"TGI_percent_Day_17",237,8,0.654664876006791,0.078133889200324,0.439024390243902,0.276486445900293
"TGI_percent_Day_17",238,8,0.566842239636097,0.142890650003587,0.111111111111111,0.793374993649342
"TGI_percent_Day_17",239,8,0.693801283535957,0.0562983647768261,0.518072289156627,0.188431668335035
"TGI_percent_Day_17",240,8,0.746312842248382,0.0334445353384947,0.325,0.432175440673828
"TGI_percent_Day_17",241,8,0.884697922710938,0.00350847280228068,0.924050632911392,0.00103380815542862
"TGI_percent_Day_17",242,8,0.675451335507487,0.0660108251184294,-0.0769230769230769,0.856337178454751
"TGI_percent_Day_17",243,8,0.292505730954941,0.482032119988427,-0.2,0.63488
"TGI_percent_Day_17",244,8,0.853149772611365,0.00707070221342609,0.842105263157895,0.0087124949365918
"TGI_percent_Day_17",245,8,0.773768391259188,0.0242574778295509,0.707317073170732,0.0497267470387709
"TGI_percent_Day_17",246,8,0.655248503409954,0.0777770624063691,0.4,0.32616
"TGI_percent_Day_17",247,8,-0.132035298347102,0.75529603451503,-0.68421052631579,0.0612600707806917
"TGI_percent_Day_17",248,8,0.670616680502993,0.0687234109908822,0.634146341463415,0.0912890821441658
"TGI_percent_Day_17",249,8,0.768303641145879,0.0259423657294439,0.590361445783133,0.123376267991455
"TGI_percent_Day_17",250,8,0.916162787209064,0.0013820857960442,0.975,3.83337402343747e-05
"TGI_percent_Day_17",251,8,0.861406046338443,0.00598275924206368,0.837837837837838,0.00940624141192286
"TGI_percent_Day_17",252,8,0.761121827924072,0.028264014923437,0.407407407407407,0.316429397723464
"TGI_percent_Day_17",253,8,0.428312090661735,0.289727350445476,-0.146341463414634,0.729502115730516
"TGI_percent_Day_17",254,8,0.703060676217562,0.0517436205677588,0.615384615384616,0.104365016307875
"TGI_percent_Day_17",255,8,0.725186713922821,0.0417798491490516,0.316455696202532,0.445069441835733
"TGI_percent_Day_17",256,8,0.319437575959833,0.440551681311793,-0.185185185185185,0.660634430204336
"TGI_percent_Day_17",257,8,0.0675654025095869,0.873699894411227,-0.620253164556962,0.100875222859378
"TGI_percent_Day_17",258,8,0.775616099179748,0.0237035741979947,0.63855421686747,0.0883625688449134
"TGI_percent_Day_17",259,8,0.637682056253322,0.088937243244243,0.113924050632911,0.788233439851227
"TGI_percent_Day_17",260,8,0.932304427585766,0.000736725801650522,0.924050632911392,0.00103380815542862
"TGI_percent_Day_17",261,8,0.83041200101354,0.0106951249442666,0.634146341463415,0.0912890821441658
"TGI_percent_Day_17",262,8,0.866917128125393,0.00532009588559648,0.851851851851852,0.00725239908517074
"TGI_percent_Day_17",263,8,0.613561871568391,0.105689046049919,0.24390243902439,0.560495956966516
"TGI_percent_Day_17",264,8,0.897413274460551,0.00249566054709665,0.753086419753086,0.0310085131644479
"TGI_percent_Day_17",265,8,0.833814285289266,0.010091566421056,0.79746835443038,0.0177421304392543
"TGI_percent_Day_17",266,8,0.677765834408564,0.0647350354289565,0.24390243902439,0.560495956966516
"TGI_percent_Day_17",267,8,0.557495898199407,0.151088711301068,-0.0632911392405063,0.881645645130732
"TGI_percent_Day_17",268,8,0.4746545300367,0.23466069429294,-0.189873417721519,0.652451422291919
"TGI_percent_Day_17",269,8,0.565519719356574,0.144035384239035,0.113924050632911,0.788233439851227
"TGI_percent_Day_17",270,8,0.75963622335169,0.0287596558833183,-0.0632911392405063,0.881645645130732
"TGI_percent_Day_17",271,8,0.667251337565373,0.0706497778008968,0.432432432432432,0.284598569995075
"TGI_percent_Day_17",272,8,0.696113172156838,0.0551395666253527,0.69620253164557,0.0550950655487157
"TGI_percent_Day_17",273,8,0.736985246145594,0.0369855902642705,0.721518987341772,0.043343002111805
"TGI_percent_Day_17",274,8,0.858824129824407,0.00631053251377492,0.743589743589744,0.0344558337392387
"TGI_percent_Day_17",275,8,0.888008764945126,0.00322315911928077,0.848101265822785,0.00779410868380385
"TGI_percent_Day_17",276,8,0.667607333253638,0.0704445156987365,0.225,0.592147037353516
"TGI_percent_Day_17",277,8,0.86359687626585,0.005713354105799,0.620253164556962,0.100875222859378
"TGI_percent_Day_17",278,8,0.772269622106639,0.02471261528876,0.566265060240964,0.143389618739712
"TGI_percent_Day_17",279,8,0.917878892309217,0.00130066230458834,0.620253164556962,0.100875222859378
"TGI_percent_Day_17",280,8,0.572928809680888,0.137687362383181,0.308641975308642,0.456997506224647
"TGI_percent_Day_17",281,8,0.85137384810156,0.00732005811921733,0.736842105263158,0.0370416328264742
"TGI_percent_Day_17",282,8,0.358558677243408,0.383102345749081,-0.185185185185185,0.660634430204336
"TGI_percent_Day_17",283,8,0.86547415996521,0.0054887961994422,0.75609756097561,0.0299617108971145
"TGI_percent_Day_17",284,8,0.999168401818828,1.4368442447206e-09,1,2.73691106313438e-47
"TGI_percent_Day_17",285,8,0.417107687161986,0.303898487544048,-0.0632911392405063,0.881645645130732
"TGI_percent_Day_17",286,8,0.824178754034083,0.0118591726599008,0.392405063291139,0.336280494675457
"TGI_percent_Day_17",287,8,0.701242349036403,0.0526199370430847,0.728395061728395,0.0404409294591197
"TGI_percent_Day_17",288,8,0.585427367575908,0.127337841406993,0.0410958904109589,0.923031918656945
"TGI_percent_Day_17",289,8,0.773351845832342,0.0243834461593885,0.620253164556962,0.100875222859378
"TGI_percent_Day_17",290,8,0.173392951762141,0.681345789960281,-0.518987341772152,0.187514534406167
"TGI_percent_Day_17",291,8,0.43332890429397,0.283488611227827,-0.175,0.678512669677734
"TGI_percent_Day_17",292,8,0.715281729736422,0.0460815128688745,0.634146341463415,0.0912890821441658
"TGI_percent_Day_17",293,8,0.825944478020997,0.0115216898321527,0.620253164556962,0.100875222859378
"TGI_percent_Day_17",294,8,0.883807751229159,0.00358786460028846,0.8,0.01712
"TGI_percent_Day_17",295,8,0.627015918218358,0.0961401965114489,0.45679012345679,0.255201343606103
"TGI_percent_Day_17",296,8,0.700773165377775,0.0528474869220916,0.341463414634146,0.407782409074504
"TGI_percent_Day_17",297,8,0.83422670095901,0.0100199102030387,0.835616438356164,0.00978082574112047
"TGI_percent_Day_17",298,8,0.793581681869757,0.0187244432180338,0.468354430379747,0.241804882823014
"TGI_percent_Day_17",299,8,0.734893083803511,0.0378098699227722,0.333333333333333,0.419753086419753
"TGI_percent_Day_17",300,8,0.64099130668255,0.0867681826669806,0.307692307692308,0.458455990282607
"TGI_percent_Day_17",301,8,0.801787693534482,0.0166890354016444,0.63855421686747,0.0883625688449134
"TGI_percent_Day_17",302,8,0.709695658627639,0.0486206016361528,0.341463414634146,0.407782409074504
"TGI_percent_Day_17",303,8,0.849366161718871,0.00760863137478065,0.848101265822785,0.00779410868380385
"TGI_percent_Day_17",304,8,0.863935553124428,0.00567241489450475,0.804878048780488,0.0159601987985088
"TGI_percent_Day_17",305,8,0.773894067791041,0.0242195511054205,0.125,0.768054962158203
"TGI_percent_Day_17",306,8,0.34764085010912,0.398786629579788,-0.578947368421053,0.132647361838117
"TGI_percent_Day_17",307,8,0.233396002082742,0.578015208255035,-0.523809523809524,0.182720750539714
"TGI_percent_Day_17",308,8,0.772269622106639,0.02471261528876,0.566265060240964,0.143389618739712
"TGI_percent_Day_17",309,8,0.557174388736131,0.151375201183102,0.146341463414634,0.729502115730517
"TGI_percent_Day_17",310,8,0.615598902240017,0.104209985645093,-0.024390243902439,0.9542864261534
"TGI_percent_Day_17",311,8,0.639313805077506,0.0878638272236864,0.240506329113924,0.566138469404116
"TGI_percent_Day_17",312,8,0.000598507382338421,0.998877798926105,-0.620253164556962,0.100875222859378
"TGI_percent_Day_17",313,8,0.9236121930256,0.00105146032786369,0.959183673469388,0.000164835680877654
"TGI_percent_Day_17",314,8,0.787149715702566,0.0204233587646476,0.736842105263158,0.0370416328264742
"TGI_percent_Day_17",315,8,0.557616866892799,0.150980995929408,0.341772151898734,0.407330756890686
"TGI_percent_Day_17",316,8,0.800815506165603,0.0169225496317199,0.590361445783133,0.123376267991455
"TGI_percent_Day_17",317,8,0.66593580282942,0.0714113499844108,0.341463414634146,0.407782409074504
"TGI_percent_Day_17",318,8,0.447718989734661,0.265963573049276,-0.164556962025316,0.696980493011756
"TGI_percent_Day_17",319,8,0.337399783337136,0.413747145258871,-0.315068493150685,0.447177633966065
"TGI_percent_Day_17",320,8,0.763015044946098,0.0276400611306216,0.487804878048781,0.220101844181823
"TGI_percent_Day_17",321,8,0.593997680002233,0.120501682023328,0.121951219512195,0.773598436910598
"TGI_percent_Day_17",322,8,0.814977199388926,0.0137188630327871,0.625,0.0975379943847654
"TGI_percent_Day_17",323,8,0.996180339785589,1.38921424079373e-07,1,0
"TGI_percent_Day_17",324,8,0.759124442266878,0.0289316316638322,0.463414634146342,0.247482670349255
"TGI_percent_Day_17",325,8,0.834464883489249,0.00997867400806946,0.926829268292683,0.000926422142911447
"TGI_percent_Day_17",326,8,0.68943349957923,0.058527049654654,0.349397590361446,0.396244333445432
"TGI_percent_Day_17",327,8,0.694243835341925,0.0560754275435498,0.407407407407407,0.316429397723464
"TGI_percent_Day_17",328,8,0.828728737004012,0.01100198771259,0.414634146341463,0.307070866237017
"TGI_percent_Day_17",329,8,0.74953933697401,0.0322700792315887,0.316455696202532,0.445069441835733
"TGI_percent_Day_17",330,8,0.70179355377653,0.0523533593774553,0.432432432432432,0.284598569995075
"TGI_percent_Day_17",331,8,0.781025293894206,0.0221273590826329,0.802469135802469,0.016526566994929
"TGI_percent_Day_17",332,8,0.770770244670068,0.025173191755551,0.620253164556962,0.100875222859378
"TGI_percent_Day_17",333,8,0.793910122267362,0.0186401514995735,0.634146341463415,0.0912890821441658
"TGI_percent_Day_17",334,8,0.50372155681223,0.203125663018402,-0.0769230769230769,0.856337178454751
"TGI_percent_Day_17",335,8,0.853186669046353,0.00706558002571461,0.63855421686747,0.0883625688449134
"TGI_percent_Day_17",336,8,0.571844257888947,0.138606695581584,0.0731707317073171,0.863293782609012
"TGI_percent_Day_17",337,8,0.988098123746541,4.17735626574263e-06,1,0
"TGI_percent_Day_17",338,8,0.782994782287483,0.0215701097797502,0.634146341463415,0.0912890821441658
"TGI_percent_Day_17",339,8,0.82957333703554,0.010847328157527,0.5,0.20703125
"TGI_percent_Day_17",340,8,0.635189873139915,0.0905912655263181,0.0379746835443038,0.928865891742792
"TGI_percent_Day_17",341,8,0.81997380868806,0.0126878299242398,0.407407407407407,0.316429397723464
"TGI_percent_Day_17",342,8,0.716504511047031,0.0455366411390422,0.463414634146342,0.247482670349255
"TGI_percent_Day_17",343,8,0.636352671778654,0.0898173396062118,0.146341463414634,0.729502115730517
"TGI_percent_Day_17",344,8,0.74464185501236,0.0340629167120896,0.555555555555556,0.152822232383275
"TGI_percent_Day_17",345,8,0.408730517522544,0.314705993127959,-0.0410958904109589,0.923031918656945
"TGI_percent_Day_17",346,8,0.607647069584875,0.110051209833092,-0.0120481927710843,0.977411824587767
"TGI_percent_Day_17",347,8,0.641580067595291,0.0863855288634697,0.253012048192771,0.54545933813052
"TGI_percent_Day_17",348,8,0.224505278117627,0.592983294296752,-0.185185185185185,0.660634430204336
"TGI_percent_Day_17",349,8,0.56038650081901,0.148526340144002,0.234567901234568,0.576051906571553
"TGI_percent_Day_17",350,8,0.691055372753911,0.0576934534609566,0.341463414634146,0.407782409074504
"TGI_percent_Day_17",351,8,0.997343925236243,4.67514789257092e-08,1,0
"TGI_percent_Day_17",352,8,0.855950922766386,0.00668853837756884,0.926829268292683,0.000926422142911447
"TGI_percent_Day_17",353,8,0.606206773799904,0.111128646756648,0.0731707317073171,0.863293782609012
"TGI_percent_Day_17",354,8,0.856281041661695,0.00664439077530194,0.620253164556962,0.100875222859378
"TGI_percent_Day_17",355,8,0.812856986983747,0.0141717932472655,0.62962962962963,0.0943451651056068
"TGI_percent_Day_17",356,8,0.70350696832852,0.051529884899198,0.425,0.29388235961914
"TGI_percent_Day_17",357,8,0.609767839934541,0.108475586863846,0.24390243902439,0.560495956966516
"TGI_percent_Day_17",358,8,0.87109948273466,0.00485002988579113,0.746835443037975,0.033252559177418
"TGI_percent_Day_17",359,8,0.570407825556165,0.139829530534505,-0.0632911392405063,0.881645645130732
"TGI_percent_Day_17",360,8,0.504941871549641,0.201853500575881,0.0410958904109589,0.923031918656945
"TGI_percent_Day_17",361,8,0.621234212536306,0.100180221169863,0.24390243902439,0.560495956966516
"TGI_percent_Day_17",362,8,0.681254724277161,0.0628397123728337,0.341772151898734,0.407330756890686
"TGI_percent_Day_17",363,8,0.0399070684270441,0.925253652448297,-0.518987341772152,0.187514534406167
"TGI_percent_Day_17",364,8,0.553397964470426,0.154762580038224,0.111111111111111,0.793374993649342
"TGI_percent_Day_17",365,8,0.634211344984965,0.0912455234389351,0.240506329113924,0.566138469404116
"TGI_percent_Day_17",366,8,0.864517886091403,0.0056024630447408,0.802469135802469,0.016526566994929
"TGI_percent_Day_17",367,8,0.774068056069921,0.0241671055253088,0.432432432432432,0.284598569995075
"TGI_percent_Day_17",368,8,0.894285160993604,0.00272434782272005,0.634146341463415,0.0912890821441658
"TGI_percent_Day_17",369,8,0.849459827734574,0.00759500983725077,0.918918918918919,0.00125287413292553
"TGI_percent_Day_17",370,8,0.735215823537691,0.0376819926996036,0.6,0.11584
"TGI_percent_Day_17",371,8,0.653775641910163,0.0786793997935592,-0.0632911392405063,0.881645645130732
"TGI_percent_Day_17",372,8,0.789483882946389,0.0197961713712631,0.487804878048781,0.220101844181823
"TGI_percent_Day_17",373,8,-0.0666827655791015,0.875339958865857,-0.538461538461539,0.16856229446825
"TGI_percent_Day_17",374,8,0.657590697675111,0.0763546614799484,0.487804878048781,0.220101844181823
"TGI_percent_Day_17",375,8,0.853621993115467,0.00700532451130912,0.75609756097561,0.0299617108971145
"TGI_percent_Day_17",376,8,0.414796063759322,0.306862720532323,-0.24390243902439,0.560495956966516
"TGI_percent_Day_17",377,8,0.796693425117035,0.017935347204916,0.8,0.01712
"TGI_percent_Day_17",378,8,0.918362018180951,0.00127831808419809,0.924050632911392,0.00103380815542862
"TGI_percent_Day_17",379,8,0.658589672738114,0.0757526629659773,0.365853658536585,0.37277785416078
"TGI_percent_Day_17",380,8,0.235292928163297,0.57483839974971,-0.185185185185185,0.660634430204336
"TGI_percent_Day_17",381,8,0.827009440336841,0.0113211137863968,0.8,0.01712
"TGI_percent_Day_17",382,8,0.565799713784958,0.143792608303146,0.135802469135802,0.74848368865351
"TGI_percent_Day_17",383,8,0.869076669777743,0.00507389453938842,1,0
"TGI_percent_Day_17",384,8,-0.397168935714612,0.329915582057943,-0.904761904761905,0.00200827550542945
"TGI_percent_Day_17",385,8,0.609068935453395,0.108993409000885,0.518987341772152,0.187514534406167
"TGI_percent_Day_17",386,8,0.500546614313968,0.206455162936203,0.518987341772152,0.187514534406167
"TGI_percent_Day_17",387,8,0.739052884206581,0.0361818324954879,0.468354430379747,0.241804882823014
"TGI_percent_Day_17",388,8,0.820301398040175,0.012622000460202,0.75,0.0321044921874999
"TGI_percent_Day_17",389,8,0.782237149346418,0.0217834296077384,0.51219512195122,0.194378892157874
"TGI_percent_Day_17",390,8,0.771258484614805,0.0250226367123104,0.707317073170732,0.0497267470387709
"TGI_percent_Day_17",391,8,0.684955690311405,0.0608656062386615,0.414634146341463,0.307070866237017
"TGI_percent_Day_17",392,8,0.74407914559831,0.0342727207946564,1,0
"TGI_percent_Day_17",393,8,0.0506268280773363,0.905236773127707,-0.481481481481481,0.227042659068039
"TGI_percent_Day_17",394,8,0.71731416179426,0.04517801254024,0.4,0.32616
"TGI_percent_Day_17",395,8,0.667718896181958,0.0703802624760433,0.24390243902439,0.560495956966516
"TGI_percent_Day_17",396,8,0.847754018076597,0.00784552622677231,0.746835443037975,0.033252559177418
"TGI_percent_Day_17",397,8,0.558293394068864,0.150379366441192,-0.024390243902439,0.9542864261534
"TGI_percent_Day_17",398,8,0.697123261717897,0.0546377921881191,0.0410958904109589,0.923031918656945
"TGI_percent_Day_17",399,8,0.521712174575057,0.18479761162358,0.0731707317073171,0.863293782609012
"TGI_percent_Day_17",400,8,0.873577337625591,0.00458458380883443,0.634146341463415,0.0912890821441658
"TGI_percent_Day_17",401,8,0.565579738749898,0.143983323928676,0.24390243902439,0.560495956966516
"TGI_percent_Day_17",402,8,0.912183714021444,0.00158348372654321,1,3.42113882891805e-48
"TGI_percent_Day_17",403,8,0.58989700713162,0.123746171432882,0.156626506024096,0.711092878662638
"TGI_percent_Day_17",404,8,0.817146263322772,0.0132650446612715,0.634146341463415,0.0912890821441658
"TGI_percent_Day_17",405,8,0.15493176949298,0.714118155505212,-0.518987341772152,0.187514534406167
"TGI_percent_Day_17",406,8,0.137593519516037,0.745249803936891,-0.463414634146342,0.247482670349255
"TGI_percent_Day_17",407,8,0.65206904272057,0.0797325521444632,-0.037037037037037,0.930619036000442
"TGI_percent_Day_17",408,8,0.571245831738839,0.139115412101604,0.0731707317073171,0.863293782609012
"TGI_percent_Day_17",409,8,0.668508688620803,0.0699263793375662,0.146341463414634,0.729502115730517
"TGI_percent_Day_17",410,8,0.73748007471574,0.0367922533282499,0.51219512195122,0.194378892157874
"TGI_percent_Day_17",411,8,0.632128955652325,0.0926469023664269,0.125,0.768054962158203
"TGI_percent_Day_17",412,8,-0.570877752532291,0.139428826219189,-0.6,0.11584
"TGI_percent_Day_17",413,8,0.994001322732479,5.37217995863022e-07,1,0
"TGI_percent_Day_17",414,8,0.317938359526737,0.442820718796629,-0.28,0.5017946112
"TGI_percent_Day_17",415,8,0.636112847422053,0.0899766455209501,0.325,0.432175440673828
"TGI_percent_Day_17",416,8,0.69671941581756,0.0548380784279748,0.392405063291139,0.336280494675457
"TGI_percent_Day_17",417,8,0.823667496754825,0.0119580413244129,0.634146341463415,0.0912890821441658
"TGI_percent_Day_17",418,8,0.856110885253234,0.00666712286802654,0.62962962962963,0.0943451651056068
"TGI_percent_Day_17",419,8,0.911890759446338,0.00159902162592302,0.975609756097561,3.56131131902034e-05
"TGI_percent_Day_17",420,8,0.595647552016934,0.119209966970007,0.234567901234568,0.576051906571553
"TGI_percent_Day_17",421,8,0.44833025859277,0.26523138130441,-0.0632911392405063,0.881645645130732
"TGI_percent_Day_17",422,8,0.562772863627802,0.146429103964421,0.0379746835443038,0.928865891742792
"TGI_percent_Day_17",423,8,0.636352671778654,0.0898173396062118,0.146341463414634,0.729502115730517
"TGI_percent_Day_17",424,8,0.822693017599155,0.0121479283260231,0.63855421686747,0.0883625688449134
"TGI_percent_Day_17",425,8,0.712056331720716,0.0475375645199612,0.333333333333333,0.419753086419753
"TGI_percent_Day_17",426,8,0.288744134086912,0.487943985579397,-0.170731707317073,0.68604453895394
"TGI_percent_Day_17",427,8,0.926296166128797,0.000946430564909674,0.848101265822785,0.00779410868380385
"TGI_percent_Day_17",428,8,0.786764143955436,0.0205281366268935,0.746835443037975,0.033252559177418
"TGI_percent_Day_17",429,8,0.883820039616867,0.0035867608252918,0.615384615384616,0.104365016307875
"TGI_percent_Day_17",430,8,0.5735727138148,0.137143155669805,0.333333333333333,0.419753086419753
"TGI_percent_Day_17",431,8,0.849781058518822,0.00754841247021275,0.842105263157895,0.0087124949365918
"TGI_percent_Day_17",432,8,0.637921864925809,0.0887790160513901,0.282051282051282,0.498531973667064
"TGI_percent_Day_17",433,8,0.390056974232547,0.339438545182429,-0.170731707317073,0.68604453895394
"TGI_percent_Day_17",434,8,0.231138618513248,0.581803437109387,-0.578947368421053,0.132647361838117
"TGI_percent_Day_17",435,8,0.69017694874727,0.0581440530978132,0.316455696202532,0.445069441835733
"TGI_percent_Day_17",436,8,0.903937452889459,0.00205956577663041,0.746835443037975,0.033252559177418
"TGI_percent_Day_17",437,8,0.609767839934541,0.108475586863846,0.24390243902439,0.560495956966516
"TGI_percent_Day_17",438,8,0.777930548172361,0.023020910012678,0.8,0.01712
"TGI_percent_Day_17",439,8,0.0554738787902228,0.896199671026109,-0.230769230769231,0.58242412326653
"TGI_percent_Day_17",440,8,0.656031236978867,0.0773000026856838,0.146341463414634,0.729502115730517
"TGI_percent_Day_17",441,8,0.703226915340311,0.0516639442219346,0.135802469135802,0.74848368865351
"TGI_percent_Day_17",442,8,0.650834959058475,0.0804992126032262,0.341463414634146,0.407782409074504
"TGI_percent_Day_17",443,8,0.782662499975904,0.0216635067616226,0.407407407407407,0.316429397723464
"TGI_percent_Day_17",444,8,0.655907474115807,0.0773753192446579,0.620253164556962,0.100875222859378
"TGI_percent_Day_17",445,8,0.995821105575221,1.81870414744319e-07,1,0
"TGI_percent_Day_17",446,8,0.84055253457789,0.00896101275102672,0.414634146341463,0.307070866237017
"TGI_percent_Day_17",447,8,0.848003864599353,0.0078085093001155,0.625,0.0975379943847654
"TGI_percent_Day_17",448,8,0.549044031035053,0.158718934675852,-0.024390243902439,0.9542864261534
"TGI_percent_Day_17",449,8,0.81149321621555,0.0144680378387795,0.634146341463415,0.0912890821441658
"TGI_percent_Day_17",450,8,0.719641414967359,0.0441566992115198,0.468354430379747,0.241804882823014
"TGI_percent_Day_17",451,8,0.682464275037457,0.0621904161722568,0.135802469135802,0.74848368865351
"TGI_percent_Day_17",452,8,0.488054538922966,0.21983009030548,0.0379746835443038,0.928865891742792
"TGI_percent_Day_17",453,8,0.545853581574079,0.161652670473279,0.121951219512195,0.773598436910598
"TGI_percent_Day_17",454,8,0.846823775772015,0.00798433251286264,0.842105263157895,0.0087124949365918
"TGI_percent_Day_17",455,8,0.850131335199924,0.00749781000784188,0.8,0.01712
"TGI_percent_Day_17",456,8,0.85790159488566,0.00643037215220681,0.407407407407407,0.316429397723464
"TGI_percent_Day_17",457,8,0.687830774025968,0.0593578150352776,0.51219512195122,0.194378892157874
"TGI_percent_Day_17",458,8,0.773894067791041,0.0242195511054205,0.125,0.768054962158203
"TGI_percent_Day_17",459,8,0.84331339187079,0.00852219637454192,0.848101265822785,0.00779410868380385
"TGI_percent_Day_17",460,8,0.911290757442891,0.00163115382943545,0.746835443037975,0.033252559177418
"TGI_percent_Day_17",461,8,0.639493722621529,0.087745933951489,0.24390243902439,0.560495956966516
"TGI_percent_Day_17",462,8,0.322886552099907,0.435350103243173,-0.170731707317073,0.68604453895394
"TGI_percent_Day_17",463,8,0.688940568368607,0.058781815585183,0.463414634146342,0.247482670349255
"TGI_percent_Day_17",464,8,0.582331291673849,0.129859554472661,0.113924050632911,0.788233439851227
"TGI_percent_Day_17",465,8,0.911858134555514,0.00160075811793992,0.848101265822785,0.00779410868380385
"TGI_percent_Day_17",466,8,0.684557591028803,0.0610761580252963,0.439024390243902,0.276486445900293
"TGI_percent_Day_17",467,8,0.304782142195329,0.462937089108001,-0.170731707317073,0.68604453895394
"TGI_percent_Day_17",468,8,0.730677960762734,0.039504304415527,0.102564102564103,0.809036692029818
"TGI_percent_Day_17",469,8,0.822693017599155,0.0121479283260231,0.63855421686747,0.0883625688449134
"TGI_percent_Day_17",470,8,0.977438587480801,2.8226757326399e-05,1,0
"TGI_percent_Day_17",471,8,0.655282905470559,0.077756058980198,0.24390243902439,0.560495956966516
"TGI_percent_Day_17",472,8,0.659906770399377,0.0749632243726516,0.365853658536585,0.37277785416078
"TGI_percent_Day_17",473,8,0.830145178020872,0.0107434010515181,0.707317073170732,0.0497267470387709
"TGI_percent_Day_17",474,8,0.763630269176545,0.027439146405689,0.414634146341463,0.307070866237017
"TGI_percent_Day_17",475,8,0.600798636782775,0.115227565361255,0.113924050632911,0.788233439851227
"TGI_percent_Day_17",476,8,0.680424968321295,0.0632874480678158,0.253012048192771,0.54545933813052
"TGI_percent_Day_17",477,8,0.934535523722218,0.000667399992580475,0.851851851851852,0.00725239908517074
"TGI_percent_Day_17",478,8,0.905573112834962,0.00195862584127879,1,0
"TGI_percent_Day_17",479,8,0.786422949729408,0.0206211337711298,0.414634146341463,0.307070866237017
"TGI_percent_Day_17",480,8,0.746305647171485,0.0334471831575359,0.634146341463415,0.0912890821441658
"TGI_percent_Day_17",481,8,0.700527542312038,0.0529668466976601,-0.024390243902439,0.9542864261534
"TGI_percent_Day_17",482,8,0.329546574450647,0.425378987026114,-0.2,0.63488
"TGI_percent_Day_17",483,8,0.411053710471809,0.311690760161233,-0.0379746835443038,0.928865891742792
"TGI_percent_Day_17",484,8,0.355163797293197,0.387949705579655,-0.189873417721519,0.652451422291919
"TGI_percent_Day_17",485,8,0.733094086931078,0.0385275180422407,0.620253164556962,0.100875222859378
"TGI_percent_Day_17",486,8,0.62501064460944,0.0975305831463141,0.475,0.234272098388672
"TGI_percent_Day_17",487,8,0.634620081333223,0.0909719054543716,0.253012048192771,0.54545933813052
"TGI_percent_Day_17",488,8,0.622270448987657,0.0994491128047344,0.365853658536585,0.37277785416078
"TGI_percent_Day_17",489,8,0.687913619734975,0.0593147013326417,0.407407407407407,0.316429397723464
"TGI_percent_Day_17",490,8,0.641344960662781,0.0865382143601191,0.518987341772152,0.187514534406167
"TGI_percent_Day_17",491,8,0.86938445909741,0.00503941247893328,0.851851851851852,0.00725239908517074
"TGI_percent_Day_17",492,8,0.990148947008209,2.37232255395078e-06,1,2.73691106313438e-47
"TGI_percent_Day_17",493,8,0.832899992650509,0.010251579238456,0.79746835443038,0.0177421304392543
"TGI_percent_Day_17",494,8,0.41945742869315,0.3008995267955,0.392405063291139,0.336280494675457
"TGI_percent_Day_17",495,8,0.749551512362416,0.0322656960195321,0.341463414634146,0.407782409074504
"TGI_percent_Day_17",496,8,0.500546614313968,0.206455162936203,0.518987341772152,0.187514534406167
"TGI_percent_Day_17",497,8,0.399580562199257,0.326715137831763,0.0123456790123457,0.976854203839832
"TGI_percent_Day_17",498,8,-0.0205565684763366,0.961467291031202,-0.518987341772152,0.187514534406167
"TGI_percent_Day_17",499,8,0.870995998840195,0.00486132528804737,0.924050632911392,0.00103380815542862
"TGI_percent_Day_17",500,8,0.703964207016828,0.0513114572386098,0.62962962962963,0.0943451651056068
"TGI_percent_Day_17",501,8,0.823651001485052,0.0119612398766928,0.62962962962963,0.0943451651056068
"TGI_percent_Day_17",502,8,0.293765958697065,0.480057832357006,-0.287671232876712,0.489635358193826
"TGI_percent_Day_17",503,8,0.815465648424991,0.0136158284229435,0.924050632911392,0.00103380815542862
"TGI_percent_Day_17",504,8,0.823667496754826,0.0119580413244128,0.634146341463415,0.0912890821441658
"TGI_percent_Day_17",505,8,0.756195864602728,0.029927908333709,0.585365853658537,0.127387674311883
"TGI_percent_Day_17",506,8,0.556530349810924,0.151949985766946,0.4,0.32616
"TGI_percent_Day_17",507,8,0.616159412647995,0.103805094326031,0.135802469135802,0.74848368865351
"TGI_percent_Day_17",508,8,0.871667423707414,0.00478833853943975,0.53125,0.175454188138247
"TGI_percent_Day_17",509,8,0.553397964470426,0.154762580038224,0.111111111111111,0.793374993649342
"TGI_percent_Day_17",510,8,0.838590608315318,0.00928140614734912,0.634146341463415,0.0912890821441658
"TGI_percent_Day_17",511,8,0.638736322350724,0.0882428502303947,0.253012048192771,0.54545933813052
"TGI_percent_Day_17",512,8,0.733645937631925,0.0383065021632275,0.384615384615385,0.346809662449871
"TGI_percent_Day_17",513,8,0.84201923315445,0.00872614805092801,0.8,0.01712
"TGI_percent_Day_17",514,8,0.737178369313926,0.0369100606134234,0.432432432432432,0.284598569995075
"TGI_percent_Day_17",515,8,0.731845686806016,0.0390303607209479,0.536585365853659,0.170340970786708
"TGI_percent_Day_17",516,8,0.761181218090899,0.0282443109317128,0.615384615384616,0.104365016307875
"TGI_percent_Day_17",517,8,0.599663929476467,0.116098264804346,-0.024390243902439,0.9542864261534
"TGI_percent_Day_17",518,8,0.832217339305858,0.010372094765766,0.69620253164557,0.0550950655487157
"TGI_percent_Day_17",519,8,0.846691163562811,0.00800424672631737,0.804878048780488,0.0159601987985088
"TGI_percent_Day_17",520,8,0.802788822357329,0.0164506908652503,0.743589743589744,0.0344558337392387
"TGI_percent_Day_17",521,8,0.700107700642795,0.0531712412707678,0.414634146341463,0.307070866237017
"TGI_percent_Day_17",522,8,0.610640834055461,0.107830751871048,0.113924050632911,0.788233439851227
"TGI_percent_Day_17",523,8,0.81054364837016,0.0146765889220933,0.421686746987952,0.298067492674002
"TGI_percent_Day_17",524,8,0.470822284766984,0.238993383007126,-0.121951219512195,0.773598436910597
"TGI_percent_Day_17",525,8,0.777976236580572,0.0230075583199353,0.5,0.20703125
"TGI_percent_Day_17",526,8,0.659387919327163,0.0752736331020519,0.234567901234568,0.576051906571553
"TGI_percent_Day_17",527,8,-0.0531815662109304,0.900472419209125,-0.620253164556962,0.100875222859378
"TGI_percent_Day_17",528,8,0.610967491130102,0.10759003019272,0.4,0.32616
"TGI_percent_Day_17",529,8,0.684557591028803,0.0610761580252963,0.439024390243902,0.276486445900293
"TGI_percent_Day_17",530,8,0.932304427585767,0.000736725801650519,0.924050632911392,0.00103380815542862
"TGI_percent_Day_17",531,8,0.349865765072882,0.395568003687518,0.0410958904109589,0.923031918656945
"TGI_percent_Day_17",532,8,0.682464275037457,0.0621904161722567,0.135802469135802,0.74848368865351
"TGI_percent_Day_17",533,8,0.911389221363673,0.00162585219371157,0.974683544303797,3.97984255471566e-05
"TGI_percent_Day_17",534,8,0.63449132597622,0.0910580461564307,0.24390243902439,0.560495956966516
"TGI_percent_Day_17",535,8,0.553891787113587,0.154317296302476,0.0731707317073171,0.863293782609012
"TGI_percent_Day_17",536,8,0.831622743863372,0.0104777930725919,0.753086419753086,0.0310085131644479
"TGI_percent_Day_17",537,8,0.658977786953856,0.0755195320719064,0.540540540540541,0.166603118711555
"TGI_percent_Day_17",538,8,0.576848191813988,0.134393357877105,-0.024390243902439,0.9542864261534
"TGI_percent_Day_17",539,8,0.523932803140683,0.182599065549028,0.0731707317073171,0.863293782609012
"TGI_percent_Day_17",540,8,0.714665610713331,0.0463575393990679,0.518987341772152,0.187514534406167
"TGI_percent_Day_17",541,8,0.545586371861288,0.161899707714887,0.024390243902439,0.9542864261534
"TGI_percent_Day_17",542,8,0.521553478001415,0.18495526791241,-0.024390243902439,0.9542864261534
"TGI_percent_Day_17",543,8,0.472539397035746,0.23704703794022,0.113924050632911,0.788233439851227
"TGI_percent_Day_17",544,8,0.84212368853715,0.00870957256413894,0.804878048780488,0.0159601987985088
"TGI_percent_Day_17",545,8,0.40282101434584,0.322437839799016,0.102564102564103,0.809036692029818
"TGI_percent_Day_17",546,8,0.603563538069938,0.113121484332537,0.102564102564103,0.809036692029818
"TGI_percent_Day_17",547,8,0.844549258584196,0.00833028735151888,0.753086419753086,0.0310085131644479
"TGI_percent_Day_17",548,8,0.888155751072752,0.00321085310627446,0.923076923076923,0.00107327636125646
"TGI_percent_Day_17",549,8,0.627297908853676,0.0959455946359961,0.146341463414634,0.729502115730517
"TGI_percent_Day_17",550,8,0.912859192522264,0.001548032577147,0.972602739726027,5.03610200209817e-05
"TGI_percent_Day_17",551,8,0.885568660298985,0.0034319197300626,0.851851851851852,0.00725239908517074
"TGI_percent_Day_17",552,8,0.577807787760819,0.133593632871596,0.0843373493975904,0.842615712000411
"TGI_percent_Day_17",553,8,0.696113172156838,0.0551395666253527,0.69620253164557,0.0550950655487157
"TGI_percent_Day_17",554,8,0.995331378161534,2.53503633858305e-07,1,3.42113882891805e-48
"TGI_percent_Day_17",555,8,0.662006405046559,0.0737147705057412,0.425,0.29388235961914
"TGI_percent_Day_17",556,8,0.899597457558668,0.00234360111646609,0.917808219178082,0.00130395207243573
"TGI_percent_Day_17",557,8,0.715576005695958,0.0459500257579947,0.407407407407407,0.316429397723464
"TGI_percent_Day_17",558,8,0.465865442031696,0.244657374881751,0.102564102564103,0.809036692029818
"TGI_percent_Day_17",559,8,0.741827580768415,0.0351201088007956,0.0410958904109589,0.923031918656945
"TGI_percent_Day_17",560,8,0.449278264680561,0.264097823974058,-0.024390243902439,0.9542864261534
"TGI_percent_Day_17",561,8,0.0407589836942946,0.923661504246299,-0.538461538461539,0.16856229446825
"TGI_percent_Day_17",562,8,0.678371711256131,0.0644034989008271,0.349397590361446,0.396244333445432
"TGI_percent_Day_17",563,8,0.840875545822905,0.00890894765716815,0.424657534246575,0.294313618526343
"TGI_percent_Day_17",564,8,-0.0706475563788851,0.867975931092355,-0.621621621621622,0.0999065282646043
"TGI_percent_Day_17",565,8,0.556776187909765,0.151730441926258,0.384615384615385,0.346809662449871
"TGI_percent_Day_17",566,8,0.684084632667171,0.061326864219566,0.634146341463415,0.0912890821441658
"TGI_percent_Day_17",567,8,0.580457722687165,0.131398989154456,0.146341463414634,0.729502115730517
"TGI_percent_Day_17",568,8,0.665937917057172,0.0714101221855278,0.24390243902439,0.560495956966516
"TGI_percent_Day_17",569,8,0.682386461172765,0.0622320667932707,0.146341463414634,0.729502115730517
"TGI_percent_Day_17",570,8,0.50887891808093,0.197777840960981,-0.0632911392405063,0.881645645130732
"TGI_percent_Day_17",571,8,0.871512492041935,0.0048051173391348,0.746835443037975,0.033252559177418
"TGI_percent_Day_17",572,8,0.910892825789853,0.00165269439795708,0.925925925925926,0.000960491276443564
"TGI_percent_Day_17",573,8,0.772471576098612,0.0246509814080349,0.342465753424658,0.406316873398979
"TGI_percent_Day_17",574,8,0.779312366197592,0.0226192200692233,0.620253164556962,0.100875222859378
"TGI_percent_Day_17",575,8,0.908169401205018,0.00180509800587179,0.975609756097561,3.56131131902034e-05
"TGI_percent_Day_17",576,8,0.901681270534374,0.00220425309483334,0.634146341463415,0.0912890821441658
"TGI_percent_Day_17",577,8,0.801787693534481,0.0166890354016444,0.63855421686747,0.0883625688449134
"TGI_percent_Day_17",578,8,0.872473307524649,0.00470167001317171,0.802469135802469,0.016526566994929
"TGI_percent_Day_17",579,8,0.67230690979092,0.0677677325148223,0.341463414634146,0.407782409074504
"TGI_percent_Day_17",580,8,0.70234629704509,0.0520868525972798,0.634146341463415,0.0912890821441658
"TGI_percent_Day_17",581,8,0.784568652326755,0.0211311351712609,0.407407407407407,0.316429397723464
"TGI_percent_Day_17",582,8,0.58882959150294,0.12459867601479,0.121951219512195,0.773598436910598
"TGI_percent_Day_17",583,8,0.846153297636828,0.00808534177810093,0.924050632911392,0.00103380815542862
"TGI_percent_Day_17",584,8,0.700527542312038,0.0529668466976601,-0.024390243902439,0.9542864261534
"TGI_percent_Day_17",585,8,0.558293394068864,0.150379366441192,-0.024390243902439,0.9542864261534
"TGI_percent_Day_17",586,8,0.84503583342364,0.00825549255609944,0.62962962962963,0.0943451651056068
"TGI_percent_Day_17",587,8,0.794605233987649,0.0184625392101091,0.135802469135802,0.74848368865351
"TGI_percent_Day_17",588,8,0.796520848669226,0.0179785548376635,0.707317073170732,0.0497267470387709
"TGI_percent_Day_17",589,8,0.597426414568154,0.117826052879366,0.234567901234568,0.576051906571553
"TGI_percent_Day_17",590,8,0.705250292526152,0.0507000653465345,-0.037037037037037,0.930619036000442
"TGI_percent_Day_17",591,8,0.648911190371608,0.0817028798081405,0.333333333333333,0.419753086419753
"TGI_percent_Day_17",592,8,0.739507470403609,0.036006563635377,0.469879518072289,0.240065454942807
"TGI_percent_Day_17",593,8,0.544255790729892,0.163132893863826,0.05,0.9064061328125
"TGI_percent_Day_17",594,8,0.997312838068719,4.84111998945543e-08,1,0
"TGI_percent_Day_17",595,8,0.602273710829131,0.114101233333429,0.121951219512195,0.773598436910598
"TGI_percent_Day_17",596,8,0.213607686242095,0.611501998606433,-0.230769230769231,0.58242412326653
"TGI_percent_Day_17",597,8,0.55743692297106,0.151141240498087,0.146341463414634,0.729502115730517
"TGI_percent_Day_17",598,8,0.802145269039747,0.0166036585912978,0.62962962962963,0.0943451651056068
"TGI_percent_Day_17",599,8,0.601932304665024,0.114361365953982,0.365853658536585,0.37277785416078
"TGI_percent_Day_17",600,8,0.301046785521304,0.468714542036101,-0.578947368421053,0.132647361838117
"TGI_percent_Day_17",601,8,0.71640117035856,0.045582538422048,0.414634146341463,0.307070866237017
"TGI_percent_Day_17",602,8,0.652677061027715,0.0793564021767267,0.24390243902439,0.560495956966516
"TGI_percent_Day_17",603,8,0.672381935118826,0.067725495252856,-0.0632911392405063,0.881645645130732
"TGI_percent_Day_17",604,8,0.811037993377481,0.0145677829977833,0.736842105263158,0.0370416328264742
"TGI_percent_Day_17",605,8,0.428346259275966,0.289684635750503,-0.28125,0.499805469065905
"TGI_percent_Day_17",606,8,0.266614090901629,0.523283085110438,-0.481481481481481,0.227042659068039
"TGI_percent_Day_17",607,8,0.262117354362967,0.530577101245264,-0.518987341772152,0.187514534406167
"TGI_percent_Day_17",608,8,0.635105445248176,0.0906476079395782,0.0886075949367088,0.834728317893272
"TGI_percent_Day_17",609,8,0.759124442266878,0.0289316316638323,0.463414634146342,0.247482670349255
"TGI_percent_Day_17",610,8,0.808973823892071,0.0150254918650238,0.634146341463415,0.0912890821441658
"TGI_percent_Day_17",611,8,0.414796063759322,0.306862720532323,-0.24390243902439,0.560495956966516
"TGI_percent_Day_17",612,8,0.79719850001208,0.0178092659644834,0.634146341463415,0.0912890821441658
"TGI_percent_Day_17",613,8,0.855523325965885,0.00674600001819553,1,0
"TGI_percent_Day_17",614,8,0.74464185501236,0.0340629167120896,0.555555555555556,0.152822232383275
"TGI_percent_Day_17",615,8,0.450540616356801,0.262592147375279,-0.105263157894737,0.804084671089484
"TGI_percent_Day_17",616,8,0.612952684137193,0.106133681188181,0.721518987341772,0.043343002111805
"TGI_percent_Day_17",617,8,0.599663929476467,0.116098264804346,-0.024390243902439,0.9542864261534
"TGI_percent_Day_17",618,8,0.438320616839266,0.277347024653115,0.125,0.768054962158203
"TGI_percent_Day_17",619,8,0.730184536795206,0.0397056162718735,0.625,0.0975379943847654
"TGI_percent_Day_17",620,8,0.853621993115467,0.00700532451130913,0.75609756097561,0.0299617108971145
"TGI_percent_Day_17",621,8,0.58938223811566,0.124156887669902,-0.024390243902439,0.9542864261534
"TGI_percent_Day_17",622,8,0.860164951963921,0.00613891920095496,0.62962962962963,0.0943451651056068
"TGI_percent_Day_17",623,8,0.877451363032232,0.00418860768688886,1,2.73691106313438e-47
"TGI_percent_Day_17",624,8,0.246476592763439,0.556232301861335,-0.259259259259259,0.535232404809648
"TGI_percent_Day_17",625,8,0.65915816041742,0.0754113294266521,-0.0632911392405063,0.881645645130732
"TGI_percent_Day_17",626,8,0.471829584221964,0.23785062670907,-0.037037037037037,0.930619036000442
"TGI_percent_Day_17",627,8,0.926074100519953,0.000954847744378939,0.975609756097561,3.56131131902034e-05
"TGI_percent_Day_17",628,8,0.906074326614322,0.00192835157540543,0.589041095890411,0.124429494317035
"TGI_percent_Day_17",629,8,0.663323839214827,0.0729376964890792,-0.037037037037037,0.930619036000442
"TGI_percent_Day_17",630,8,0.757725465249263,0.0294049618921617,0.45679012345679,0.255201343606103
"TGI_percent_Day_17",631,8,0.528090306317592,0.178520714467222,0.121951219512195,0.773598436910598
"TGI_percent_Day_17",632,8,0.692346115579394,0.0570351392680316,-0.037037037037037,0.930619036000442
"TGI_percent_Day_17",633,8,0.619430089670394,0.101460437083786,0.432432432432432,0.284598569995075
"TGI_percent_Day_17",634,8,0.711687614541579,0.047705757644806,0.487804878048781,0.220101844181823
"TGI_percent_Day_17",635,8,0.676817198979449,0.0652561564131154,0.292682926829268,0.481754330094079
"TGI_percent_Day_17",636,8,0.475572882536056,0.2336284271293,-0.0632911392405063,0.881645645130732
"TGI_percent_Day_17",637,8,0.698938736270816,0.0537428235637802,-0.024390243902439,0.9542864261534
"TGI_percent_Day_17",638,8,-0.641927057034252,0.0861604694252527,-0.28,0.5017946112
"TGI_percent_Day_17",639,8,0.645120212794494,0.0841053584140258,0.349397590361446,0.396244333445432
"TGI_percent_Day_17",640,8,0.745503167992145,0.0337433049640009,0.625,0.0975379943847654
"TGI_percent_Day_17",641,8,0.636352671778654,0.0898173396062118,0.146341463414634,0.729502115730517
"TGI_percent_Day_17",642,8,0.335474276880037,0.41658641929955,-0.0769230769230769,0.856337178454751
"TGI_percent_Day_17",643,8,0.288744134086912,0.487943985579397,-0.170731707317073,0.68604453895394
"TGI_percent_Day_17",644,8,0.107098152718783,0.800721201596679,-0.463414634146342,0.247482670349255
"TGI_percent_Day_17",645,8,0.830865163541335,0.0106134498561514,0.392405063291139,0.336280494675457
"TGI_percent_Day_17",646,8,0.68108769770828,0.0629296881864621,-0.037037037037037,0.930619036000442
"TGI_percent_Day_17",647,8,0.642798553912929,0.0855967140356523,0.156626506024096,0.711092878662638
"TGI_percent_Day_17",648,8,0.84463915629674,0.00831643619593643,0.707317073170732,0.0497267470387709
"TGI_percent_Day_17",649,8,0.849595053718022,0.00757537182104339,0.615384615384616,0.104365016307875
"TGI_percent_Day_17",650,8,0.467442532366049,0.242847989071865,-0.09375,0.825246002525091
"TGI_percent_Day_17",651,8,0.695164192794622,0.055613485158134,-0.037037037037037,0.930619036000442
"TGI_percent_Day_17",652,8,0.745869103977166,0.0336080731659689,0.51219512195122,0.194378892157874
"TGI_percent_Day_17",653,8,0.48550619407833,0.222612104840657,-0.037037037037037,0.930619036000442
"TGI_percent_Day_17",654,8,-0.0531815662109304,0.900472419209125,-0.620253164556962,0.100875222859378
"TGI_percent_Day_17",655,8,0.862722258000146,0.00581995229997388,1,0
"TGI_percent_Day_17",656,8,0.867619246175962,0.00523922809299377,0.753086419753086,0.0310085131644479
"TGI_percent_Day_17",657,8,0.994779902984633,3.54220655561697e-07,1,0
"TGI_percent_Day_17",658,8,0.168538704793211,0.689923172824401,-0.6,0.11584
"TGI_percent_Day_17",659,8,0.719356887521814,0.0442808066299249,0.518987341772152,0.187514534406167
"TGI_percent_Day_17",660,8,0.68943349957923,0.058527049654654,0.349397590361446,0.396244333445432
"TGI_percent_Day_17",661,8,0.772269622106639,0.02471261528876,0.566265060240964,0.143389618739712
"TGI_percent_Day_17",662,8,0.869026658095593,0.00507951168030716,0.62962962962963,0.0943451651056068
"TGI_percent_Day_17",663,8,0.816762786815279,0.0133445774557096,0.392405063291139,0.336280494675457
"TGI_percent_Day_17",664,8,0.673313890267997,0.067202125441802,0.253012048192771,0.54545933813052
"TGI_percent_Day_17",665,8,0.621234212536306,0.100180221169863,0.24390243902439,0.560495956966516
"TGI_percent_Day_17",666,8,0.387292715494324,0.343173842828434,-0.185185185185185,0.660634430204336
"TGI_percent_Day_17",667,8,0.720060017488136,0.0439744927904065,0.51219512195122,0.194378892157874
"TGI_percent_Day_17",668,8,0.708484657944042,0.0491818985487276,0.333333333333333,0.419753086419753
"TGI_percent_Day_17",669,8,0.580457722687165,0.131398989154455,0.146341463414634,0.729502115730517
"TGI_percent_Day_17",670,8,0.819285647488948,0.0128268212649214,0.634146341463415,0.0912890821441658
"TGI_percent_Day_17",671,8,0.916129407224522,0.00138370160945064,1,0
"TGI_percent_Day_17",672,8,0.318941761226441,0.441301553838839,-0.215189873417721,0.608801860963226
"TGI_percent_Day_17",673,8,0.793575048729457,0.0187261480108035,0.615384615384616,0.104365016307875
"TGI_percent_Day_17",674,8,0.594518525707275,0.120093054759976,0.282051282051282,0.498531973667064
"TGI_percent_Day_17",675,8,0.654941812418449,0.0779644525813452,0.620253164556962,0.100875222859378
"TGI_percent_Day_17",676,8,0.614984836454652,0.10465459738477,0.333333333333333,0.419753086419753
"TGI_percent_Day_17",677,8,0.516737488181822,0.189773773457962,-0.037037037037037,0.930619036000442
"TGI_percent_Day_17",678,8,0.665937917057172,0.0714101221855278,0.24390243902439,0.560495956966516
"TGI_percent_Day_17",679,8,0.701242349036403,0.0526199370430847,0.728395061728395,0.0404409294591197
"TGI_percent_Day_17",680,8,0.469797672088836,0.240158641690358,-0.0632911392405063,0.881645645130732
"TGI_percent_Day_17",681,8,0.832928304871522,0.0102466002764632,0.620253164556962,0.100875222859378
"TGI_percent_Day_17",682,8,0.6189422087609,0.101808240734157,0.468354430379747,0.241804882823014
"TGI_percent_Day_17",683,8,0.592171464128406,0.121940611115294,0.468354430379747,0.241804882823014
"TGI_percent_Day_17",684,8,0.848273666117151,0.00776866109685152,0.8,0.01712
"TGI_percent_Day_17",685,8,0.684084632667171,0.061326864219566,0.634146341463415,0.0912890821441658
"TGI_percent_Day_17",686,8,0.764523822741785,0.0271489462723208,0.414634146341463,0.307070866237017
"TGI_percent_Day_17",687,8,0.681320972567316,0.0628040461319124,0.620253164556962,0.100875222859378
"TGI_percent_Day_17",688,8,0.677765834408564,0.0647350354289566,0.24390243902439,0.560495956966516
"TGI_percent_Day_17",689,8,0.773351845832342,0.0243834461593885,0.620253164556962,0.100875222859378
"TGI_percent_Day_17",690,8,0.677695175909596,0.064773765516502,0.407407407407407,0.316429397723464
"TGI_percent_Day_17",691,8,0.783448272794229,0.0214430487250221,0.625,0.0975379943847654
"TGI_percent_Day_17",692,8,0.682181460042826,0.0623418749040626,0.307692307692308,0.458455990282607
"TGI_percent_Day_17",693,8,0.92176289466971,0.00112808030746376,0.848101265822785,0.00779410868380385
"TGI_percent_Day_17",694,8,0.642015241173894,0.0861033269764766,0.275,0.509781307373047
"TGI_percent_Day_17",695,8,0.688940568368607,0.0587818155851829,0.463414634146342,0.247482670349255
"TGI_percent_Day_17",696,8,0.872266193316286,0.00472384695740144,0.848101265822785,0.00779410868380385
"TGI_percent_Day_17",697,8,0.667718896181958,0.0703802624760433,0.24390243902439,0.560495956966516
"TGI_percent_Day_17",698,8,0.724362685039081,0.0421280142908779,0.34375,0.404442485421896
"TGI_percent_Day_17",699,8,0.728713112343177,0.040309639929632,0.113924050632911,0.788233439851227
"TGI_percent_Day_17",700,8,0.483547067794565,0.22476316231752,-0.024390243902439,0.9542864261534
"TGI_percent_Day_17",701,8,0.91963686217255,0.00122056282761304,0.746835443037975,0.033252559177418
"TGI_percent_Day_17",702,8,0.544304501658478,0.163087658742908,-0.024390243902439,0.9542864261534
"TGI_percent_Day_17",703,8,0.289601956303983,0.486593317228447,-0.777777777777778,0.023065589595082
"TGI_percent_Day_17",704,8,0.706560779027414,0.0500815966471217,-0.0632911392405063,0.881645645130732
"TGI_percent_Day_17",705,8,0.547905756773811,0.159762261353605,0.113924050632911,0.788233439851227
"TGI_percent_Day_17",706,8,0.999032821694187,2.26018800049295e-09,1,0
"TGI_percent_Day_17",707,8,0.221580694565612,0.597934855458095,-0.578947368421053,0.132647361838117
"TGI_percent_Day_17",708,8,0.760318983271905,0.0285312079423997,0.746835443037975,0.033252559177418
"TGI_percent_Day_17",709,8,0.7627369208577,0.0277311854946546,0.392405063291139,0.336280494675457
"TGI_percent_Day_17",710,8,0.603687842681787,0.113027315860962,0.407407407407407,0.316429397723464
"TGI_percent_Day_17",711,8,0.659906770399377,0.0749632243726516,0.365853658536585,0.37277785416078
"TGI_percent_Day_17",712,8,0.836872854547065,0.00956782148413632,0.634146341463415,0.0912890821441658
"TGI_percent_Day_17",713,8,0.46925696209911,0.240774735761935,-0.108433734939759,0.798274813332511
"TGI_percent_Day_17",714,8,0.531247815174484,0.175456298681226,0.24390243902439,0.560495956966516
"TGI_percent_Day_17",715,8,0.858398639456293,0.0063656256257056,0.802469135802469,0.016526566994929
"TGI_percent_Day_17",716,8,0.637888000114762,0.0888013503607846,0.358024691358025,0.383863009028071
"TGI_percent_Day_17",717,8,0.6286991266641,0.0949819778807798,0.24390243902439,0.560495956966516
"TGI_percent_Day_17",718,8,0.792675432749611,0.0189582586620881,0.848101265822785,0.00779410868380385
"TGI_percent_Day_17",719,8,0.723231370643091,0.0426088688849134,0.113924050632911,0.788233439851227
"TGI_percent_Day_17",720,8,0.440920505523031,0.27417441840357,-0.146341463414634,0.729502115730516
"TGI_percent_Day_17",721,8,0.800174342874005,0.0170776675025941,0.634146341463415,0.0912890821441658
"TGI_percent_Day_17",722,8,0.6189422087609,0.101808240734157,0.468354430379747,0.241804882823014
"TGI_percent_Day_17",723,8,0.878989827691627,0.00403769213764962,0.848101265822785,0.00779410868380385
"TGI_percent_Day_17",724,8,0.698330799815987,0.0540415308513009,0.307692307692308,0.458455990282607
"TGI_percent_Day_17",725,8,0.748537305737099,0.03263206897146,0.634146341463415,0.0912890821441658
"TGI_percent_Day_17",726,8,0.883748061169999,0.00359322923403249,0.634146341463415,0.0912890821441658
"TGI_percent_Day_17",727,8,0.835120400074811,0.00986574173269754,0.392405063291139,0.336280494675457
"TGI_percent_Day_17",728,8,0.92176289466971,0.00112808030746376,0.848101265822785,0.00779410868380385
"TGI_percent_Day_17",729,8,0.693801283535957,0.0562983647768261,0.518072289156627,0.188431668335035
"TGI_percent_Day_17",730,8,0.715685907384885,0.045900978128463,0.468354430379747,0.241804882823014
"TGI_percent_Day_17",731,8,0.796406660151294,0.0180071797491087,0.518987341772152,0.187514534406167
"TGI_percent_Day_17",732,8,0.666432781601311,0.071123080455188,0.51219512195122,0.194378892157874
"TGI_percent_Day_17",733,8,0.899592047335358,0.00234397013757388,0.848101265822785,0.00779410868380385
"TGI_percent_Day_17",734,8,0.763408026742189,0.027511620132563,0.392405063291139,0.336280494675457
"TGI_percent_Day_17",735,8,0.773201613134417,0.0244289775559942,0.525,0.181547481689453
"TGI_percent_Day_17",736,8,0.33949633756781,0.410665106856059,-0.135135135135135,0.749689435807651
"TGI_percent_Day_17",737,8,0.702009719885307,0.0522490371196179,0.054054054054054,0.898845897271193
"TGI_percent_Day_17",738,8,0.869076669777743,0.00507389453938842,1,0
"TGI_percent_Day_17",739,8,0.669918337021426,0.0691205714004887,0.275,0.509781307373047
"TGI_percent_Day_17",740,8,0.642795073184615,0.0855989613806651,0.341463414634146,0.407782409074504
"TGI_percent_Day_17",741,8,0.581727864376847,0.130354259726291,-0.05,0.9064061328125
"TGI_percent_Day_17",742,8,0.878506852157852,0.0040846858157695,0.468354430379747,0.241804882823014
"TGI_percent_Day_17",743,8,0.7198806682117,0.0440525028987226,0.447368421052632,0.266383944879122
"TGI_percent_Day_17",744,8,0.235647464155826,0.574245317424128,-0.315068493150685,0.447177633966065
"TGI_percent_Day_17",745,8,0.865718737048372,0.00545996424909786,0.407407407407407,0.316429397723464
"TGI_percent_Day_17",746,8,0.86938445909741,0.00503941247893328,0.851851851851852,0.00725239908517074
"TGI_percent_Day_17",747,8,0.50887891808093,0.197777840960981,-0.0632911392405063,0.881645645130732
"TGI_percent_Day_17",748,8,0.572928809680888,0.137687362383181,0.308641975308642,0.456997506224647
"TGI_percent_Day_17",749,8,0.811046612680268,0.0145658903936977,0.341463414634146,0.407782409074504
"TGI_percent_Day_17",750,8,0.830044441261102,0.0107616631099743,0.620253164556962,0.100875222859378
"TGI_percent_Day_17",751,8,0.993998183257847,5.38060644879178e-07,1,3.42113882891805e-48
"TGI_percent_Day_17",752,8,0.791121452387743,0.0193634175319415,0.407407407407407,0.316429397723464
"TGI_percent_Day_17",753,8,0.867455134233327,0.00525805885709431,0.79746835443038,0.0177421304392543
"TGI_percent_Day_17",754,8,0.645120212794494,0.0841053584140259,0.349397590361446,0.396244333445432
"TGI_percent_Day_17",755,8,-0.699023208704361,0.0537013967811376,-0.641025641025641,0.0867458407693925
"TGI_percent_Day_17",756,8,0.769200848311446,0.0256609273417035,0.634146341463415,0.0912890821441658
"TGI_percent_Day_17",757,8,0.0240419591370303,0.95493869439617,-0.518987341772152,0.187514534406167
"TGI_percent_Day_17",758,8,0.85244899257391,0.00716843935119796,0.802469135802469,0.016526566994929
"TGI_percent_Day_17",759,8,0.398504381739438,0.328141519241608,-0.0379746835443038,0.928865891742792
"TGI_percent_Day_17",760,8,0.79835423909769,0.0175228502257548,0.746835443037975,0.033252559177418
"TGI_percent_Day_17",761,8,0.253981712030621,0.543867378033351,-0.341772151898734,0.407330756890686
"TGI_percent_Day_17",762,8,0.86047637592563,0.00609949223404299,0.802469135802469,0.016526566994929
"TGI_percent_Day_17",763,8,0.27265220781451,0.513548016797389,-0.215189873417721,0.608801860963226
"TGI_percent_Day_17",764,8,0.858633005510391,0.0063352416692923,0.848101265822785,0.00779410868380385
"TGI_percent_Day_17",765,8,0.462299633672515,0.248773472630201,-0.108433734939759,0.798274813332511
"TGI_percent_Day_17",766,8,0.742854060391711,0.0347322181484384,0.307692307692308,0.458455990282607
"TGI_percent_Day_17",767,8,0.432966220745975,0.283937409294107,-0.105263157894737,0.804084671089484
"TGI_percent_Day_17",768,8,0.916483917856636,0.00136660370576767,0.974683544303797,3.97984255471566e-05
"TGI_percent_Day_17",769,8,0.822693017599155,0.0121479283260231,0.63855421686747,0.0883625688449134
"TGI_percent_Day_17",770,8,0.0572816686436534,0.892831580044933,-0.538461538461539,0.16856229446825
"TGI_percent_Day_17",771,8,0.805670801403659,0.0157765146173502,0.620253164556962,0.100875222859378
"TGI_percent_Day_17",772,8,0.881044262314367,0.00384168845836321,0.79746835443038,0.0177421304392543
"TGI_percent_Day_17",773,8,0.865474159965209,0.00548879619944221,0.75609756097561,0.0299617108971145
"TGI_percent_Day_17",774,8,0.779497080274443,0.0225658567081264,0.590361445783133,0.123376267991455
"TGI_percent_Day_17",775,8,0.632411165952791,0.0924562614373041,0.146341463414634,0.729502115730517
"TGI_percent_Day_17",776,8,0.538514841534345,0.168511908745859,-0.024390243902439,0.9542864261534
"TGI_percent_Day_17",777,8,0.918558382905797,0.00126930839549204,0.780821917808219,0.0221854065027459
"TGI_percent_Day_17",778,8,0.256385807812216,0.539927656271464,-0.230769230769231,0.58242412326653
"TGI_percent_Day_17",779,8,0.76830364114588,0.0259423657294438,0.590361445783133,0.123376267991455
"TGI_percent_Day_17",780,8,0.132643238694906,0.754195724069813,-0.580246913580247,0.131572836527669
"TGI_percent_Day_17",781,8,0.477229511019333,0.231772194691645,-0.15,0.7229402734375
"TGI_percent_Day_17",782,8,0.751014367226596,0.0317417144430868,0.566265060240964,0.143389618739712
"TGI_percent_Day_17",783,8,0.902834167612631,0.00212952232200575,0.974683544303797,3.97984255471566e-05
"TGI_percent_Day_17",784,8,0.833686552769342,0.0101138253537775,0.79746835443038,0.0177421304392543
"TGI_percent_Day_17",785,8,0.603544622288463,0.11313581811099,0.24390243902439,0.560495956966516
"TGI_percent_Day_17",786,8,0.364571128379068,0.374583888840468,0.263157894736842,0.528885961344841
"TGI_percent_Day_17",787,8,0.756911350083703,0.0296825890168927,0.341463414634146,0.407782409074504
"TGI_percent_Day_17",788,8,0.904134652102086,0.0020472212876935,0.926829268292683,0.000926422142911447
"TGI_percent_Day_17",789,8,0.758866657655426,0.0290184952759228,0.714285714285714,0.0465282322841673
"TGI_percent_Day_17",790,8,0.49138697519314,0.216219416313525,-0.024390243902439,0.9542864261534
"TGI_percent_Day_17",791,8,0.586763955723676,0.126257757243549,0.407407407407407,0.316429397723464
"TGI_percent_Day_17",792,8,0.845316404043252,0.00821255917471083,0.634146341463415,0.0912890821441658
"TGI_percent_Day_17",793,8,0.330836709651223,0.423458700878421,0.232876712328767,0.578885910188631
"TGI_percent_Day_17",794,8,0.773768391259188,0.0242574778295509,0.707317073170732,0.0497267470387709
"TGI_percent_Day_17",795,8,0.914395981758089,0.00146931169639905,0.924050632911392,0.00103380815542862
"TGI_percent_Day_17",796,8,0.589392872314249,0.124148395281073,-0.024390243902439,0.9542864261534
"TGI_percent_Day_17",797,8,0.734893083803511,0.0378098699227721,0.333333333333333,0.419753086419753
"TGI_percent_Day_17",798,8,0.925892447968305,0.000961769363876415,0.851851851851852,0.00725239908517074
"TGI_percent_Day_17",799,8,0.748815972526669,0.0325311503660899,0.113924050632911,0.788233439851227
"TGI_percent_Day_17",800,8,0.939621135953357,0.000525675383142546,0.746835443037975,0.033252559177418
"TGI_percent_Day_17",801,8,0.686394000439673,0.0601084946085103,0.34375,0.404442485421896
"TGI_percent_Day_17",802,8,0.830164730144023,0.0107398588220838,0.407407407407407,0.316429397723464
"TGI_percent_Day_17",803,8,0.439282292292467,0.276171411140286,-0.189873417721519,0.652451422291919
"TGI_percent_Day_17",804,8,0.243110877739102,0.561809342489188,-0.481481481481481,0.227042659068039
"TGI_percent_Day_17",805,8,0.730324697815655,0.0396483687621684,0.316455696202532,0.445069441835733
"TGI_percent_Day_17",806,8,0.745869103977166,0.0336080731659689,0.51219512195122,0.194378892157874
"TGI_percent_Day_17",807,8,-0.0149342935565557,0.972002362855559,-0.580246913580247,0.131572836527669
"TGI_percent_Day_17",808,8,0.600798636782776,0.115227565361255,0.113924050632911,0.788233439851227
"TGI_percent_Day_17",809,8,0.677769897071533,0.0647328089760805,0.234567901234568,0.576051906571553
"TGI_percent_Day_17",810,8,0.754214183730946,0.0306138651739143,0.536585365853659,0.170340970786708
"TGI_percent_Day_17",811,8,0.683850164518875,0.0614513776682731,0.414634146341463,0.307070866237017
"TGI_percent_Day_17",812,8,0.800487772105995,0.0170017282000567,0.392405063291139,0.336280494675457
"TGI_percent_Day_17",813,8,0.47697575893399,0.232056029165048,0.0769230769230769,0.856337178454751
"TGI_percent_Day_17",814,8,0.803359901588429,0.0163156921572881,0.414634146341463,0.307070866237017
"TGI_percent_Day_17",815,8,0.932304427585767,0.00073672580165051,0.924050632911392,0.00103380815542862
"TGI_percent_Day_17",816,8,0.0619310857027835,0.884175790366724,-0.538461538461539,0.16856229446825
"TGI_percent_Day_17",817,8,0.84530018569274,0.00821503705245896,0.634146341463415,0.0912890821441658
"TGI_percent_Day_17",818,8,0.431134844957481,0.28620891932101,-0.215189873417721,0.608801860963226
"TGI_percent_Day_17",819,8,0.577807787760819,0.133593632871596,0.0843373493975904,0.842615712000411
"TGI_percent_Day_17",820,8,0.997529000479271,3.7648943002985e-08,1,0
"TGI_percent_Day_17",821,8,0.788869411308753,0.0199600971119081,0.560975609756098,0.148007079914522
"TGI_percent_Day_17",822,8,0.902539722945446,0.00214844933661948,0.85,0.00751675781249998
"TGI_percent_Day_17",823,8,0.74012763779755,0.0357682912628988,0.341463414634146,0.407782409074504
"TGI_percent_Day_17",824,8,0.011609173073478,0.978234756160548,-0.518987341772152,0.187514534406167
"TGI_percent_Day_17",825,8,0.816265761700901,0.013448106442757,1,0
"TGI_percent_Day_17",826,8,0.550905193684962,0.157021047798953,0.135802469135802,0.74848368865351
"TGI_percent_Day_17",827,8,0.55366810983514,0.154518900852992,0.121951219512195,0.773598436910598
"TGI_percent_Day_17",828,8,0.81054364837016,0.0146765889220934,0.421686746987952,0.298067492674002
"TGI_percent_Day_17",829,8,0.748727136460058,0.032563301358157,0.707317073170732,0.0497267470387709
"TGI_percent_Day_17",830,8,0.334967688077844,0.417334791671118,-0.24390243902439,0.560495956966516
"TGI_percent_Day_17",831,8,0.916973909913863,0.00134319910718037,1,0
"TGI_percent_Day_17",832,8,0.569191817942581,0.140869372362154,0.253012048192771,0.54545933813052
"TGI_percent_Day_17",833,8,0.500359558436653,0.206652210029045,0.113924050632911,0.788233439851227
"TGI_percent_Day_17",834,8,0.414796063759322,0.306862720532323,-0.24390243902439,0.560495956966516
"TGI_percent_Day_17",835,8,0.735075352663826,0.0377376181863828,0.349397590361446,0.396244333445432
"TGI_percent_Day_17",836,8,0.0825483095752735,0.845923610444246,-0.538461538461539,0.16856229446825
"TGI_percent_Day_17",837,8,0.634620081333223,0.0909719054543713,0.253012048192771,0.54545933813052
"TGI_percent_Day_17",838,8,0.757725465249263,0.0294049618921617,0.45679012345679,0.255201343606103
"TGI_percent_Day_17",839,8,0.50236462041093,0.20454518146076,0.0410958904109589,0.923031918656945
"TGI_percent_Day_17",840,8,0.388645722643791,0.341343183798939,-0.024390243902439,0.9542864261534
"TGI_percent_Day_17",841,8,0.451451052876981,0.261508882863125,-0.287671232876712,0.489635358193826
"TGI_percent_Day_17",842,8,0.639721940564292,0.0875965232452702,-0.0632911392405063,0.881645645130732
"TGI_percent_Day_17",843,8,0.693801283535957,0.056298364776826,0.518072289156627,0.188431668335035
"TGI_percent_Day_17",844,8,0.206758852164095,0.623233933406327,-0.463414634146342,0.247482670349255
"TGI_percent_Day_17",845,8,0.469797672088836,0.240158641690358,-0.0632911392405063,0.881645645130732
"TGI_percent_Day_17",846,8,0.637156226605759,0.0892847600610635,0.468354430379747,0.241804882823014
"TGI_percent_Day_17",847,8,0.724673575237087,0.0419964524648445,0.487804878048781,0.220101844181823
"TGI_percent_Day_17",848,8,0.701942671162238,0.0522813816355592,0.333333333333333,0.419753086419753
"TGI_percent_Day_17",849,8,0.83809252748277,0.0093638864918447,0.634146341463415,0.0912890821441658
"TGI_percent_Day_17",850,8,0.53672909957361,0.170204349389521,-0.0632911392405063,0.881645645130732
"TGI_percent_Day_17",851,8,0.552433544729601,0.155634229520049,-0.024390243902439,0.9542864261534
"TGI_percent_Day_17",852,8,0.787742161124183,0.0202630141353197,0.62962962962963,0.0943451651056068
"TGI_percent_Day_17",853,8,0.738105372774295,0.0365488234589221,0.407407407407407,0.316429397723464
"TGI_percent_Day_17",854,8,0.997354454788512,4.61980307797666e-08,1,0
"TGI_percent_Day_17",855,8,0.815513660653425,0.0136057270097016,0.414634146341463,0.307070866237017
"TGI_percent_Day_17",856,8,0.667360703218053,0.0705866816679634,0.240506329113924,0.566138469404116
"TGI_percent_Day_17",857,8,0.714176752375183,0.0465772602993412,0.468354430379747,0.241804882823014
"TGI_percent_Day_17",858,8,0.0834169744805055,0.844317218201358,-0.643835616438356,0.0849286568753827
"TGI_percent_Day_17",859,8,0.601754808227872,0.114496740996713,0.113924050632911,0.788233439851227
"TGI_percent_Day_17",860,8,0.7877049192962,0.020273070399004,0.589041095890411,0.124429494317035
"TGI_percent_Day_17",861,8,0.452819959051034,0.25988432392649,-0.037037037037037,0.930619036000442
"TGI_percent_Day_17",862,8,0.731559421639661,0.0391462249736836,0.392405063291139,0.336280494675457
"TGI_percent_Day_17",863,8,0.762861172756496,0.0276904528334537,0.414634146341463,0.307070866237017
"TGI_percent_Day_17",864,8,0.0240419591370303,0.95493869439617,-0.518987341772152,0.187514534406167
"TGI_percent_Day_17",865,8,0.687856991729598,0.0593441690728872,0.575,0.135941126708984
"TGI_percent_Day_17",866,8,0.514864198220846,0.191665849248498,-0.108108108108108,0.798871133067875
"TGI_percent_Day_17",867,8,0.477247352501592,0.231752244792513,0.291139240506329,0.484176479990479
"TGI_percent_Day_17",868,8,0.665937917057172,0.0714101221855278,0.24390243902439,0.560495956966516
"TGI_percent_Day_17",869,8,0.76468022312173,0.0270983477211199,0.62962962962963,0.0943451651056068
"TGI_percent_Day_17",870,8,0.706889759856622,0.0499270539794222,0.51219512195122,0.194378892157874
"TGI_percent_Day_17",871,8,0.66425162296253,0.0723933554893666,0.225,0.592147037353516
"TGI_percent_Day_17",872,8,0.0999574506706731,0.813824443042672,-0.580246913580247,0.131572836527669
"TGI_percent_Day_17",873,8,0.799988120949333,0.0171228867617148,0.710843373493976,0.0480922136045094
"TGI_percent_Day_17",874,8,0.72738084560168,0.0408613255536641,-0.024390243902439,0.9542864261534
"TGI_percent_Day_17",875,8,0.275628749716783,0.508774345905951,-0.538461538461539,0.16856229446825
"TGI_percent_Day_17",876,8,0.486997779409986,0.220981553406519,-0.037037037037037,0.930619036000442
"TGI_percent_Day_17",877,8,0.700282604868747,0.0530860340447584,0.234567901234568,0.576051906571553
"TGI_percent_Day_17",878,8,0.69816102328371,0.0541251270281461,0.615384615384616,0.104365016307875
"TGI_percent_Day_17",879,8,0.107098152718783,0.800721201596679,-0.463414634146342,0.247482670349255
"TGI_percent_Day_17",880,8,0.698938736270816,0.0537428235637802,-0.024390243902439,0.9542864261534
"TGI_percent_Day_17",881,8,0.883702187466646,0.00359735563955825,1,0
"TGI_percent_Day_17",882,8,0.786127815167073,0.0207017880297995,0.620253164556962,0.100875222859378
"TGI_percent_Day_17",883,8,-0.0530343652993841,0.900746866211504,-0.620253164556962,0.100875222859378
"TGI_percent_Day_17",884,8,0.545853581574079,0.161652670473278,0.121951219512195,0.773598436910598
"TGI_percent_Day_17",885,8,0.655041865273909,0.0779032906472785,0.414634146341463,0.307070866237017
"TGI_percent_Day_17",886,8,0.796520848669225,0.0179785548376635,0.707317073170732,0.0497267470387709
"TGI_percent_Day_17",887,8,0.823612086506068,0.0119687879149164,0.62962962962963,0.0943451651056068
"TGI_percent_Day_17",888,8,0.677121315034413,0.0650888245897949,0.2,0.63488
"TGI_percent_Day_17",889,8,0.563647510664382,0.14566453995534,-0.0632911392405063,0.881645645130732
"TGI_percent_Day_17",890,8,0.404737206854715,0.319921019875257,0.215189873417721,0.608801860963225
"TGI_percent_Day_17",891,8,0.889700101472903,0.00308338749667008,0.75609756097561,0.0299617108971145
"TGI_percent_Day_17",892,8,0.784669006338298,0.0211033353232236,0.421686746987952,0.298067492674002
"TGI_percent_Day_17",893,8,0.758205812521209,0.0292419078821002,0.615384615384616,0.104365016307875
"TGI_percent_Day_17",894,8,0.667360703218053,0.0705866816679634,0.240506329113924,0.566138469404116
"TGI_percent_Day_17",895,8,0.932500468519791,0.000730453811153526,0.917808219178082,0.00130395207243573
"TGI_percent_Day_17",896,8,0.73711265005358,0.0369357525674915,0.341463414634146,0.407782409074504
"TGI_percent_Day_17",897,8,0.727609352242255,0.0407663783036598,0.113924050632911,0.788233439851227
"TGI_percent_Day_17",898,8,0.701882376279268,0.052310478330287,0.487804878048781,0.220101844181823
"TGI_percent_Day_17",899,8,0.706352561815694,0.0501795575698918,0.4,0.32616
"TGI_percent_Day_17",900,8,0.678468810319196,0.06435045992902,-0.024390243902439,0.9542864261534
"TGI_percent_Day_17",901,8,0.389920174443352,0.339622955450434,-0.185185185185185,0.660634430204336
"TGI_percent_Day_17",902,8,0.55366810983514,0.154518900852992,0.121951219512195,0.773598436910598
"TGI_percent_Day_17",903,8,0.579277501657682,0.132373930165892,0.0379746835443038,0.928865891742792
"TGI_percent_Day_17",904,8,0.50777225436001,0.198919042431156,0.0123456790123457,0.976854203839832
"TGI_percent_Day_17",905,8,0.685951979172035,0.0603405701400038,0.215189873417721,0.608801860963225
"TGI_percent_Day_17",906,8,0.851343787905326,0.00732432639608431,1,0
"TGI_percent_Day_17",907,8,0.572928809680888,0.137687362383181,0.308641975308642,0.456997506224647
"TGI_percent_Day_17",908,8,0.682169446809904,0.0623483133139937,0.439024390243902,0.276486445900293
"TGI_percent_Day_17",909,8,0.876212237070342,0.00431276358077526,0.925925925925926,0.000960491276443564
"TGI_percent_Day_17",910,8,0.755923156898028,0.0300217390304477,0.432432432432432,0.284598569995075
"TGI_percent_Day_17",911,8,0.83455848029649,0.00996249924374306,0.848101265822785,0.00779410868380385
"TGI_percent_Day_17",912,8,0.472798306961474,0.236754267637727,-0.150684931506849,0.72171342613154
"TGI_percent_Day_17",913,8,0.693801283535957,0.0562983647768261,0.518072289156627,0.188431668335035
"TGI_percent_Day_17",914,8,0.609767839934541,0.108475586863846,0.24390243902439,0.560495956966516
"TGI_percent_Day_17",915,8,0.643792619803373,0.0849562941080771,0.316455696202532,0.445069441835733
"TGI_percent_Day_17",916,8,0.868271892456485,0.00516476961299175,0.923076923076923,0.00107327636125646
"TGI_percent_Day_17",917,8,0.364290431103254,0.374979681918591,-0.037037037037037,0.930619036000442
"TGI_percent_Day_17",918,8,0.557174388736131,0.151375201183102,0.146341463414634,0.729502115730517
"TGI_percent_Day_17",919,8,0.650454451646245,0.0807364626284521,0.24390243902439,0.560495956966516
"TGI_percent_Day_17",920,8,0.761007237543588,0.0283020567376263,0.432432432432432,0.284598569995075
"TGI_percent_Day_17",921,8,0.67813549323422,0.0645326377370718,0.555555555555556,0.152822232383275
"TGI_percent_Day_17",922,8,0.561636407858903,0.147425821182942,-0.05,0.9064061328125
"TGI_percent_Day_17",923,8,0.782237149346418,0.0217834296077383,0.51219512195122,0.194378892157874
"TGI_percent_Day_17",924,8,0.589392872314249,0.124148395281073,-0.024390243902439,0.9542864261534
"TGI_percent_Day_17",925,8,0.822693017599155,0.0121479283260231,0.63855421686747,0.0883625688449134
"TGI_percent_Day_17",926,8,0.794891689324765,0.018389654194587,0.351351351351351,0.393425255498471
"TGI_percent_Day_17",927,8,0.866221305775782,0.00540102422366857,0.924050632911392,0.00103380815542862
"TGI_percent_Day_17",928,8,0.58629196205356,0.12663858202672,0.308641975308642,0.456997506224647
"TGI_percent_Day_17",929,8,0.691055372753911,0.0576934534609566,0.341463414634146,0.407782409074504
"TGI_percent_Day_17",930,8,0.563170797484193,0.146080980477135,-0.0769230769230769,0.856337178454751
"TGI_percent_Day_17",931,8,0.648076645492958,0.0822282814117145,0.135802469135802,0.74848368865351
"TGI_percent_Day_17",932,8,0.519111588760449,0.187390188412204,-0.037037037037037,0.930619036000442
"TGI_percent_Day_17",933,8,0.668498984090013,0.0699319459020835,0.289473684210526,0.486795192697768
"TGI_percent_Day_17",934,8,0.856322669688752,0.00663883702155028,0.62962962962963,0.0943451651056068
"TGI_percent_Day_17",935,8,0.893130882737789,0.00281203621883228,0.625,0.0975379943847654
"TGI_percent_Day_17",936,8,0.749600334191246,0.0322481235391946,0.487804878048781,0.220101844181823
"TGI_percent_Day_17",937,8,0.551038783625911,0.156899560799302,0.432432432432432,0.284598569995075
"TGI_percent_Day_17",938,8,0.774612157495874,0.0240035505581324,0.620253164556962,0.100875222859378
"TGI_percent_Day_17",939,8,0.43332890429397,0.283488611227827,-0.175,0.678512669677734
"TGI_percent_Day_17",940,8,0.552433544729601,0.155634229520048,-0.024390243902439,0.9542864261534
"TGI_percent_Day_17",941,8,0.665519673822547,0.0716532511665014,0.253012048192771,0.54545933813052
"TGI_percent_Day_17",942,8,0.749600334191246,0.0322481235391946,0.487804878048781,0.220101844181823
"TGI_percent_Day_17",943,8,0.921953723251335,0.00112001068498313,0.923076923076923,0.00107327636125646
"TGI_percent_Day_17",944,8,0.637372844514972,0.089141503876481,0.253012048192771,0.54545933813052
"TGI_percent_Day_17",945,8,0.742849298019193,0.0347340116959233,0.487804878048781,0.220101844181823
"TGI_percent_Day_17",946,8,0.726043763657611,0.0414195897296836,0.566265060240964,0.143389618739712
"TGI_percent_Day_17",947,8,0.751014367226595,0.0317417144430868,0.566265060240964,0.143389618739712
"TGI_percent_Day_17",948,8,-0.264204585759748,0.527186831741549,-0.263157894736842,0.528885961344841
"TGI_percent_Day_17",949,8,0.695123221381569,0.0556340008225617,0.341463414634146,0.407782409074504
"TGI_percent_Day_17",950,8,0.87247242796507,0.00470176405104285,0.804878048780488,0.0159601987985088
"TGI_percent_Day_17",951,8,0.534118696652903,0.172694806151634,-0.230769230769231,0.58242412326653
"TGI_percent_Day_17",952,8,0.739507470403609,0.036006563635377,0.469879518072289,0.240065454942807
"TGI_percent_Day_17",953,8,0.652677061027714,0.0793564021767267,0.24390243902439,0.560495956966516
"TGI_percent_Day_17",954,8,0.717750318006129,0.0449855301804905,0.341463414634146,0.407782409074504
"TGI_percent_Day_17",955,8,0.91961160304417,0.00122169029073994,0.75609756097561,0.0299617108971145
"TGI_percent_Day_17",956,8,0.811037993377481,0.0145677829977833,0.736842105263158,0.0370416328264742
"TGI_percent_Day_17",957,8,0.539076196500695,0.167981772256576,-0.024390243902439,0.9542864261534
"TGI_percent_Day_17",958,8,0.911511537354228,0.00161928191138333,0.848101265822785,0.00779410868380385
"TGI_percent_Day_17",959,8,0.916881339893799,0.00134760056307307,0.926829268292683,0.000926422142911447
"TGI_percent_Day_17",960,8,0.188844682697022,0.654244453154201,-0.215189873417721,0.608801860963226
"TGI_percent_Day_17",961,8,0.502916997221879,0.203966702783321,-0.205128205128205,0.626037544539464
"TGI_percent_Day_17",962,8,0.753176816710774,0.0309767652592964,0.605263157894737,0.111837768489366
"TGI_percent_Day_17",963,8,0.556055099879687,0.152374897776544,0.0886075949367088,0.834728317893272
"TGI_percent_Day_17",964,8,0.601694341145798,0.114542879444703,0.4,0.32616
"TGI_percent_Day_17",965,8,0.465992115494221,0.244511791766707,-0.105263157894737,0.804084671089484
"TGI_percent_Day_17",966,8,-0.107857594515891,0.799329955926839,-0.518987341772152,0.187514534406167
"TGI_percent_Day_17",967,8,0.864483485244673,0.00560657993884327,0.842105263157895,0.0087124949365918
"TGI_percent_Day_17",968,8,0.825783337877202,0.0115522333766205,0.846153846153846,0.00808525881177396
"TGI_percent_Day_17",969,8,0.607647069584875,0.110051209833093,-0.0120481927710843,0.977411824587767
"TGI_percent_Day_17",970,8,0.58989700713162,0.123746171432882,0.156626506024096,0.711092878662638
"TGI_percent_Day_17",971,8,0.516408553158843,0.190105285879513,0.113924050632911,0.788233439851227
"TGI_percent_Day_17",972,8,0.861385523688956,0.00598532056906378,0.620253164556962,0.100875222859378
"TGI_percent_Day_17",973,8,0.448571796483438,0.264942338387837,-0.037037037037037,0.930619036000442
"TGI_percent_Day_17",974,8,0.649148905966224,0.081553581131122,0.384615384615385,0.346809662449871
"TGI_percent_Day_17",975,8,0.919796735826299,0.00121344246710083,0.848101265822785,0.00779410868380385
"TGI_percent_Day_17",976,8,0.976908058242884,3.02530590821956e-05,1,0
"TGI_percent_Day_17",977,8,0.640410422289296,0.0871466794172857,0.225,0.592147037353516
"TGI_percent_Day_17",978,8,0.639493722621529,0.087745933951489,0.24390243902439,0.560495956966516
"TGI_percent_Day_17",979,8,0.766195176458433,0.0266112428432641,-0.150684931506849,0.72171342613154
"TGI_percent_Day_17",980,8,0.307691414647663,0.458457362693508,-0.259259259259259,0.535232404809648
"TGI_percent_Day_17",981,8,0.908883742595375,0.00176427591848634,1,3.42113882891805e-48
"TGI_percent_Day_17",982,8,0.670133336746308,0.068998153357485,0.51219512195122,0.194378892157874
"TGI_percent_Day_17",983,8,0.808212761046889,0.0151965005888965,0.707317073170732,0.0497267470387709
"TGI_percent_Day_17",984,8,0.382219550954028,0.350078147925078,-0.443037974683544,0.271603804295431
"TGI_percent_Day_17",985,8,0.533569318490041,0.173221426443482,0.0843373493975904,0.842615712000411
"TGI_percent_Day_17",986,8,0.73335625891703,0.0384224217873265,0.506172839506173,0.20057448914806
"TGI_percent_Day_17",987,8,0.819619260888259,0.0127593203849877,0.634146341463415,0.0912890821441658
"TGI_percent_Day_17",988,8,0.606293740277891,0.111063420847489,-0.0632911392405063,0.881645645130732
"TGI_percent_Day_17",989,8,0.841924118714297,0.00874125871326302,0.392405063291139,0.336280494675457
"TGI_percent_Day_17",990,8,0.673313890267997,0.0672021254418019,0.253012048192771,0.54545933813052
"TGI_percent_Day_17",991,8,0.810800173472675,0.0146200638905854,0.79746835443038,0.0177421304392543
"TGI_percent_Day_17",992,8,0.694910818072811,0.0557404302902446,0.342465753424658,0.406316873398979
"TGI_percent_Day_17",993,8,0.74464185501236,0.0340629167120896,0.555555555555556,0.152822232383275
"TGI_percent_Day_17",994,8,0.55366810983514,0.154518900852992,0.121951219512195,0.773598436910598
"TGI_percent_Day_17",995,8,0.812550637519004,0.0142380042290243,0.634146341463415,0.0912890821441658
"TGI_percent_Day_17",996,8,0.916129407224522,0.00138370160945064,1,0
"TGI_percent_Day_17",997,8,0.914427377650485,0.00146773127178476,0.848101265822785,0.00779410868380385
"TGI_percent_Day_17",998,8,0.673313890267997,0.067202125441802,0.253012048192771,0.54545933813052
"TGI_percent_Day_17",999,8,0.837675116535468,0.00943336557625741,0.79746835443038,0.0177421304392543
"TGI_percent_Day_17",1000,8,0.366929639119447,0.371265693892146,-0.185185185185185,0.660634430204336
