"initial_ploidy","dose","cluster_final","cluster_annotation","cluster_order","n_mice","sum_n_cells","sum_total_cells","mean_proportion","sd_proportion","min_proportion","max_proportion"
"2N","0mg/kg","0","not_cell_cycle_candidate",1,4,1115,2473,0.450573107156149,0.0582825380414791,0.377551020408163,0.515738498789346
"2N","0mg/kg","2","not_cell_cycle_candidate",2,4,241,2473,0.0917779838132494,0.0265673031996352,0.0663265306122449,0.12590799031477
"2N","0mg/kg","4c","not_cell_cycle_candidate",3,4,26,2473,0.0116722486875057,0.00363106105041326,0.00869565217391304,0.0169491525423729
"2N","0mg/kg","5","not_cell_cycle_candidate",4,4,122,2473,0.0600239853711978,0.0193213500678625,0.0394648829431438,0.0816326530612245
"2N","0mg/kg","6","cell_cycle_candidate",5,4,217,2473,0.0750029857328058,0.0191990347924188,0.0605326876513317,0.103010033444816
"2N","0mg/kg","8","not_cell_cycle_candidate",6,4,3,2473,0.000501672240802676,0.00100334448160535,0,0.0020066889632107
"2N","0mg/kg","10","cell_cycle_candidate",7,4,611,2473,0.253062819835478,0.0695857205801195,0.162227602905569,0.331632653061224
"2N","0mg/kg","13","not_cell_cycle_candidate",8,4,137,2473,0.0572179730825442,0.00738846467424662,0.0484261501210654,0.0650406504065041
"2N","0mg/kg","14","not_cell_cycle_candidate",9,4,1,2473,0.000167224080267559,0.000334448160535117,0,0.000668896321070234
"2N","30mg/kg","0","not_cell_cycle_candidate",1,2,359,822,0.44411094106256,0.0455797537249835,0.411881188118812,0.476340694006309
"2N","30mg/kg","2","not_cell_cycle_candidate",2,2,64,822,0.0827435424930506,0.0302039302230291,0.0613861386138614,0.10410094637224
"2N","30mg/kg","4c","not_cell_cycle_candidate",3,2,16,822,0.017015960271106,0.0151417187488365,0.00630914826498423,0.0277227722772277
"2N","30mg/kg","5","not_cell_cycle_candidate",4,2,55,822,0.0644376425024206,0.0152874820856835,0.0536277602523659,0.0752475247524752
"2N","30mg/kg","6","cell_cycle_candidate",5,2,69,822,0.0824093450354499,0.00947461689505665,0.0757097791798107,0.0891089108910891
"2N","30mg/kg","8","not_cell_cycle_candidate",6,2,0,822,0,0,0,0
"2N","30mg/kg","10","cell_cycle_candidate",7,2,221,822,0.259327857075928,0.0589193075818931,0.217665615141956,0.300990099009901
"2N","30mg/kg","13","not_cell_cycle_candidate",8,2,38,822,0.049954711559484,0.0230394413634571,0.0336633663366337,0.0662460567823344
"2N","30mg/kg","14","not_cell_cycle_candidate",9,2,0,822,0,0,0,0
"2N","120mg/kg","0","not_cell_cycle_candidate",1,2,846,1585,0.481563780737705,0.11998537069596,0.39672131147541,0.56640625
"2N","120mg/kg","2","not_cell_cycle_candidate",2,2,146,1585,0.0745133196721312,0.0404630263619556,0.0459016393442623,0.103125
"2N","120mg/kg","4c","not_cell_cycle_candidate",3,2,19,1585,0.0149141905737705,0.00672874408839146,0.01015625,0.019672131147541
"2N","120mg/kg","5","not_cell_cycle_candidate",4,2,81,1585,0.0528688524590164,0.00405717005598839,0.05,0.0557377049180328
"2N","120mg/kg","6","cell_cycle_candidate",5,2,91,1585,0.0680135758196721,0.0243701888854124,0.05078125,0.0852459016393443
"2N","120mg/kg","8","not_cell_cycle_candidate",6,2,6,1585,0.00234375,0.00331456303681194,0,0.0046875
"2N","120mg/kg","10","cell_cycle_candidate",7,2,340,1585,0.267674180327869,0.12222224793665,0.18125,0.354098360655738
"2N","120mg/kg","13","not_cell_cycle_candidate",8,2,55,1585,0.0377177254098361,0.00693703630108728,0.0328125,0.0426229508196721
"2N","120mg/kg","14","not_cell_cycle_candidate",9,2,1,1585,0.000390625,0.00055242717280199,0,0.00078125
"4N","0mg/kg","0","not_cell_cycle_candidate",1,4,1067,2024,0.484918683920774,0.112251353783609,0.422391857506361,0.653153153153153
"4N","0mg/kg","2","not_cell_cycle_candidate",2,4,208,2024,0.104670698969496,0.0187289761016092,0.0916030534351145,0.132467532467532
"4N","0mg/kg","4c","not_cell_cycle_candidate",3,4,7,2024,0.00413798042614837,0.00415398590876564,0,0.00779220779220779
"4N","0mg/kg","5","not_cell_cycle_candidate",4,4,148,2024,0.0786601703335892,0.0300636557792603,0.0545454545454545,0.120111731843575
"4N","0mg/kg","6","cell_cycle_candidate",5,4,115,2024,0.0605812324467704,0.0139120366107122,0.045045045045045,0.0788804071246819
"4N","0mg/kg","8","not_cell_cycle_candidate",6,4,1,2024,0.000281531531531532,0.000563063063063063,0,0.00112612612612613
"4N","0mg/kg","10","cell_cycle_candidate",7,4,352,2024,0.20417906767991,0.0835759454298575,0.0822072072072072,0.262086513994911
"4N","0mg/kg","13","not_cell_cycle_candidate",8,4,125,2024,0.0622891031602491,0.00719574940453668,0.0559796437659033,0.0726256983240224
"4N","0mg/kg","14","not_cell_cycle_candidate",9,4,1,2024,0.000281531531531532,0.000563063063063063,0,0.00112612612612613
"4N","30mg/kg","0","not_cell_cycle_candidate",1,2,419,849,0.508104858104858,0.0371749741143289,0.481818181818182,0.534391534391534
"4N","30mg/kg","2","not_cell_cycle_candidate",2,2,89,849,0.0844155844155844,0.052038161386023,0.0476190476190476,0.121212121212121
"4N","30mg/kg","4c","not_cell_cycle_candidate",3,2,13,849,0.0136243386243386,0.0043025015786483,0.0105820105820106,0.0166666666666667
"4N","30mg/kg","5","not_cell_cycle_candidate",4,2,45,849,0.0586339586339586,0.01435300921889,0.0484848484848485,0.0687830687830688
"4N","30mg/kg","6","cell_cycle_candidate",5,2,65,849,0.07000962000962,0.0166998282617891,0.0582010582010582,0.0818181818181818
"4N","30mg/kg","8","not_cell_cycle_candidate",6,2,0,849,0,0,0,0
"4N","30mg/kg","10","cell_cycle_candidate",7,2,175,849,0.221308321308321,0.0387055082727413,0.193939393939394,0.248677248677249
"4N","30mg/kg","13","not_cell_cycle_candidate",8,2,43,849,0.0439033189033189,0.0171930003794998,0.0317460317460317,0.0560606060606061
"4N","30mg/kg","14","not_cell_cycle_candidate",9,2,0,849,0,0,0,0
"4N","120mg/kg","0","not_cell_cycle_candidate",1,2,1024,2079,0.493142602054346,0.00110948370543121,0.49235807860262,0.493927125506073
"4N","120mg/kg","2","not_cell_cycle_candidate",2,2,228,2079,0.0955030231776957,0.026276011981445,0.0769230769230769,0.114082969432314
"4N","120mg/kg","4c","not_cell_cycle_candidate",3,2,8,2079,0.00393477184732069,0.000160953269942839,0.00382096069868996,0.00404858299595142
"4N","120mg/kg","5","not_cell_cycle_candidate",4,2,172,2079,0.0662082545126673,0.0306514406789203,0.0445344129554656,0.087882096069869
"4N","120mg/kg","6","cell_cycle_candidate",5,2,129,2079,0.0614779095875396,0.0010594788060315,0.0607287449392713,0.0622270742358079
"4N","120mg/kg","8","not_cell_cycle_candidate",6,2,3,2079,0.000818777292576419,0.0011579259517247,0,0.00163755458515284
"4N","120mg/kg","10","cell_cycle_candidate",7,2,407,2079,0.237179118858618,0.0768184640497089,0.182860262008734,0.291497975708502
"4N","120mg/kg","13","not_cell_cycle_candidate",8,2,108,2079,0.0417355426692361,0.0189440436069615,0.0283400809716599,0.0551310043668122
"4N","120mg/kg","14","not_cell_cycle_candidate",9,2,0,2079,0,0,0,0
