sample_id	pseudotime_bin	sample_bin_id	cell_count	bin_start	bin_end	bin_midpoint	dose	dose_mg	initial_ploidy	n_cells	mean_pseudotime	n_endpoint_ploidy_cells	sample_mean_endpoint_ploidy	sample_median_endpoint_ploidy	sample_max_endpoint_ploidy	sample_mean_endpoint_ploidy_scaled	ETP_fixed_threshold_2_25_group	ETP_boundary_stress_threshold_2_375_group	ETP_reference_balanced_threshold_2_24_group	retained_for_model	exclusion_reason	library_size
2N-A1-0	1	2N-A1-0__bin01	6	0	0.05	0.025	0mg/kg	0	2N	99	0.494258724595185	413	2.12476348201006	2.11872271835871	2.22068065306211	-0.649228752557773	ETP-lower	ETP-lower	ETP-lower	TRUE	NA	545813
2N-A1-0	2	2N-A1-0__bin02	11	0.05	0.1	0.075	0mg/kg	0	2N	99	0.494258724595185	413	2.12476348201006	2.11872271835871	2.22068065306211	-0.649228752557773	ETP-lower	ETP-lower	ETP-lower	TRUE	NA	900573
2N-A1-0	3	2N-A1-0__bin03	5	0.1	0.15	0.125	0mg/kg	0	2N	99	0.494258724595185	413	2.12476348201006	2.11872271835871	2.22068065306211	-0.649228752557773	ETP-lower	ETP-lower	ETP-lower	TRUE	NA	336244
2N-A1-0	4	2N-A1-0__bin04	2	0.15	0.2	0.175	0mg/kg	0	2N	99	0.494258724595185	413	2.12476348201006	2.11872271835871	2.22068065306211	-0.649228752557773	ETP-lower	ETP-lower	ETP-lower	FALSE	cell_count<5	137553
2N-A1-0	5	2N-A1-0__bin05	5	0.2	0.25	0.225	0mg/kg	0	2N	99	0.494258724595185	413	2.12476348201006	2.11872271835871	2.22068065306211	-0.649228752557773	ETP-lower	ETP-lower	ETP-lower	TRUE	NA	258930
2N-A1-0	6	2N-A1-0__bin06	2	0.25	0.3	0.275	0mg/kg	0	2N	99	0.494258724595185	413	2.12476348201006	2.11872271835871	2.22068065306211	-0.649228752557773	ETP-lower	ETP-lower	ETP-lower	FALSE	cell_count<5	11496
2N-A1-0	7	2N-A1-0__bin07	1	0.3	0.35	0.325	0mg/kg	0	2N	99	0.494258724595185	413	2.12476348201006	2.11872271835871	2.22068065306211	-0.649228752557773	ETP-lower	ETP-lower	ETP-lower	FALSE	cell_count<5	20102
2N-A1-0	8	2N-A1-0__bin08	3	0.35	0.4	0.375	0mg/kg	0	2N	99	0.494258724595185	413	2.12476348201006	2.11872271835871	2.22068065306211	-0.649228752557773	ETP-lower	ETP-lower	ETP-lower	FALSE	cell_count<5	196987
2N-A1-0	9	2N-A1-0__bin09	7	0.4	0.45	0.425	0mg/kg	0	2N	99	0.494258724595185	413	2.12476348201006	2.11872271835871	2.22068065306211	-0.649228752557773	ETP-lower	ETP-lower	ETP-lower	TRUE	NA	343864
2N-A1-0	10	2N-A1-0__bin10	3	0.45	0.5	0.475	0mg/kg	0	2N	99	0.494258724595185	413	2.12476348201006	2.11872271835871	2.22068065306211	-0.649228752557773	ETP-lower	ETP-lower	ETP-lower	FALSE	cell_count<5	73513
2N-A1-0	11	2N-A1-0__bin11	4	0.5	0.55	0.525	0mg/kg	0	2N	99	0.494258724595185	413	2.12476348201006	2.11872271835871	2.22068065306211	-0.649228752557773	ETP-lower	ETP-lower	ETP-lower	FALSE	cell_count<5	257171
2N-A1-0	12	2N-A1-0__bin12	9	0.55	0.6	0.575	0mg/kg	0	2N	99	0.494258724595185	413	2.12476348201006	2.11872271835871	2.22068065306211	-0.649228752557773	ETP-lower	ETP-lower	ETP-lower	TRUE	NA	504151
2N-A1-0	13	2N-A1-0__bin13	2	0.6	0.65	0.625	0mg/kg	0	2N	99	0.494258724595185	413	2.12476348201006	2.11872271835871	2.22068065306211	-0.649228752557773	ETP-lower	ETP-lower	ETP-lower	FALSE	cell_count<5	110917
2N-A1-0	14	2N-A1-0__bin14	7	0.65	0.7	0.675	0mg/kg	0	2N	99	0.494258724595185	413	2.12476348201006	2.11872271835871	2.22068065306211	-0.649228752557773	ETP-lower	ETP-lower	ETP-lower	TRUE	NA	368833
2N-A1-0	15	2N-A1-0__bin15	5	0.7	0.75	0.725	0mg/kg	0	2N	99	0.494258724595185	413	2.12476348201006	2.11872271835871	2.22068065306211	-0.649228752557773	ETP-lower	ETP-lower	ETP-lower	TRUE	NA	484672
2N-A1-0	16	2N-A1-0__bin16	9	0.75	0.8	0.775	0mg/kg	0	2N	99	0.494258724595185	413	2.12476348201006	2.11872271835871	2.22068065306211	-0.649228752557773	ETP-lower	ETP-lower	ETP-lower	TRUE	NA	657879
2N-A1-0	17	2N-A1-0__bin17	6	0.8	0.85	0.825	0mg/kg	0	2N	99	0.494258724595185	413	2.12476348201006	2.11872271835871	2.22068065306211	-0.649228752557773	ETP-lower	ETP-lower	ETP-lower	TRUE	NA	770861
2N-A1-0	18	2N-A1-0__bin18	9	0.85	0.9	0.875	0mg/kg	0	2N	99	0.494258724595185	413	2.12476348201006	2.11872271835871	2.22068065306211	-0.649228752557773	ETP-lower	ETP-lower	ETP-lower	TRUE	NA	747570
2N-A1-0	19	2N-A1-0__bin19	3	0.9	0.95	0.925	0mg/kg	0	2N	99	0.494258724595185	413	2.12476348201006	2.11872271835871	2.22068065306211	-0.649228752557773	ETP-lower	ETP-lower	ETP-lower	FALSE	cell_count<5	364266
2N-A1-0	20	2N-A1-0__bin20	0	0.95	1	0.975	0mg/kg	0	2N	99	0.494258724595185	413	2.12476348201006	2.11872271835871	2.22068065306211	-0.649228752557773	ETP-lower	ETP-lower	ETP-lower	FALSE	cell_count<5	0
2N-A1-LR	1	2N-A1-LR__bin01	3	0	0.05	0.025	0mg/kg	0	2N	125	0.523321824155748	369	2.24448306836754	2.25011031475795	2.28022920138155	0.110775846895509	ETP-lower	ETP-lower	ETP-higher	FALSE	cell_count<5	270659
2N-A1-LR	2	2N-A1-LR__bin02	15	0.05	0.1	0.075	0mg/kg	0	2N	125	0.523321824155748	369	2.24448306836754	2.25011031475795	2.28022920138155	0.110775846895509	ETP-lower	ETP-lower	ETP-higher	TRUE	NA	1585128
2N-A1-LR	3	2N-A1-LR__bin03	3	0.1	0.15	0.125	0mg/kg	0	2N	125	0.523321824155748	369	2.24448306836754	2.25011031475795	2.28022920138155	0.110775846895509	ETP-lower	ETP-lower	ETP-higher	FALSE	cell_count<5	237202
2N-A1-LR	4	2N-A1-LR__bin04	4	0.15	0.2	0.175	0mg/kg	0	2N	125	0.523321824155748	369	2.24448306836754	2.25011031475795	2.28022920138155	0.110775846895509	ETP-lower	ETP-lower	ETP-higher	FALSE	cell_count<5	331455
2N-A1-LR	5	2N-A1-LR__bin05	5	0.2	0.25	0.225	0mg/kg	0	2N	125	0.523321824155748	369	2.24448306836754	2.25011031475795	2.28022920138155	0.110775846895509	ETP-lower	ETP-lower	ETP-higher	TRUE	NA	276357
2N-A1-LR	6	2N-A1-LR__bin06	6	0.25	0.3	0.275	0mg/kg	0	2N	125	0.523321824155748	369	2.24448306836754	2.25011031475795	2.28022920138155	0.110775846895509	ETP-lower	ETP-lower	ETP-higher	TRUE	NA	24595
2N-A1-LR	7	2N-A1-LR__bin07	7	0.3	0.35	0.325	0mg/kg	0	2N	125	0.523321824155748	369	2.24448306836754	2.25011031475795	2.28022920138155	0.110775846895509	ETP-lower	ETP-lower	ETP-higher	TRUE	NA	227373
2N-A1-LR	8	2N-A1-LR__bin08	5	0.35	0.4	0.375	0mg/kg	0	2N	125	0.523321824155748	369	2.24448306836754	2.25011031475795	2.28022920138155	0.110775846895509	ETP-lower	ETP-lower	ETP-higher	TRUE	NA	433770
2N-A1-LR	9	2N-A1-LR__bin09	1	0.4	0.45	0.425	0mg/kg	0	2N	125	0.523321824155748	369	2.24448306836754	2.25011031475795	2.28022920138155	0.110775846895509	ETP-lower	ETP-lower	ETP-higher	FALSE	cell_count<5	219758
2N-A1-LR	10	2N-A1-LR__bin10	6	0.45	0.5	0.475	0mg/kg	0	2N	125	0.523321824155748	369	2.24448306836754	2.25011031475795	2.28022920138155	0.110775846895509	ETP-lower	ETP-lower	ETP-higher	TRUE	NA	211972
2N-A1-LR	11	2N-A1-LR__bin11	7	0.5	0.55	0.525	0mg/kg	0	2N	125	0.523321824155748	369	2.24448306836754	2.25011031475795	2.28022920138155	0.110775846895509	ETP-lower	ETP-lower	ETP-higher	TRUE	NA	301528
2N-A1-LR	12	2N-A1-LR__bin12	6	0.55	0.6	0.575	0mg/kg	0	2N	125	0.523321824155748	369	2.24448306836754	2.25011031475795	2.28022920138155	0.110775846895509	ETP-lower	ETP-lower	ETP-higher	TRUE	NA	43302
2N-A1-LR	13	2N-A1-LR__bin13	3	0.6	0.65	0.625	0mg/kg	0	2N	125	0.523321824155748	369	2.24448306836754	2.25011031475795	2.28022920138155	0.110775846895509	ETP-lower	ETP-lower	ETP-higher	FALSE	cell_count<5	86143
2N-A1-LR	14	2N-A1-LR__bin14	5	0.65	0.7	0.675	0mg/kg	0	2N	125	0.523321824155748	369	2.24448306836754	2.25011031475795	2.28022920138155	0.110775846895509	ETP-lower	ETP-lower	ETP-higher	TRUE	NA	522371
2N-A1-LR	15	2N-A1-LR__bin15	12	0.7	0.75	0.725	0mg/kg	0	2N	125	0.523321824155748	369	2.24448306836754	2.25011031475795	2.28022920138155	0.110775846895509	ETP-lower	ETP-lower	ETP-higher	TRUE	NA	1024818
2N-A1-LR	16	2N-A1-LR__bin16	4	0.75	0.8	0.775	0mg/kg	0	2N	125	0.523321824155748	369	2.24448306836754	2.25011031475795	2.28022920138155	0.110775846895509	ETP-lower	ETP-lower	ETP-higher	FALSE	cell_count<5	422510
2N-A1-LR	17	2N-A1-LR__bin17	6	0.8	0.85	0.825	0mg/kg	0	2N	125	0.523321824155748	369	2.24448306836754	2.25011031475795	2.28022920138155	0.110775846895509	ETP-lower	ETP-lower	ETP-higher	TRUE	NA	526482
2N-A1-LR	18	2N-A1-LR__bin18	22	0.85	0.9	0.875	0mg/kg	0	2N	125	0.523321824155748	369	2.24448306836754	2.25011031475795	2.28022920138155	0.110775846895509	ETP-lower	ETP-lower	ETP-higher	TRUE	NA	1852074
2N-A1-LR	19	2N-A1-LR__bin19	5	0.9	0.95	0.925	0mg/kg	0	2N	125	0.523321824155748	369	2.24448306836754	2.25011031475795	2.28022920138155	0.110775846895509	ETP-lower	ETP-lower	ETP-higher	TRUE	NA	221021
2N-A1-LR	20	2N-A1-LR__bin20	0	0.95	1	0.975	0mg/kg	0	2N	125	0.523321824155748	369	2.24448306836754	2.25011031475795	2.28022920138155	0.110775846895509	ETP-lower	ETP-lower	ETP-higher	FALSE	cell_count<5	0
2N-A1-R	1	2N-A1-R__bin01	3	0	0.05	0.025	0mg/kg	0	2N	81	0.528129051818892	196	2.0115676993386	2.01616535273341	2.04586058179932	-1.36781890214397	ETP-lower	ETP-lower	ETP-lower	FALSE	cell_count<5	199978
2N-A1-R	2	2N-A1-R__bin02	1	0.05	0.1	0.075	0mg/kg	0	2N	81	0.528129051818892	196	2.0115676993386	2.01616535273341	2.04586058179932	-1.36781890214397	ETP-lower	ETP-lower	ETP-lower	FALSE	cell_count<5	110934
2N-A1-R	3	2N-A1-R__bin03	5	0.1	0.15	0.125	0mg/kg	0	2N	81	0.528129051818892	196	2.0115676993386	2.01616535273341	2.04586058179932	-1.36781890214397	ETP-lower	ETP-lower	ETP-lower	TRUE	NA	433885
2N-A1-R	4	2N-A1-R__bin04	3	0.15	0.2	0.175	0mg/kg	0	2N	81	0.528129051818892	196	2.0115676993386	2.01616535273341	2.04586058179932	-1.36781890214397	ETP-lower	ETP-lower	ETP-lower	FALSE	cell_count<5	221202
2N-A1-R	5	2N-A1-R__bin05	5	0.2	0.25	0.225	0mg/kg	0	2N	81	0.528129051818892	196	2.0115676993386	2.01616535273341	2.04586058179932	-1.36781890214397	ETP-lower	ETP-lower	ETP-lower	TRUE	NA	257351
2N-A1-R	6	2N-A1-R__bin06	3	0.25	0.3	0.275	0mg/kg	0	2N	81	0.528129051818892	196	2.0115676993386	2.01616535273341	2.04586058179932	-1.36781890214397	ETP-lower	ETP-lower	ETP-lower	FALSE	cell_count<5	53445
2N-A1-R	7	2N-A1-R__bin07	3	0.3	0.35	0.325	0mg/kg	0	2N	81	0.528129051818892	196	2.0115676993386	2.01616535273341	2.04586058179932	-1.36781890214397	ETP-lower	ETP-lower	ETP-lower	FALSE	cell_count<5	200992
2N-A1-R	8	2N-A1-R__bin08	2	0.35	0.4	0.375	0mg/kg	0	2N	81	0.528129051818892	196	2.0115676993386	2.01616535273341	2.04586058179932	-1.36781890214397	ETP-lower	ETP-lower	ETP-lower	FALSE	cell_count<5	49681
2N-A1-R	9	2N-A1-R__bin09	3	0.4	0.45	0.425	0mg/kg	0	2N	81	0.528129051818892	196	2.0115676993386	2.01616535273341	2.04586058179932	-1.36781890214397	ETP-lower	ETP-lower	ETP-lower	FALSE	cell_count<5	170491
2N-A1-R	10	2N-A1-R__bin10	5	0.45	0.5	0.475	0mg/kg	0	2N	81	0.528129051818892	196	2.0115676993386	2.01616535273341	2.04586058179932	-1.36781890214397	ETP-lower	ETP-lower	ETP-lower	TRUE	NA	167710
2N-A1-R	11	2N-A1-R__bin11	10	0.5	0.55	0.525	0mg/kg	0	2N	81	0.528129051818892	196	2.0115676993386	2.01616535273341	2.04586058179932	-1.36781890214397	ETP-lower	ETP-lower	ETP-lower	TRUE	NA	365120
2N-A1-R	12	2N-A1-R__bin12	3	0.55	0.6	0.575	0mg/kg	0	2N	81	0.528129051818892	196	2.0115676993386	2.01616535273341	2.04586058179932	-1.36781890214397	ETP-lower	ETP-lower	ETP-lower	FALSE	cell_count<5	125085
2N-A1-R	13	2N-A1-R__bin13	5	0.6	0.65	0.625	0mg/kg	0	2N	81	0.528129051818892	196	2.0115676993386	2.01616535273341	2.04586058179932	-1.36781890214397	ETP-lower	ETP-lower	ETP-lower	TRUE	NA	386113
2N-A1-R	14	2N-A1-R__bin14	3	0.65	0.7	0.675	0mg/kg	0	2N	81	0.528129051818892	196	2.0115676993386	2.01616535273341	2.04586058179932	-1.36781890214397	ETP-lower	ETP-lower	ETP-lower	FALSE	cell_count<5	204277
2N-A1-R	15	2N-A1-R__bin15	6	0.7	0.75	0.725	0mg/kg	0	2N	81	0.528129051818892	196	2.0115676993386	2.01616535273341	2.04586058179932	-1.36781890214397	ETP-lower	ETP-lower	ETP-lower	TRUE	NA	543779
2N-A1-R	16	2N-A1-R__bin16	4	0.75	0.8	0.775	0mg/kg	0	2N	81	0.528129051818892	196	2.0115676993386	2.01616535273341	2.04586058179932	-1.36781890214397	ETP-lower	ETP-lower	ETP-lower	FALSE	cell_count<5	189843
2N-A1-R	17	2N-A1-R__bin17	6	0.8	0.85	0.825	0mg/kg	0	2N	81	0.528129051818892	196	2.0115676993386	2.01616535273341	2.04586058179932	-1.36781890214397	ETP-lower	ETP-lower	ETP-lower	TRUE	NA	450453
2N-A1-R	18	2N-A1-R__bin18	10	0.85	0.9	0.875	0mg/kg	0	2N	81	0.528129051818892	196	2.0115676993386	2.01616535273341	2.04586058179932	-1.36781890214397	ETP-lower	ETP-lower	ETP-lower	TRUE	NA	785666
2N-A1-R	19	2N-A1-R__bin19	1	0.9	0.95	0.925	0mg/kg	0	2N	81	0.528129051818892	196	2.0115676993386	2.01616535273341	2.04586058179932	-1.36781890214397	ETP-lower	ETP-lower	ETP-lower	FALSE	cell_count<5	199304
2N-A1-R	20	2N-A1-R__bin20	0	0.95	1	0.975	0mg/kg	0	2N	81	0.528129051818892	196	2.0115676993386	2.01616535273341	2.04586058179932	-1.36781890214397	ETP-lower	ETP-lower	ETP-lower	FALSE	cell_count<5	0
2N-A1-RR	1	2N-A1-RR__bin01	33	0	0.05	0.025	0mg/kg	0	2N	549	0.48186457222616	1495	1.94145876660131	1.94341742802817	1.97616839909418	-1.81288485136961	ETP-lower	ETP-lower	ETP-lower	TRUE	NA	1038131
2N-A1-RR	2	2N-A1-RR__bin02	45	0.05	0.1	0.075	0mg/kg	0	2N	549	0.48186457222616	1495	1.94145876660131	1.94341742802817	1.97616839909418	-1.81288485136961	ETP-lower	ETP-lower	ETP-lower	TRUE	NA	1548724
2N-A1-RR	3	2N-A1-RR__bin03	35	0.1	0.15	0.125	0mg/kg	0	2N	549	0.48186457222616	1495	1.94145876660131	1.94341742802817	1.97616839909418	-1.81288485136961	ETP-lower	ETP-lower	ETP-lower	TRUE	NA	1141520
2N-A1-RR	4	2N-A1-RR__bin04	41	0.15	0.2	0.175	0mg/kg	0	2N	549	0.48186457222616	1495	1.94145876660131	1.94341742802817	1.97616839909418	-1.81288485136961	ETP-lower	ETP-lower	ETP-lower	TRUE	NA	1459536
2N-A1-RR	5	2N-A1-RR__bin05	18	0.2	0.25	0.225	0mg/kg	0	2N	549	0.48186457222616	1495	1.94145876660131	1.94341742802817	1.97616839909418	-1.81288485136961	ETP-lower	ETP-lower	ETP-lower	TRUE	NA	609792
2N-A1-RR	6	2N-A1-RR__bin06	14	0.25	0.3	0.275	0mg/kg	0	2N	549	0.48186457222616	1495	1.94145876660131	1.94341742802817	1.97616839909418	-1.81288485136961	ETP-lower	ETP-lower	ETP-lower	TRUE	NA	349289
2N-A1-RR	7	2N-A1-RR__bin07	14	0.3	0.35	0.325	0mg/kg	0	2N	549	0.48186457222616	1495	1.94145876660131	1.94341742802817	1.97616839909418	-1.81288485136961	ETP-lower	ETP-lower	ETP-lower	TRUE	NA	408628
2N-A1-RR	8	2N-A1-RR__bin08	14	0.35	0.4	0.375	0mg/kg	0	2N	549	0.48186457222616	1495	1.94145876660131	1.94341742802817	1.97616839909418	-1.81288485136961	ETP-lower	ETP-lower	ETP-lower	TRUE	NA	356501
2N-A1-RR	9	2N-A1-RR__bin09	19	0.4	0.45	0.425	0mg/kg	0	2N	549	0.48186457222616	1495	1.94145876660131	1.94341742802817	1.97616839909418	-1.81288485136961	ETP-lower	ETP-lower	ETP-lower	TRUE	NA	575832
2N-A1-RR	10	2N-A1-RR__bin10	27	0.45	0.5	0.475	0mg/kg	0	2N	549	0.48186457222616	1495	1.94145876660131	1.94341742802817	1.97616839909418	-1.81288485136961	ETP-lower	ETP-lower	ETP-lower	TRUE	NA	803824
2N-A1-RR	11	2N-A1-RR__bin11	21	0.5	0.55	0.525	0mg/kg	0	2N	549	0.48186457222616	1495	1.94145876660131	1.94341742802817	1.97616839909418	-1.81288485136961	ETP-lower	ETP-lower	ETP-lower	TRUE	NA	782778
2N-A1-RR	12	2N-A1-RR__bin12	34	0.55	0.6	0.575	0mg/kg	0	2N	549	0.48186457222616	1495	1.94145876660131	1.94341742802817	1.97616839909418	-1.81288485136961	ETP-lower	ETP-lower	ETP-lower	TRUE	NA	1164897
2N-A1-RR	13	2N-A1-RR__bin13	46	0.6	0.65	0.625	0mg/kg	0	2N	549	0.48186457222616	1495	1.94145876660131	1.94341742802817	1.97616839909418	-1.81288485136961	ETP-lower	ETP-lower	ETP-lower	TRUE	NA	1735311
2N-A1-RR	14	2N-A1-RR__bin14	30	0.65	0.7	0.675	0mg/kg	0	2N	549	0.48186457222616	1495	1.94145876660131	1.94341742802817	1.97616839909418	-1.81288485136961	ETP-lower	ETP-lower	ETP-lower	TRUE	NA	1293914
2N-A1-RR	15	2N-A1-RR__bin15	29	0.7	0.75	0.725	0mg/kg	0	2N	549	0.48186457222616	1495	1.94145876660131	1.94341742802817	1.97616839909418	-1.81288485136961	ETP-lower	ETP-lower	ETP-lower	TRUE	NA	1038446
2N-A1-RR	16	2N-A1-RR__bin16	25	0.75	0.8	0.775	0mg/kg	0	2N	549	0.48186457222616	1495	1.94145876660131	1.94341742802817	1.97616839909418	-1.81288485136961	ETP-lower	ETP-lower	ETP-lower	TRUE	NA	921630
2N-A1-RR	17	2N-A1-RR__bin17	31	0.8	0.85	0.825	0mg/kg	0	2N	549	0.48186457222616	1495	1.94145876660131	1.94341742802817	1.97616839909418	-1.81288485136961	ETP-lower	ETP-lower	ETP-lower	TRUE	NA	1056787
2N-A1-RR	18	2N-A1-RR__bin18	60	0.85	0.9	0.875	0mg/kg	0	2N	549	0.48186457222616	1495	1.94145876660131	1.94341742802817	1.97616839909418	-1.81288485136961	ETP-lower	ETP-lower	ETP-lower	TRUE	NA	2387191
2N-A1-RR	19	2N-A1-RR__bin19	12	0.9	0.95	0.925	0mg/kg	0	2N	549	0.48186457222616	1495	1.94145876660131	1.94341742802817	1.97616839909418	-1.81288485136961	ETP-lower	ETP-lower	ETP-lower	TRUE	NA	446526
2N-A1-RR	20	2N-A1-RR__bin20	1	0.95	1	0.975	0mg/kg	0	2N	549	0.48186457222616	1495	1.94145876660131	1.94341742802817	1.97616839909418	-1.81288485136961	ETP-lower	ETP-lower	ETP-lower	FALSE	cell_count<5	18964
2N-A2-0	1	2N-A2-0__bin01	8	0	0.05	0.025	30mg/kg	30	2N	95	0.467133313417435	317	2.31570000737479	2.32219947650157	2.34436601825	0.562875648200181	ETP-higher	ETP-lower	ETP-higher	TRUE	NA	869313
2N-A2-0	2	2N-A2-0__bin02	5	0.05	0.1	0.075	30mg/kg	30	2N	95	0.467133313417435	317	2.31570000737479	2.32219947650157	2.34436601825	0.562875648200181	ETP-higher	ETP-lower	ETP-higher	TRUE	NA	716808
2N-A2-0	3	2N-A2-0__bin03	4	0.1	0.15	0.125	30mg/kg	30	2N	95	0.467133313417435	317	2.31570000737479	2.32219947650157	2.34436601825	0.562875648200181	ETP-higher	ETP-lower	ETP-higher	FALSE	cell_count<5	544229
2N-A2-0	4	2N-A2-0__bin04	3	0.15	0.2	0.175	30mg/kg	30	2N	95	0.467133313417435	317	2.31570000737479	2.32219947650157	2.34436601825	0.562875648200181	ETP-higher	ETP-lower	ETP-higher	FALSE	cell_count<5	192955
2N-A2-0	5	2N-A2-0__bin05	2	0.2	0.25	0.225	30mg/kg	30	2N	95	0.467133313417435	317	2.31570000737479	2.32219947650157	2.34436601825	0.562875648200181	ETP-higher	ETP-lower	ETP-higher	FALSE	cell_count<5	203611
2N-A2-0	6	2N-A2-0__bin06	6	0.25	0.3	0.275	30mg/kg	30	2N	95	0.467133313417435	317	2.31570000737479	2.32219947650157	2.34436601825	0.562875648200181	ETP-higher	ETP-lower	ETP-higher	TRUE	NA	437863
2N-A2-0	7	2N-A2-0__bin07	2	0.3	0.35	0.325	30mg/kg	30	2N	95	0.467133313417435	317	2.31570000737479	2.32219947650157	2.34436601825	0.562875648200181	ETP-higher	ETP-lower	ETP-higher	FALSE	cell_count<5	37109
2N-A2-0	8	2N-A2-0__bin08	6	0.35	0.4	0.375	30mg/kg	30	2N	95	0.467133313417435	317	2.31570000737479	2.32219947650157	2.34436601825	0.562875648200181	ETP-higher	ETP-lower	ETP-higher	TRUE	NA	279587
2N-A2-0	9	2N-A2-0__bin09	4	0.4	0.45	0.425	30mg/kg	30	2N	95	0.467133313417435	317	2.31570000737479	2.32219947650157	2.34436601825	0.562875648200181	ETP-higher	ETP-lower	ETP-higher	FALSE	cell_count<5	346393
2N-A2-0	10	2N-A2-0__bin10	7	0.45	0.5	0.475	30mg/kg	30	2N	95	0.467133313417435	317	2.31570000737479	2.32219947650157	2.34436601825	0.562875648200181	ETP-higher	ETP-lower	ETP-higher	TRUE	NA	654994
2N-A2-0	11	2N-A2-0__bin11	9	0.5	0.55	0.525	30mg/kg	30	2N	95	0.467133313417435	317	2.31570000737479	2.32219947650157	2.34436601825	0.562875648200181	ETP-higher	ETP-lower	ETP-higher	TRUE	NA	666572
2N-A2-0	12	2N-A2-0__bin12	8	0.55	0.6	0.575	30mg/kg	30	2N	95	0.467133313417435	317	2.31570000737479	2.32219947650157	2.34436601825	0.562875648200181	ETP-higher	ETP-lower	ETP-higher	TRUE	NA	293140
2N-A2-0	13	2N-A2-0__bin13	6	0.6	0.65	0.625	30mg/kg	30	2N	95	0.467133313417435	317	2.31570000737479	2.32219947650157	2.34436601825	0.562875648200181	ETP-higher	ETP-lower	ETP-higher	TRUE	NA	474661
2N-A2-0	14	2N-A2-0__bin14	2	0.65	0.7	0.675	30mg/kg	30	2N	95	0.467133313417435	317	2.31570000737479	2.32219947650157	2.34436601825	0.562875648200181	ETP-higher	ETP-lower	ETP-higher	FALSE	cell_count<5	201219
2N-A2-0	15	2N-A2-0__bin15	7	0.7	0.75	0.725	30mg/kg	30	2N	95	0.467133313417435	317	2.31570000737479	2.32219947650157	2.34436601825	0.562875648200181	ETP-higher	ETP-lower	ETP-higher	TRUE	NA	696909
2N-A2-0	16	2N-A2-0__bin16	2	0.75	0.8	0.775	30mg/kg	30	2N	95	0.467133313417435	317	2.31570000737479	2.32219947650157	2.34436601825	0.562875648200181	ETP-higher	ETP-lower	ETP-higher	FALSE	cell_count<5	256774
2N-A2-0	17	2N-A2-0__bin17	7	0.8	0.85	0.825	30mg/kg	30	2N	95	0.467133313417435	317	2.31570000737479	2.32219947650157	2.34436601825	0.562875648200181	ETP-higher	ETP-lower	ETP-higher	TRUE	NA	760797
2N-A2-0	18	2N-A2-0__bin18	6	0.85	0.9	0.875	30mg/kg	30	2N	95	0.467133313417435	317	2.31570000737479	2.32219947650157	2.34436601825	0.562875648200181	ETP-higher	ETP-lower	ETP-higher	TRUE	NA	653577
2N-A2-0	19	2N-A2-0__bin19	1	0.9	0.95	0.925	30mg/kg	30	2N	95	0.467133313417435	317	2.31570000737479	2.32219947650157	2.34436601825	0.562875648200181	ETP-higher	ETP-lower	ETP-higher	FALSE	cell_count<5	109400
2N-A2-0	20	2N-A2-0__bin20	0	0.95	1	0.975	30mg/kg	30	2N	95	0.467133313417435	317	2.31570000737479	2.32219947650157	2.34436601825	0.562875648200181	ETP-higher	ETP-lower	ETP-higher	FALSE	cell_count<5	0
2N-A2-L	1	2N-A2-L__bin01	1	0	0.05	0.025	30mg/kg	30	2N	211	0.477280454807231	505	2.25827409402308	2.2620223149265	2.29477328599252	0.198324119056152	ETP-higher	ETP-lower	ETP-higher	FALSE	cell_count<5	3997
2N-A2-L	2	2N-A2-L__bin02	20	0.05	0.1	0.075	30mg/kg	30	2N	211	0.477280454807231	505	2.25827409402308	2.2620223149265	2.29477328599252	0.198324119056152	ETP-higher	ETP-lower	ETP-higher	TRUE	NA	1069383
2N-A2-L	3	2N-A2-L__bin03	16	0.1	0.15	0.125	30mg/kg	30	2N	211	0.477280454807231	505	2.25827409402308	2.2620223149265	2.29477328599252	0.198324119056152	ETP-higher	ETP-lower	ETP-higher	TRUE	NA	376599
2N-A2-L	4	2N-A2-L__bin04	6	0.15	0.2	0.175	30mg/kg	30	2N	211	0.477280454807231	505	2.25827409402308	2.2620223149265	2.29477328599252	0.198324119056152	ETP-higher	ETP-lower	ETP-higher	TRUE	NA	78574
2N-A2-L	5	2N-A2-L__bin05	10	0.2	0.25	0.225	30mg/kg	30	2N	211	0.477280454807231	505	2.25827409402308	2.2620223149265	2.29477328599252	0.198324119056152	ETP-higher	ETP-lower	ETP-higher	TRUE	NA	557989
2N-A2-L	6	2N-A2-L__bin06	15	0.25	0.3	0.275	30mg/kg	30	2N	211	0.477280454807231	505	2.25827409402308	2.2620223149265	2.29477328599252	0.198324119056152	ETP-higher	ETP-lower	ETP-higher	TRUE	NA	489884
2N-A2-L	7	2N-A2-L__bin07	6	0.3	0.35	0.325	30mg/kg	30	2N	211	0.477280454807231	505	2.25827409402308	2.2620223149265	2.29477328599252	0.198324119056152	ETP-higher	ETP-lower	ETP-higher	TRUE	NA	104209
2N-A2-L	8	2N-A2-L__bin08	5	0.35	0.4	0.375	30mg/kg	30	2N	211	0.477280454807231	505	2.25827409402308	2.2620223149265	2.29477328599252	0.198324119056152	ETP-higher	ETP-lower	ETP-higher	TRUE	NA	209658
2N-A2-L	9	2N-A2-L__bin09	13	0.4	0.45	0.425	30mg/kg	30	2N	211	0.477280454807231	505	2.25827409402308	2.2620223149265	2.29477328599252	0.198324119056152	ETP-higher	ETP-lower	ETP-higher	TRUE	NA	142317
2N-A2-L	10	2N-A2-L__bin10	11	0.45	0.5	0.475	30mg/kg	30	2N	211	0.477280454807231	505	2.25827409402308	2.2620223149265	2.29477328599252	0.198324119056152	ETP-higher	ETP-lower	ETP-higher	TRUE	NA	238905
2N-A2-L	11	2N-A2-L__bin11	21	0.5	0.55	0.525	30mg/kg	30	2N	211	0.477280454807231	505	2.25827409402308	2.2620223149265	2.29477328599252	0.198324119056152	ETP-higher	ETP-lower	ETP-higher	TRUE	NA	527242
2N-A2-L	12	2N-A2-L__bin12	13	0.55	0.6	0.575	30mg/kg	30	2N	211	0.477280454807231	505	2.25827409402308	2.2620223149265	2.29477328599252	0.198324119056152	ETP-higher	ETP-lower	ETP-higher	TRUE	NA	514981
2N-A2-L	13	2N-A2-L__bin13	5	0.6	0.65	0.625	30mg/kg	30	2N	211	0.477280454807231	505	2.25827409402308	2.2620223149265	2.29477328599252	0.198324119056152	ETP-higher	ETP-lower	ETP-higher	TRUE	NA	148492
2N-A2-L	14	2N-A2-L__bin14	16	0.65	0.7	0.675	30mg/kg	30	2N	211	0.477280454807231	505	2.25827409402308	2.2620223149265	2.29477328599252	0.198324119056152	ETP-higher	ETP-lower	ETP-higher	TRUE	NA	770299
2N-A2-L	15	2N-A2-L__bin15	8	0.7	0.75	0.725	30mg/kg	30	2N	211	0.477280454807231	505	2.25827409402308	2.2620223149265	2.29477328599252	0.198324119056152	ETP-higher	ETP-lower	ETP-higher	TRUE	NA	550898
2N-A2-L	16	2N-A2-L__bin16	14	0.75	0.8	0.775	30mg/kg	30	2N	211	0.477280454807231	505	2.25827409402308	2.2620223149265	2.29477328599252	0.198324119056152	ETP-higher	ETP-lower	ETP-higher	TRUE	NA	436412
2N-A2-L	17	2N-A2-L__bin17	16	0.8	0.85	0.825	30mg/kg	30	2N	211	0.477280454807231	505	2.25827409402308	2.2620223149265	2.29477328599252	0.198324119056152	ETP-higher	ETP-lower	ETP-higher	TRUE	NA	354815
2N-A2-L	18	2N-A2-L__bin18	11	0.85	0.9	0.875	30mg/kg	30	2N	211	0.477280454807231	505	2.25827409402308	2.2620223149265	2.29477328599252	0.198324119056152	ETP-higher	ETP-lower	ETP-higher	TRUE	NA	345623
2N-A2-L	19	2N-A2-L__bin19	4	0.9	0.95	0.925	30mg/kg	30	2N	211	0.477280454807231	505	2.25827409402308	2.2620223149265	2.29477328599252	0.198324119056152	ETP-higher	ETP-lower	ETP-higher	FALSE	cell_count<5	61514
2N-A2-L	20	2N-A2-L__bin20	0	0.95	1	0.975	30mg/kg	30	2N	211	0.477280454807231	505	2.25827409402308	2.2620223149265	2.29477328599252	0.198324119056152	ETP-higher	ETP-lower	ETP-higher	FALSE	cell_count<5	0
2N-A4-R	1	2N-A4-R__bin01	2	0	0.05	0.025	120mg/kg	120	2N	140	0.467617943483804	305	2.01124775168715	2.01299573762733	2.03812444368728	-1.36984999575267	ETP-lower	ETP-lower	ETP-lower	FALSE	cell_count<5	3054
2N-A4-R	2	2N-A4-R__bin02	12	0.05	0.1	0.075	120mg/kg	120	2N	140	0.467617943483804	305	2.01124775168715	2.01299573762733	2.03812444368728	-1.36984999575267	ETP-lower	ETP-lower	ETP-lower	TRUE	NA	73024
2N-A4-R	3	2N-A4-R__bin03	5	0.1	0.15	0.125	120mg/kg	120	2N	140	0.467617943483804	305	2.01124775168715	2.01299573762733	2.03812444368728	-1.36984999575267	ETP-lower	ETP-lower	ETP-lower	TRUE	NA	64128
2N-A4-R	4	2N-A4-R__bin04	6	0.15	0.2	0.175	120mg/kg	120	2N	140	0.467617943483804	305	2.01124775168715	2.01299573762733	2.03812444368728	-1.36984999575267	ETP-lower	ETP-lower	ETP-lower	TRUE	NA	41650
2N-A4-R	5	2N-A4-R__bin05	11	0.2	0.25	0.225	120mg/kg	120	2N	140	0.467617943483804	305	2.01124775168715	2.01299573762733	2.03812444368728	-1.36984999575267	ETP-lower	ETP-lower	ETP-lower	TRUE	NA	56875
2N-A4-R	6	2N-A4-R__bin06	10	0.25	0.3	0.275	120mg/kg	120	2N	140	0.467617943483804	305	2.01124775168715	2.01299573762733	2.03812444368728	-1.36984999575267	ETP-lower	ETP-lower	ETP-lower	TRUE	NA	137924
2N-A4-R	7	2N-A4-R__bin07	8	0.3	0.35	0.325	120mg/kg	120	2N	140	0.467617943483804	305	2.01124775168715	2.01299573762733	2.03812444368728	-1.36984999575267	ETP-lower	ETP-lower	ETP-lower	TRUE	NA	13018
2N-A4-R	8	2N-A4-R__bin08	6	0.35	0.4	0.375	120mg/kg	120	2N	140	0.467617943483804	305	2.01124775168715	2.01299573762733	2.03812444368728	-1.36984999575267	ETP-lower	ETP-lower	ETP-lower	TRUE	NA	47072
2N-A4-R	9	2N-A4-R__bin09	11	0.4	0.45	0.425	120mg/kg	120	2N	140	0.467617943483804	305	2.01124775168715	2.01299573762733	2.03812444368728	-1.36984999575267	ETP-lower	ETP-lower	ETP-lower	TRUE	NA	73855
2N-A4-R	10	2N-A4-R__bin10	7	0.45	0.5	0.475	120mg/kg	120	2N	140	0.467617943483804	305	2.01124775168715	2.01299573762733	2.03812444368728	-1.36984999575267	ETP-lower	ETP-lower	ETP-lower	TRUE	NA	23572
2N-A4-R	11	2N-A4-R__bin11	11	0.5	0.55	0.525	120mg/kg	120	2N	140	0.467617943483804	305	2.01124775168715	2.01299573762733	2.03812444368728	-1.36984999575267	ETP-lower	ETP-lower	ETP-lower	TRUE	NA	34830
2N-A4-R	12	2N-A4-R__bin12	5	0.55	0.6	0.575	120mg/kg	120	2N	140	0.467617943483804	305	2.01124775168715	2.01299573762733	2.03812444368728	-1.36984999575267	ETP-lower	ETP-lower	ETP-lower	TRUE	NA	14407
2N-A4-R	13	2N-A4-R__bin13	4	0.6	0.65	0.625	120mg/kg	120	2N	140	0.467617943483804	305	2.01124775168715	2.01299573762733	2.03812444368728	-1.36984999575267	ETP-lower	ETP-lower	ETP-lower	FALSE	cell_count<5	41331
2N-A4-R	14	2N-A4-R__bin14	7	0.65	0.7	0.675	120mg/kg	120	2N	140	0.467617943483804	305	2.01124775168715	2.01299573762733	2.03812444368728	-1.36984999575267	ETP-lower	ETP-lower	ETP-lower	TRUE	NA	36591
2N-A4-R	15	2N-A4-R__bin15	5	0.7	0.75	0.725	120mg/kg	120	2N	140	0.467617943483804	305	2.01124775168715	2.01299573762733	2.03812444368728	-1.36984999575267	ETP-lower	ETP-lower	ETP-lower	TRUE	NA	24812
2N-A4-R	16	2N-A4-R__bin16	7	0.75	0.8	0.775	120mg/kg	120	2N	140	0.467617943483804	305	2.01124775168715	2.01299573762733	2.03812444368728	-1.36984999575267	ETP-lower	ETP-lower	ETP-lower	TRUE	NA	34729
2N-A4-R	17	2N-A4-R__bin17	8	0.8	0.85	0.825	120mg/kg	120	2N	140	0.467617943483804	305	2.01124775168715	2.01299573762733	2.03812444368728	-1.36984999575267	ETP-lower	ETP-lower	ETP-lower	TRUE	NA	30472
2N-A4-R	18	2N-A4-R__bin18	11	0.85	0.9	0.875	120mg/kg	120	2N	140	0.467617943483804	305	2.01124775168715	2.01299573762733	2.03812444368728	-1.36984999575267	ETP-lower	ETP-lower	ETP-lower	TRUE	NA	58010
2N-A4-R	19	2N-A4-R__bin19	4	0.9	0.95	0.925	120mg/kg	120	2N	140	0.467617943483804	305	2.01124775168715	2.01299573762733	2.03812444368728	-1.36984999575267	ETP-lower	ETP-lower	ETP-lower	FALSE	cell_count<5	47479
2N-A4-R	20	2N-A4-R__bin20	0	0.95	1	0.975	120mg/kg	120	2N	140	0.467617943483804	305	2.01124775168715	2.01299573762733	2.03812444368728	-1.36984999575267	ETP-lower	ETP-lower	ETP-lower	FALSE	cell_count<5	0
2N-A4-RL	1	2N-A4-RL__bin01	17	0	0.05	0.025	120mg/kg	120	2N	310	0.498624597688115	1280	2.1766115066713	2.18344784192788	2.21619881299389	-0.320086810006691	ETP-lower	ETP-lower	ETP-lower	TRUE	NA	1188208
2N-A4-RL	2	2N-A4-RL__bin02	22	0.05	0.1	0.075	120mg/kg	120	2N	310	0.498624597688115	1280	2.1766115066713	2.18344784192788	2.21619881299389	-0.320086810006691	ETP-lower	ETP-lower	ETP-lower	TRUE	NA	1293185
2N-A4-RL	3	2N-A4-RL__bin03	9	0.1	0.15	0.125	120mg/kg	120	2N	310	0.498624597688115	1280	2.1766115066713	2.18344784192788	2.21619881299389	-0.320086810006691	ETP-lower	ETP-lower	ETP-lower	TRUE	NA	480142
2N-A4-RL	4	2N-A4-RL__bin04	8	0.15	0.2	0.175	120mg/kg	120	2N	310	0.498624597688115	1280	2.1766115066713	2.18344784192788	2.21619881299389	-0.320086810006691	ETP-lower	ETP-lower	ETP-lower	TRUE	NA	536304
2N-A4-RL	5	2N-A4-RL__bin05	19	0.2	0.25	0.225	120mg/kg	120	2N	310	0.498624597688115	1280	2.1766115066713	2.18344784192788	2.21619881299389	-0.320086810006691	ETP-lower	ETP-lower	ETP-lower	TRUE	NA	907755
2N-A4-RL	6	2N-A4-RL__bin06	12	0.25	0.3	0.275	120mg/kg	120	2N	310	0.498624597688115	1280	2.1766115066713	2.18344784192788	2.21619881299389	-0.320086810006691	ETP-lower	ETP-lower	ETP-lower	TRUE	NA	492731
2N-A4-RL	7	2N-A4-RL__bin07	7	0.3	0.35	0.325	120mg/kg	120	2N	310	0.498624597688115	1280	2.1766115066713	2.18344784192788	2.21619881299389	-0.320086810006691	ETP-lower	ETP-lower	ETP-lower	TRUE	NA	346822
2N-A4-RL	8	2N-A4-RL__bin08	14	0.35	0.4	0.375	120mg/kg	120	2N	310	0.498624597688115	1280	2.1766115066713	2.18344784192788	2.21619881299389	-0.320086810006691	ETP-lower	ETP-lower	ETP-lower	TRUE	NA	622228
2N-A4-RL	9	2N-A4-RL__bin09	14	0.4	0.45	0.425	120mg/kg	120	2N	310	0.498624597688115	1280	2.1766115066713	2.18344784192788	2.21619881299389	-0.320086810006691	ETP-lower	ETP-lower	ETP-lower	TRUE	NA	614478
2N-A4-RL	10	2N-A4-RL__bin10	21	0.45	0.5	0.475	120mg/kg	120	2N	310	0.498624597688115	1280	2.1766115066713	2.18344784192788	2.21619881299389	-0.320086810006691	ETP-lower	ETP-lower	ETP-lower	TRUE	NA	1000766
2N-A4-RL	11	2N-A4-RL__bin11	19	0.5	0.55	0.525	120mg/kg	120	2N	310	0.498624597688115	1280	2.1766115066713	2.18344784192788	2.21619881299389	-0.320086810006691	ETP-lower	ETP-lower	ETP-lower	TRUE	NA	1080424
2N-A4-RL	12	2N-A4-RL__bin12	20	0.55	0.6	0.575	120mg/kg	120	2N	310	0.498624597688115	1280	2.1766115066713	2.18344784192788	2.21619881299389	-0.320086810006691	ETP-lower	ETP-lower	ETP-lower	TRUE	NA	1090919
2N-A4-RL	13	2N-A4-RL__bin13	17	0.6	0.65	0.625	120mg/kg	120	2N	310	0.498624597688115	1280	2.1766115066713	2.18344784192788	2.21619881299389	-0.320086810006691	ETP-lower	ETP-lower	ETP-lower	TRUE	NA	1058706
2N-A4-RL	14	2N-A4-RL__bin14	20	0.65	0.7	0.675	120mg/kg	120	2N	310	0.498624597688115	1280	2.1766115066713	2.18344784192788	2.21619881299389	-0.320086810006691	ETP-lower	ETP-lower	ETP-lower	TRUE	NA	1310881
2N-A4-RL	15	2N-A4-RL__bin15	26	0.7	0.75	0.725	120mg/kg	120	2N	310	0.498624597688115	1280	2.1766115066713	2.18344784192788	2.21619881299389	-0.320086810006691	ETP-lower	ETP-lower	ETP-lower	TRUE	NA	1773353
2N-A4-RL	16	2N-A4-RL__bin16	17	0.75	0.8	0.775	120mg/kg	120	2N	310	0.498624597688115	1280	2.1766115066713	2.18344784192788	2.21619881299389	-0.320086810006691	ETP-lower	ETP-lower	ETP-lower	TRUE	NA	1254552
2N-A4-RL	17	2N-A4-RL__bin17	23	0.8	0.85	0.825	120mg/kg	120	2N	310	0.498624597688115	1280	2.1766115066713	2.18344784192788	2.21619881299389	-0.320086810006691	ETP-lower	ETP-lower	ETP-lower	TRUE	NA	1784575
2N-A4-RL	18	2N-A4-RL__bin18	20	0.85	0.9	0.875	120mg/kg	120	2N	310	0.498624597688115	1280	2.1766115066713	2.18344784192788	2.21619881299389	-0.320086810006691	ETP-lower	ETP-lower	ETP-lower	TRUE	NA	1510043
2N-A4-RL	19	2N-A4-RL__bin19	4	0.9	0.95	0.925	120mg/kg	120	2N	310	0.498624597688115	1280	2.1766115066713	2.18344784192788	2.21619881299389	-0.320086810006691	ETP-lower	ETP-lower	ETP-lower	FALSE	cell_count<5	238607
2N-A4-RL	20	2N-A4-RL__bin20	1	0.95	1	0.975	120mg/kg	120	2N	310	0.498624597688115	1280	2.1766115066713	2.18344784192788	2.21619881299389	-0.320086810006691	ETP-lower	ETP-lower	ETP-lower	FALSE	cell_count<5	39369
4N-A5-0	1	4N-A5-0__bin01	7	0	0.05	0.025	0mg/kg	0	4N	114	0.462969425934971	888	2.58551813437048	2.5940459536895	2.66569632076908	2.27573670771195	ETP-higher	ETP-higher	ETP-higher	TRUE	NA	870395
4N-A5-0	2	4N-A5-0__bin02	9	0.05	0.1	0.075	0mg/kg	0	4N	114	0.462969425934971	888	2.58551813437048	2.5940459536895	2.66569632076908	2.27573670771195	ETP-higher	ETP-higher	ETP-higher	TRUE	NA	1087566
4N-A5-0	3	4N-A5-0__bin03	6	0.1	0.15	0.125	0mg/kg	0	4N	114	0.462969425934971	888	2.58551813437048	2.5940459536895	2.66569632076908	2.27573670771195	ETP-higher	ETP-higher	ETP-higher	TRUE	NA	790511
4N-A5-0	4	4N-A5-0__bin04	7	0.15	0.2	0.175	0mg/kg	0	4N	114	0.462969425934971	888	2.58551813437048	2.5940459536895	2.66569632076908	2.27573670771195	ETP-higher	ETP-higher	ETP-higher	TRUE	NA	681327
4N-A5-0	5	4N-A5-0__bin05	9	0.2	0.25	0.225	0mg/kg	0	4N	114	0.462969425934971	888	2.58551813437048	2.5940459536895	2.66569632076908	2.27573670771195	ETP-higher	ETP-higher	ETP-higher	TRUE	NA	1113674
4N-A5-0	6	4N-A5-0__bin06	4	0.25	0.3	0.275	0mg/kg	0	4N	114	0.462969425934971	888	2.58551813437048	2.5940459536895	2.66569632076908	2.27573670771195	ETP-higher	ETP-higher	ETP-higher	FALSE	cell_count<5	435322
4N-A5-0	7	4N-A5-0__bin07	4	0.3	0.35	0.325	0mg/kg	0	4N	114	0.462969425934971	888	2.58551813437048	2.5940459536895	2.66569632076908	2.27573670771195	ETP-higher	ETP-higher	ETP-higher	FALSE	cell_count<5	567364
4N-A5-0	8	4N-A5-0__bin08	3	0.35	0.4	0.375	0mg/kg	0	4N	114	0.462969425934971	888	2.58551813437048	2.5940459536895	2.66569632076908	2.27573670771195	ETP-higher	ETP-higher	ETP-higher	FALSE	cell_count<5	354063
4N-A5-0	9	4N-A5-0__bin09	5	0.4	0.45	0.425	0mg/kg	0	4N	114	0.462969425934971	888	2.58551813437048	2.5940459536895	2.66569632076908	2.27573670771195	ETP-higher	ETP-higher	ETP-higher	TRUE	NA	375850
4N-A5-0	10	4N-A5-0__bin10	2	0.45	0.5	0.475	0mg/kg	0	4N	114	0.462969425934971	888	2.58551813437048	2.5940459536895	2.66569632076908	2.27573670771195	ETP-higher	ETP-higher	ETP-higher	FALSE	cell_count<5	229344
4N-A5-0	11	4N-A5-0__bin11	5	0.5	0.55	0.525	0mg/kg	0	4N	114	0.462969425934971	888	2.58551813437048	2.5940459536895	2.66569632076908	2.27573670771195	ETP-higher	ETP-higher	ETP-higher	TRUE	NA	662247
4N-A5-0	12	4N-A5-0__bin12	4	0.55	0.6	0.575	0mg/kg	0	4N	114	0.462969425934971	888	2.58551813437048	2.5940459536895	2.66569632076908	2.27573670771195	ETP-higher	ETP-higher	ETP-higher	FALSE	cell_count<5	516207
4N-A5-0	13	4N-A5-0__bin13	9	0.6	0.65	0.625	0mg/kg	0	4N	114	0.462969425934971	888	2.58551813437048	2.5940459536895	2.66569632076908	2.27573670771195	ETP-higher	ETP-higher	ETP-higher	TRUE	NA	983202
4N-A5-0	14	4N-A5-0__bin14	4	0.65	0.7	0.675	0mg/kg	0	4N	114	0.462969425934971	888	2.58551813437048	2.5940459536895	2.66569632076908	2.27573670771195	ETP-higher	ETP-higher	ETP-higher	FALSE	cell_count<5	443723
4N-A5-0	15	4N-A5-0__bin15	10	0.7	0.75	0.725	0mg/kg	0	4N	114	0.462969425934971	888	2.58551813437048	2.5940459536895	2.66569632076908	2.27573670771195	ETP-higher	ETP-higher	ETP-higher	TRUE	NA	1510510
4N-A5-0	16	4N-A5-0__bin16	11	0.75	0.8	0.775	0mg/kg	0	4N	114	0.462969425934971	888	2.58551813437048	2.5940459536895	2.66569632076908	2.27573670771195	ETP-higher	ETP-higher	ETP-higher	TRUE	NA	1507890
4N-A5-0	17	4N-A5-0__bin17	11	0.8	0.85	0.825	0mg/kg	0	4N	114	0.462969425934971	888	2.58551813437048	2.5940459536895	2.66569632076908	2.27573670771195	ETP-higher	ETP-higher	ETP-higher	TRUE	NA	1510860
4N-A5-0	18	4N-A5-0__bin18	3	0.85	0.9	0.875	0mg/kg	0	4N	114	0.462969425934971	888	2.58551813437048	2.5940459536895	2.66569632076908	2.27573670771195	ETP-higher	ETP-higher	ETP-higher	FALSE	cell_count<5	353035
4N-A5-0	19	4N-A5-0__bin19	1	0.9	0.95	0.925	0mg/kg	0	4N	114	0.462969425934971	888	2.58551813437048	2.5940459536895	2.66569632076908	2.27573670771195	ETP-higher	ETP-higher	ETP-higher	FALSE	cell_count<5	68573
4N-A5-0	20	4N-A5-0__bin20	0	0.95	1	0.975	0mg/kg	0	4N	114	0.462969425934971	888	2.58551813437048	2.5940459536895	2.66569632076908	2.27573670771195	ETP-higher	ETP-higher	ETP-higher	FALSE	cell_count<5	0
4N-A5-RR	1	4N-A5-RR__bin01	9	0	0.05	0.025	0mg/kg	0	4N	137	0.515721272595607	393	2.21364537941859	2.21976746514272	2.3221240296636	-0.0849881558945846	ETP-lower	ETP-lower	ETP-lower	TRUE	NA	987916
4N-A5-RR	2	4N-A5-RR__bin02	8	0.05	0.1	0.075	0mg/kg	0	4N	137	0.515721272595607	393	2.21364537941859	2.21976746514272	2.3221240296636	-0.0849881558945846	ETP-lower	ETP-lower	ETP-lower	TRUE	NA	937557
4N-A5-RR	3	4N-A5-RR__bin03	6	0.1	0.15	0.125	0mg/kg	0	4N	137	0.515721272595607	393	2.21364537941859	2.21976746514272	2.3221240296636	-0.0849881558945846	ETP-lower	ETP-lower	ETP-lower	TRUE	NA	877485
4N-A5-RR	4	4N-A5-RR__bin04	10	0.15	0.2	0.175	0mg/kg	0	4N	137	0.515721272595607	393	2.21364537941859	2.21976746514272	2.3221240296636	-0.0849881558945846	ETP-lower	ETP-lower	ETP-lower	TRUE	NA	1259217
4N-A5-RR	5	4N-A5-RR__bin05	7	0.2	0.25	0.225	0mg/kg	0	4N	137	0.515721272595607	393	2.21364537941859	2.21976746514272	2.3221240296636	-0.0849881558945846	ETP-lower	ETP-lower	ETP-lower	TRUE	NA	581087
4N-A5-RR	6	4N-A5-RR__bin06	4	0.25	0.3	0.275	0mg/kg	0	4N	137	0.515721272595607	393	2.21364537941859	2.21976746514272	2.3221240296636	-0.0849881558945846	ETP-lower	ETP-lower	ETP-lower	FALSE	cell_count<5	291568
4N-A5-RR	7	4N-A5-RR__bin07	4	0.3	0.35	0.325	0mg/kg	0	4N	137	0.515721272595607	393	2.21364537941859	2.21976746514272	2.3221240296636	-0.0849881558945846	ETP-lower	ETP-lower	ETP-lower	FALSE	cell_count<5	590964
4N-A5-RR	8	4N-A5-RR__bin08	2	0.35	0.4	0.375	0mg/kg	0	4N	137	0.515721272595607	393	2.21364537941859	2.21976746514272	2.3221240296636	-0.0849881558945846	ETP-lower	ETP-lower	ETP-lower	FALSE	cell_count<5	135821
4N-A5-RR	9	4N-A5-RR__bin09	2	0.4	0.45	0.425	0mg/kg	0	4N	137	0.515721272595607	393	2.21364537941859	2.21976746514272	2.3221240296636	-0.0849881558945846	ETP-lower	ETP-lower	ETP-lower	FALSE	cell_count<5	228522
4N-A5-RR	10	4N-A5-RR__bin10	2	0.45	0.5	0.475	0mg/kg	0	4N	137	0.515721272595607	393	2.21364537941859	2.21976746514272	2.3221240296636	-0.0849881558945846	ETP-lower	ETP-lower	ETP-lower	FALSE	cell_count<5	449438
4N-A5-RR	11	4N-A5-RR__bin11	4	0.5	0.55	0.525	0mg/kg	0	4N	137	0.515721272595607	393	2.21364537941859	2.21976746514272	2.3221240296636	-0.0849881558945846	ETP-lower	ETP-lower	ETP-lower	FALSE	cell_count<5	419587
4N-A5-RR	12	4N-A5-RR__bin12	7	0.55	0.6	0.575	0mg/kg	0	4N	137	0.515721272595607	393	2.21364537941859	2.21976746514272	2.3221240296636	-0.0849881558945846	ETP-lower	ETP-lower	ETP-lower	TRUE	NA	1110315
4N-A5-RR	13	4N-A5-RR__bin13	10	0.6	0.65	0.625	0mg/kg	0	4N	137	0.515721272595607	393	2.21364537941859	2.21976746514272	2.3221240296636	-0.0849881558945846	ETP-lower	ETP-lower	ETP-lower	TRUE	NA	1823143
4N-A5-RR	14	4N-A5-RR__bin14	14	0.65	0.7	0.675	0mg/kg	0	4N	137	0.515721272595607	393	2.21364537941859	2.21976746514272	2.3221240296636	-0.0849881558945846	ETP-lower	ETP-lower	ETP-lower	TRUE	NA	2057128
4N-A5-RR	15	4N-A5-RR__bin15	12	0.7	0.75	0.725	0mg/kg	0	4N	137	0.515721272595607	393	2.21364537941859	2.21976746514272	2.3221240296636	-0.0849881558945846	ETP-lower	ETP-lower	ETP-lower	TRUE	NA	1921963
4N-A5-RR	16	4N-A5-RR__bin16	8	0.75	0.8	0.775	0mg/kg	0	4N	137	0.515721272595607	393	2.21364537941859	2.21976746514272	2.3221240296636	-0.0849881558945846	ETP-lower	ETP-lower	ETP-lower	TRUE	NA	1608999
4N-A5-RR	17	4N-A5-RR__bin17	11	0.8	0.85	0.825	0mg/kg	0	4N	137	0.515721272595607	393	2.21364537941859	2.21976746514272	2.3221240296636	-0.0849881558945846	ETP-lower	ETP-lower	ETP-lower	TRUE	NA	2077330
4N-A5-RR	18	4N-A5-RR__bin18	16	0.85	0.9	0.875	0mg/kg	0	4N	137	0.515721272595607	393	2.21364537941859	2.21976746514272	2.3221240296636	-0.0849881558945846	ETP-lower	ETP-lower	ETP-lower	TRUE	NA	2582973
4N-A5-RR	19	4N-A5-RR__bin19	1	0.9	0.95	0.925	0mg/kg	0	4N	137	0.515721272595607	393	2.21364537941859	2.21976746514272	2.3221240296636	-0.0849881558945846	ETP-lower	ETP-lower	ETP-lower	FALSE	cell_count<5	173993
4N-A5-RR	20	4N-A5-RR__bin20	0	0.95	1	0.975	0mg/kg	0	4N	137	0.515721272595607	393	2.21364537941859	2.21976746514272	2.3221240296636	-0.0849881558945846	ETP-lower	ETP-lower	ETP-lower	FALSE	cell_count<5	0
4N-A8-RL	1	4N-A8-RL__bin01	10	0	0.05	0.025	120mg/kg	120	4N	456	0.500231902613386	1832	2.26820976674737	2.28446628345568	2.45545047164558	0.261397816509288	ETP-higher	ETP-lower	ETP-higher	TRUE	NA	1439971
4N-A8-RL	2	4N-A8-RL__bin02	31	0.05	0.1	0.075	120mg/kg	120	4N	456	0.500231902613386	1832	2.26820976674737	2.28446628345568	2.45545047164558	0.261397816509288	ETP-higher	ETP-lower	ETP-higher	TRUE	NA	4428487
4N-A8-RL	3	4N-A8-RL__bin03	24	0.1	0.15	0.125	120mg/kg	120	4N	456	0.500231902613386	1832	2.26820976674737	2.28446628345568	2.45545047164558	0.261397816509288	ETP-higher	ETP-lower	ETP-higher	TRUE	NA	3110593
4N-A8-RL	4	4N-A8-RL__bin04	28	0.15	0.2	0.175	120mg/kg	120	4N	456	0.500231902613386	1832	2.26820976674737	2.28446628345568	2.45545047164558	0.261397816509288	ETP-higher	ETP-lower	ETP-higher	TRUE	NA	3002966
4N-A8-RL	5	4N-A8-RL__bin05	33	0.2	0.25	0.225	120mg/kg	120	4N	456	0.500231902613386	1832	2.26820976674737	2.28446628345568	2.45545047164558	0.261397816509288	ETP-higher	ETP-lower	ETP-higher	TRUE	NA	3510245
4N-A8-RL	6	4N-A8-RL__bin06	11	0.25	0.3	0.275	120mg/kg	120	4N	456	0.500231902613386	1832	2.26820976674737	2.28446628345568	2.45545047164558	0.261397816509288	ETP-higher	ETP-lower	ETP-higher	TRUE	NA	972110
4N-A8-RL	7	4N-A8-RL__bin07	16	0.3	0.35	0.325	120mg/kg	120	4N	456	0.500231902613386	1832	2.26820976674737	2.28446628345568	2.45545047164558	0.261397816509288	ETP-higher	ETP-lower	ETP-higher	TRUE	NA	1415447
4N-A8-RL	8	4N-A8-RL__bin08	20	0.35	0.4	0.375	120mg/kg	120	4N	456	0.500231902613386	1832	2.26820976674737	2.28446628345568	2.45545047164558	0.261397816509288	ETP-higher	ETP-lower	ETP-higher	TRUE	NA	1447546
4N-A8-RL	9	4N-A8-RL__bin09	19	0.4	0.45	0.425	120mg/kg	120	4N	456	0.500231902613386	1832	2.26820976674737	2.28446628345568	2.45545047164558	0.261397816509288	ETP-higher	ETP-lower	ETP-higher	TRUE	NA	920393
4N-A8-RL	10	4N-A8-RL__bin10	14	0.45	0.5	0.475	120mg/kg	120	4N	456	0.500231902613386	1832	2.26820976674737	2.28446628345568	2.45545047164558	0.261397816509288	ETP-higher	ETP-lower	ETP-higher	TRUE	NA	1143229
4N-A8-RL	11	4N-A8-RL__bin11	25	0.5	0.55	0.525	120mg/kg	120	4N	456	0.500231902613386	1832	2.26820976674737	2.28446628345568	2.45545047164558	0.261397816509288	ETP-higher	ETP-lower	ETP-higher	TRUE	NA	2386621
4N-A8-RL	12	4N-A8-RL__bin12	30	0.55	0.6	0.575	120mg/kg	120	4N	456	0.500231902613386	1832	2.26820976674737	2.28446628345568	2.45545047164558	0.261397816509288	ETP-higher	ETP-lower	ETP-higher	TRUE	NA	3272071
4N-A8-RL	13	4N-A8-RL__bin13	16	0.6	0.65	0.625	120mg/kg	120	4N	456	0.500231902613386	1832	2.26820976674737	2.28446628345568	2.45545047164558	0.261397816509288	ETP-higher	ETP-lower	ETP-higher	TRUE	NA	2581826
4N-A8-RL	14	4N-A8-RL__bin14	31	0.65	0.7	0.675	120mg/kg	120	4N	456	0.500231902613386	1832	2.26820976674737	2.28446628345568	2.45545047164558	0.261397816509288	ETP-higher	ETP-lower	ETP-higher	TRUE	NA	3485040
4N-A8-RL	15	4N-A8-RL__bin15	37	0.7	0.75	0.725	120mg/kg	120	4N	456	0.500231902613386	1832	2.26820976674737	2.28446628345568	2.45545047164558	0.261397816509288	ETP-higher	ETP-lower	ETP-higher	TRUE	NA	4958231
4N-A8-RL	16	4N-A8-RL__bin16	42	0.75	0.8	0.775	120mg/kg	120	4N	456	0.500231902613386	1832	2.26820976674737	2.28446628345568	2.45545047164558	0.261397816509288	ETP-higher	ETP-lower	ETP-higher	TRUE	NA	6328531
4N-A8-RL	17	4N-A8-RL__bin17	37	0.8	0.85	0.825	120mg/kg	120	4N	456	0.500231902613386	1832	2.26820976674737	2.28446628345568	2.45545047164558	0.261397816509288	ETP-higher	ETP-lower	ETP-higher	TRUE	NA	4612907
4N-A8-RL	18	4N-A8-RL__bin18	28	0.85	0.9	0.875	120mg/kg	120	4N	456	0.500231902613386	1832	2.26820976674737	2.28446628345568	2.45545047164558	0.261397816509288	ETP-higher	ETP-lower	ETP-higher	TRUE	NA	3027301
4N-A8-RL	19	4N-A8-RL__bin19	3	0.9	0.95	0.925	120mg/kg	120	4N	456	0.500231902613386	1832	2.26820976674737	2.28446628345568	2.45545047164558	0.261397816509288	ETP-higher	ETP-lower	ETP-higher	FALSE	cell_count<5	285215
4N-A8-RL	20	4N-A8-RL__bin20	1	0.95	1	0.975	120mg/kg	120	4N	456	0.500231902613386	1832	2.26820976674737	2.28446628345568	2.45545047164558	0.261397816509288	ETP-higher	ETP-lower	ETP-higher	FALSE	cell_count<5	123095
4N-A8-RR	1	4N-A8-RR__bin01	2	0	0.05	0.025	120mg/kg	120	4N	88	0.475019505649636	247	2.22746650120564	2.24253971173807	2.3353647497232	0.0027511727095117	ETP-lower	ETP-lower	ETP-lower	FALSE	cell_count<5	391265
4N-A8-RR	2	4N-A8-RR__bin02	6	0.05	0.1	0.075	120mg/kg	120	4N	88	0.475019505649636	247	2.22746650120564	2.24253971173807	2.3353647497232	0.0027511727095117	ETP-lower	ETP-lower	ETP-lower	TRUE	NA	561956
4N-A8-RR	3	4N-A8-RR__bin03	4	0.1	0.15	0.125	120mg/kg	120	4N	88	0.475019505649636	247	2.22746650120564	2.24253971173807	2.3353647497232	0.0027511727095117	ETP-lower	ETP-lower	ETP-lower	FALSE	cell_count<5	164525
4N-A8-RR	4	4N-A8-RR__bin04	6	0.15	0.2	0.175	120mg/kg	120	4N	88	0.475019505649636	247	2.22746650120564	2.24253971173807	2.3353647497232	0.0027511727095117	ETP-lower	ETP-lower	ETP-lower	TRUE	NA	142425
4N-A8-RR	5	4N-A8-RR__bin05	3	0.2	0.25	0.225	120mg/kg	120	4N	88	0.475019505649636	247	2.22746650120564	2.24253971173807	2.3353647497232	0.0027511727095117	ETP-lower	ETP-lower	ETP-lower	FALSE	cell_count<5	145901
4N-A8-RR	6	4N-A8-RR__bin06	5	0.25	0.3	0.275	120mg/kg	120	4N	88	0.475019505649636	247	2.22746650120564	2.24253971173807	2.3353647497232	0.0027511727095117	ETP-lower	ETP-lower	ETP-lower	TRUE	NA	110702
4N-A8-RR	7	4N-A8-RR__bin07	3	0.3	0.35	0.325	120mg/kg	120	4N	88	0.475019505649636	247	2.22746650120564	2.24253971173807	2.3353647497232	0.0027511727095117	ETP-lower	ETP-lower	ETP-lower	FALSE	cell_count<5	2139
4N-A8-RR	8	4N-A8-RR__bin08	4	0.35	0.4	0.375	120mg/kg	120	4N	88	0.475019505649636	247	2.22746650120564	2.24253971173807	2.3353647497232	0.0027511727095117	ETP-lower	ETP-lower	ETP-lower	FALSE	cell_count<5	21700
4N-A8-RR	9	4N-A8-RR__bin09	5	0.4	0.45	0.425	120mg/kg	120	4N	88	0.475019505649636	247	2.22746650120564	2.24253971173807	2.3353647497232	0.0027511727095117	ETP-lower	ETP-lower	ETP-lower	TRUE	NA	157450
4N-A8-RR	10	4N-A8-RR__bin10	5	0.45	0.5	0.475	120mg/kg	120	4N	88	0.475019505649636	247	2.22746650120564	2.24253971173807	2.3353647497232	0.0027511727095117	ETP-lower	ETP-lower	ETP-lower	TRUE	NA	167898
4N-A8-RR	11	4N-A8-RR__bin11	6	0.5	0.55	0.525	120mg/kg	120	4N	88	0.475019505649636	247	2.22746650120564	2.24253971173807	2.3353647497232	0.0027511727095117	ETP-lower	ETP-lower	ETP-lower	TRUE	NA	359672
4N-A8-RR	12	4N-A8-RR__bin12	8	0.55	0.6	0.575	120mg/kg	120	4N	88	0.475019505649636	247	2.22746650120564	2.24253971173807	2.3353647497232	0.0027511727095117	ETP-lower	ETP-lower	ETP-lower	TRUE	NA	654333
4N-A8-RR	13	4N-A8-RR__bin13	2	0.6	0.65	0.625	120mg/kg	120	4N	88	0.475019505649636	247	2.22746650120564	2.24253971173807	2.3353647497232	0.0027511727095117	ETP-lower	ETP-lower	ETP-lower	FALSE	cell_count<5	352673
4N-A8-RR	14	4N-A8-RR__bin14	7	0.65	0.7	0.675	120mg/kg	120	4N	88	0.475019505649636	247	2.22746650120564	2.24253971173807	2.3353647497232	0.0027511727095117	ETP-lower	ETP-lower	ETP-lower	TRUE	NA	524961
4N-A8-RR	15	4N-A8-RR__bin15	10	0.7	0.75	0.725	120mg/kg	120	4N	88	0.475019505649636	247	2.22746650120564	2.24253971173807	2.3353647497232	0.0027511727095117	ETP-lower	ETP-lower	ETP-lower	TRUE	NA	906031
4N-A8-RR	16	4N-A8-RR__bin16	6	0.75	0.8	0.775	120mg/kg	120	4N	88	0.475019505649636	247	2.22746650120564	2.24253971173807	2.3353647497232	0.0027511727095117	ETP-lower	ETP-lower	ETP-lower	TRUE	NA	447212
4N-A8-RR	17	4N-A8-RR__bin17	2	0.8	0.85	0.825	120mg/kg	120	4N	88	0.475019505649636	247	2.22746650120564	2.24253971173807	2.3353647497232	0.0027511727095117	ETP-lower	ETP-lower	ETP-lower	FALSE	cell_count<5	90715
4N-A8-RR	18	4N-A8-RR__bin18	4	0.85	0.9	0.875	120mg/kg	120	4N	88	0.475019505649636	247	2.22746650120564	2.24253971173807	2.3353647497232	0.0027511727095117	ETP-lower	ETP-lower	ETP-lower	FALSE	cell_count<5	681385
4N-A8-RR	19	4N-A8-RR__bin19	0	0.9	0.95	0.925	120mg/kg	120	4N	88	0.475019505649636	247	2.22746650120564	2.24253971173807	2.3353647497232	0.0027511727095117	ETP-lower	ETP-lower	ETP-lower	FALSE	cell_count<5	0
4N-A8-RR	20	4N-A8-RR__bin20	0	0.95	1	0.975	120mg/kg	120	4N	88	0.475019505649636	247	2.22746650120564	2.24253971173807	2.3353647497232	0.0027511727095117	ETP-lower	ETP-lower	ETP-lower	FALSE	cell_count<5	0
A5-4N-L	1	A5-4N-L__bin01	6	0	0.05	0.025	0mg/kg	0	4N	124	0.532221955675331	385	2.31897261349314	2.33151785914244	2.38980000443804	0.583650826078914	ETP-higher	ETP-lower	ETP-higher	TRUE	NA	829284
A5-4N-L	2	A5-4N-L__bin02	10	0.05	0.1	0.075	0mg/kg	0	4N	124	0.532221955675331	385	2.31897261349314	2.33151785914244	2.38980000443804	0.583650826078914	ETP-higher	ETP-lower	ETP-higher	TRUE	NA	976922
A5-4N-L	3	A5-4N-L__bin03	2	0.1	0.15	0.125	0mg/kg	0	4N	124	0.532221955675331	385	2.31897261349314	2.33151785914244	2.38980000443804	0.583650826078914	ETP-higher	ETP-lower	ETP-higher	FALSE	cell_count<5	448676
A5-4N-L	4	A5-4N-L__bin04	3	0.15	0.2	0.175	0mg/kg	0	4N	124	0.532221955675331	385	2.31897261349314	2.33151785914244	2.38980000443804	0.583650826078914	ETP-higher	ETP-lower	ETP-higher	FALSE	cell_count<5	809204
A5-4N-L	5	A5-4N-L__bin05	3	0.2	0.25	0.225	0mg/kg	0	4N	124	0.532221955675331	385	2.31897261349314	2.33151785914244	2.38980000443804	0.583650826078914	ETP-higher	ETP-lower	ETP-higher	FALSE	cell_count<5	142410
A5-4N-L	6	A5-4N-L__bin06	6	0.25	0.3	0.275	0mg/kg	0	4N	124	0.532221955675331	385	2.31897261349314	2.33151785914244	2.38980000443804	0.583650826078914	ETP-higher	ETP-lower	ETP-higher	TRUE	NA	557963
A5-4N-L	7	A5-4N-L__bin07	3	0.3	0.35	0.325	0mg/kg	0	4N	124	0.532221955675331	385	2.31897261349314	2.33151785914244	2.38980000443804	0.583650826078914	ETP-higher	ETP-lower	ETP-higher	FALSE	cell_count<5	4585
A5-4N-L	8	A5-4N-L__bin08	5	0.35	0.4	0.375	0mg/kg	0	4N	124	0.532221955675331	385	2.31897261349314	2.33151785914244	2.38980000443804	0.583650826078914	ETP-higher	ETP-lower	ETP-higher	TRUE	NA	293443
A5-4N-L	9	A5-4N-L__bin09	5	0.4	0.45	0.425	0mg/kg	0	4N	124	0.532221955675331	385	2.31897261349314	2.33151785914244	2.38980000443804	0.583650826078914	ETP-higher	ETP-lower	ETP-higher	TRUE	NA	157302
A5-4N-L	10	A5-4N-L__bin10	6	0.45	0.5	0.475	0mg/kg	0	4N	124	0.532221955675331	385	2.31897261349314	2.33151785914244	2.38980000443804	0.583650826078914	ETP-higher	ETP-lower	ETP-higher	TRUE	NA	229797
A5-4N-L	11	A5-4N-L__bin11	11	0.5	0.55	0.525	0mg/kg	0	4N	124	0.532221955675331	385	2.31897261349314	2.33151785914244	2.38980000443804	0.583650826078914	ETP-higher	ETP-lower	ETP-higher	TRUE	NA	816206
A5-4N-L	12	A5-4N-L__bin12	6	0.55	0.6	0.575	0mg/kg	0	4N	124	0.532221955675331	385	2.31897261349314	2.33151785914244	2.38980000443804	0.583650826078914	ETP-higher	ETP-lower	ETP-higher	TRUE	NA	639150
A5-4N-L	13	A5-4N-L__bin13	6	0.6	0.65	0.625	0mg/kg	0	4N	124	0.532221955675331	385	2.31897261349314	2.33151785914244	2.38980000443804	0.583650826078914	ETP-higher	ETP-lower	ETP-higher	TRUE	NA	716691
A5-4N-L	14	A5-4N-L__bin14	10	0.65	0.7	0.675	0mg/kg	0	4N	124	0.532221955675331	385	2.31897261349314	2.33151785914244	2.38980000443804	0.583650826078914	ETP-higher	ETP-lower	ETP-higher	TRUE	NA	1068322
A5-4N-L	15	A5-4N-L__bin15	8	0.7	0.75	0.725	0mg/kg	0	4N	124	0.532221955675331	385	2.31897261349314	2.33151785914244	2.38980000443804	0.583650826078914	ETP-higher	ETP-lower	ETP-higher	TRUE	NA	799080
A5-4N-L	16	A5-4N-L__bin16	11	0.75	0.8	0.775	0mg/kg	0	4N	124	0.532221955675331	385	2.31897261349314	2.33151785914244	2.38980000443804	0.583650826078914	ETP-higher	ETP-lower	ETP-higher	TRUE	NA	2256231
A5-4N-L	17	A5-4N-L__bin17	5	0.8	0.85	0.825	0mg/kg	0	4N	124	0.532221955675331	385	2.31897261349314	2.33151785914244	2.38980000443804	0.583650826078914	ETP-higher	ETP-lower	ETP-higher	TRUE	NA	855645
A5-4N-L	18	A5-4N-L__bin18	13	0.85	0.9	0.875	0mg/kg	0	4N	124	0.532221955675331	385	2.31897261349314	2.33151785914244	2.38980000443804	0.583650826078914	ETP-higher	ETP-lower	ETP-higher	TRUE	NA	2321920
A5-4N-L	19	A5-4N-L__bin19	5	0.9	0.95	0.925	0mg/kg	0	4N	124	0.532221955675331	385	2.31897261349314	2.33151785914244	2.38980000443804	0.583650826078914	ETP-higher	ETP-lower	ETP-higher	TRUE	NA	685303
A5-4N-L	20	A5-4N-L__bin20	0	0.95	1	0.975	0mg/kg	0	4N	124	0.532221955675331	385	2.31897261349314	2.33151785914244	2.38980000443804	0.583650826078914	ETP-higher	ETP-lower	ETP-higher	FALSE	cell_count<5	0
A5-4N-R	1	A5-4N-R__bin01	6	0	0.05	0.025	0mg/kg	0	4N	99	0.503394297107753	358	2.29231396186638	2.30161781609851	2.40093142626517	0.414416213197222	ETP-higher	ETP-lower	ETP-higher	TRUE	NA	1070624
A5-4N-R	2	A5-4N-R__bin02	5	0.05	0.1	0.075	0mg/kg	0	4N	99	0.503394297107753	358	2.29231396186638	2.30161781609851	2.40093142626517	0.414416213197222	ETP-higher	ETP-lower	ETP-higher	TRUE	NA	796355
A5-4N-R	3	A5-4N-R__bin03	4	0.1	0.15	0.125	0mg/kg	0	4N	99	0.503394297107753	358	2.29231396186638	2.30161781609851	2.40093142626517	0.414416213197222	ETP-higher	ETP-lower	ETP-higher	FALSE	cell_count<5	613810
A5-4N-R	4	A5-4N-R__bin04	6	0.15	0.2	0.175	0mg/kg	0	4N	99	0.503394297107753	358	2.29231396186638	2.30161781609851	2.40093142626517	0.414416213197222	ETP-higher	ETP-lower	ETP-higher	TRUE	NA	1037757
A5-4N-R	5	A5-4N-R__bin05	8	0.2	0.25	0.225	0mg/kg	0	4N	99	0.503394297107753	358	2.29231396186638	2.30161781609851	2.40093142626517	0.414416213197222	ETP-higher	ETP-lower	ETP-higher	TRUE	NA	867447
A5-4N-R	6	A5-4N-R__bin06	1	0.25	0.3	0.275	0mg/kg	0	4N	99	0.503394297107753	358	2.29231396186638	2.30161781609851	2.40093142626517	0.414416213197222	ETP-higher	ETP-lower	ETP-higher	FALSE	cell_count<5	117938
A5-4N-R	7	A5-4N-R__bin07	7	0.3	0.35	0.325	0mg/kg	0	4N	99	0.503394297107753	358	2.29231396186638	2.30161781609851	2.40093142626517	0.414416213197222	ETP-higher	ETP-lower	ETP-higher	TRUE	NA	537700
A5-4N-R	8	A5-4N-R__bin08	4	0.35	0.4	0.375	0mg/kg	0	4N	99	0.503394297107753	358	2.29231396186638	2.30161781609851	2.40093142626517	0.414416213197222	ETP-higher	ETP-lower	ETP-higher	FALSE	cell_count<5	214016
A5-4N-R	9	A5-4N-R__bin09	2	0.4	0.45	0.425	0mg/kg	0	4N	99	0.503394297107753	358	2.29231396186638	2.30161781609851	2.40093142626517	0.414416213197222	ETP-higher	ETP-lower	ETP-higher	FALSE	cell_count<5	99622
A5-4N-R	10	A5-4N-R__bin10	3	0.45	0.5	0.475	0mg/kg	0	4N	99	0.503394297107753	358	2.29231396186638	2.30161781609851	2.40093142626517	0.414416213197222	ETP-higher	ETP-lower	ETP-higher	FALSE	cell_count<5	238656
A5-4N-R	11	A5-4N-R__bin11	2	0.5	0.55	0.525	0mg/kg	0	4N	99	0.503394297107753	358	2.29231396186638	2.30161781609851	2.40093142626517	0.414416213197222	ETP-higher	ETP-lower	ETP-higher	FALSE	cell_count<5	180054
A5-4N-R	12	A5-4N-R__bin12	5	0.55	0.6	0.575	0mg/kg	0	4N	99	0.503394297107753	358	2.29231396186638	2.30161781609851	2.40093142626517	0.414416213197222	ETP-higher	ETP-lower	ETP-higher	TRUE	NA	1086937
A5-4N-R	13	A5-4N-R__bin13	2	0.6	0.65	0.625	0mg/kg	0	4N	99	0.503394297107753	358	2.29231396186638	2.30161781609851	2.40093142626517	0.414416213197222	ETP-higher	ETP-lower	ETP-higher	FALSE	cell_count<5	248619
A5-4N-R	14	A5-4N-R__bin14	7	0.65	0.7	0.675	0mg/kg	0	4N	99	0.503394297107753	358	2.29231396186638	2.30161781609851	2.40093142626517	0.414416213197222	ETP-higher	ETP-lower	ETP-higher	TRUE	NA	1210564
A5-4N-R	15	A5-4N-R__bin15	9	0.7	0.75	0.725	0mg/kg	0	4N	99	0.503394297107753	358	2.29231396186638	2.30161781609851	2.40093142626517	0.414416213197222	ETP-higher	ETP-lower	ETP-higher	TRUE	NA	1517126
A5-4N-R	16	A5-4N-R__bin16	6	0.75	0.8	0.775	0mg/kg	0	4N	99	0.503394297107753	358	2.29231396186638	2.30161781609851	2.40093142626517	0.414416213197222	ETP-higher	ETP-lower	ETP-higher	TRUE	NA	878867
A5-4N-R	17	A5-4N-R__bin17	14	0.8	0.85	0.825	0mg/kg	0	4N	99	0.503394297107753	358	2.29231396186638	2.30161781609851	2.40093142626517	0.414416213197222	ETP-higher	ETP-lower	ETP-higher	TRUE	NA	2479460
A5-4N-R	18	A5-4N-R__bin18	8	0.85	0.9	0.875	0mg/kg	0	4N	99	0.503394297107753	358	2.29231396186638	2.30161781609851	2.40093142626517	0.414416213197222	ETP-higher	ETP-lower	ETP-higher	TRUE	NA	2096347
A5-4N-R	19	A5-4N-R__bin19	0	0.9	0.95	0.925	0mg/kg	0	4N	99	0.503394297107753	358	2.29231396186638	2.30161781609851	2.40093142626517	0.414416213197222	ETP-higher	ETP-lower	ETP-higher	FALSE	cell_count<5	0
A5-4N-R	20	A5-4N-R__bin20	0	0.95	1	0.975	0mg/kg	0	4N	99	0.503394297107753	358	2.29231396186638	2.30161781609851	2.40093142626517	0.414416213197222	ETP-higher	ETP-lower	ETP-higher	FALSE	cell_count<5	0
A6-4N-O	1	A6-4N-O__bin01	2	0	0.05	0.025	30mg/kg	30	4N	60	0.49985921792686	189	2.40690861238325	2.42394706229618	2.54392440450358	1.14188666406819	ETP-higher	ETP-higher	ETP-higher	FALSE	cell_count<5	468174
A6-4N-O	2	A6-4N-O__bin02	4	0.05	0.1	0.075	30mg/kg	30	4N	60	0.49985921792686	189	2.40690861238325	2.42394706229618	2.54392440450358	1.14188666406819	ETP-higher	ETP-higher	ETP-higher	FALSE	cell_count<5	750794
A6-4N-O	3	A6-4N-O__bin03	3	0.1	0.15	0.125	30mg/kg	30	4N	60	0.49985921792686	189	2.40690861238325	2.42394706229618	2.54392440450358	1.14188666406819	ETP-higher	ETP-higher	ETP-higher	FALSE	cell_count<5	473863
A6-4N-O	4	A6-4N-O__bin04	3	0.15	0.2	0.175	30mg/kg	30	4N	60	0.49985921792686	189	2.40690861238325	2.42394706229618	2.54392440450358	1.14188666406819	ETP-higher	ETP-higher	ETP-higher	FALSE	cell_count<5	146894
A6-4N-O	5	A6-4N-O__bin05	2	0.2	0.25	0.225	30mg/kg	30	4N	60	0.49985921792686	189	2.40690861238325	2.42394706229618	2.54392440450358	1.14188666406819	ETP-higher	ETP-higher	ETP-higher	FALSE	cell_count<5	234296
A6-4N-O	6	A6-4N-O__bin06	5	0.25	0.3	0.275	30mg/kg	30	4N	60	0.49985921792686	189	2.40690861238325	2.42394706229618	2.54392440450358	1.14188666406819	ETP-higher	ETP-higher	ETP-higher	TRUE	NA	366378
A6-4N-O	7	A6-4N-O__bin07	2	0.3	0.35	0.325	30mg/kg	30	4N	60	0.49985921792686	189	2.40690861238325	2.42394706229618	2.54392440450358	1.14188666406819	ETP-higher	ETP-higher	ETP-higher	FALSE	cell_count<5	6787
A6-4N-O	8	A6-4N-O__bin08	3	0.35	0.4	0.375	30mg/kg	30	4N	60	0.49985921792686	189	2.40690861238325	2.42394706229618	2.54392440450358	1.14188666406819	ETP-higher	ETP-higher	ETP-higher	FALSE	cell_count<5	5873
A6-4N-O	9	A6-4N-O__bin09	3	0.4	0.45	0.425	30mg/kg	30	4N	60	0.49985921792686	189	2.40690861238325	2.42394706229618	2.54392440450358	1.14188666406819	ETP-higher	ETP-higher	ETP-higher	FALSE	cell_count<5	593362
A6-4N-O	10	A6-4N-O__bin10	2	0.45	0.5	0.475	30mg/kg	30	4N	60	0.49985921792686	189	2.40690861238325	2.42394706229618	2.54392440450358	1.14188666406819	ETP-higher	ETP-higher	ETP-higher	FALSE	cell_count<5	8102
A6-4N-O	11	A6-4N-O__bin11	3	0.5	0.55	0.525	30mg/kg	30	4N	60	0.49985921792686	189	2.40690861238325	2.42394706229618	2.54392440450358	1.14188666406819	ETP-higher	ETP-higher	ETP-higher	FALSE	cell_count<5	26705
A6-4N-O	12	A6-4N-O__bin12	0	0.55	0.6	0.575	30mg/kg	30	4N	60	0.49985921792686	189	2.40690861238325	2.42394706229618	2.54392440450358	1.14188666406819	ETP-higher	ETP-higher	ETP-higher	FALSE	cell_count<5	0
A6-4N-O	13	A6-4N-O__bin13	2	0.6	0.65	0.625	30mg/kg	30	4N	60	0.49985921792686	189	2.40690861238325	2.42394706229618	2.54392440450358	1.14188666406819	ETP-higher	ETP-higher	ETP-higher	FALSE	cell_count<5	221723
A6-4N-O	14	A6-4N-O__bin14	6	0.65	0.7	0.675	30mg/kg	30	4N	60	0.49985921792686	189	2.40690861238325	2.42394706229618	2.54392440450358	1.14188666406819	ETP-higher	ETP-higher	ETP-higher	TRUE	NA	1289867
A6-4N-O	15	A6-4N-O__bin15	5	0.7	0.75	0.725	30mg/kg	30	4N	60	0.49985921792686	189	2.40690861238325	2.42394706229618	2.54392440450358	1.14188666406819	ETP-higher	ETP-higher	ETP-higher	TRUE	NA	556000
A6-4N-O	16	A6-4N-O__bin16	6	0.75	0.8	0.775	30mg/kg	30	4N	60	0.49985921792686	189	2.40690861238325	2.42394706229618	2.54392440450358	1.14188666406819	ETP-higher	ETP-higher	ETP-higher	TRUE	NA	1019018
A6-4N-O	17	A6-4N-O__bin17	3	0.8	0.85	0.825	30mg/kg	30	4N	60	0.49985921792686	189	2.40690861238325	2.42394706229618	2.54392440450358	1.14188666406819	ETP-higher	ETP-higher	ETP-higher	FALSE	cell_count<5	315982
A6-4N-O	18	A6-4N-O__bin18	6	0.85	0.9	0.875	30mg/kg	30	4N	60	0.49985921792686	189	2.40690861238325	2.42394706229618	2.54392440450358	1.14188666406819	ETP-higher	ETP-higher	ETP-higher	TRUE	NA	571626
A6-4N-O	19	A6-4N-O__bin19	0	0.9	0.95	0.925	30mg/kg	30	4N	60	0.49985921792686	189	2.40690861238325	2.42394706229618	2.54392440450358	1.14188666406819	ETP-higher	ETP-higher	ETP-higher	FALSE	cell_count<5	0
A6-4N-O	20	A6-4N-O__bin20	0	0.95	1	0.975	30mg/kg	30	4N	60	0.49985921792686	189	2.40690861238325	2.42394706229618	2.54392440450358	1.14188666406819	ETP-higher	ETP-higher	ETP-higher	FALSE	cell_count<5	0
A6-4N-RR	1	A6-4N-RR__bin01	3	0	0.05	0.025	30mg/kg	30	4N	193	0.481236708915064	660	2.23538862603727	2.25006303911147	2.4248958134725	0.0530424532983445	ETP-lower	ETP-lower	ETP-lower	FALSE	cell_count<5	400536
A6-4N-RR	2	A6-4N-RR__bin02	17	0.05	0.1	0.075	30mg/kg	30	4N	193	0.481236708915064	660	2.23538862603727	2.25006303911147	2.4248958134725	0.0530424532983445	ETP-lower	ETP-lower	ETP-lower	TRUE	NA	2599133
A6-4N-RR	3	A6-4N-RR__bin03	16	0.1	0.15	0.125	30mg/kg	30	4N	193	0.481236708915064	660	2.23538862603727	2.25006303911147	2.4248958134725	0.0530424532983445	ETP-lower	ETP-lower	ETP-lower	TRUE	NA	2723313
A6-4N-RR	4	A6-4N-RR__bin04	9	0.15	0.2	0.175	30mg/kg	30	4N	193	0.481236708915064	660	2.23538862603727	2.25006303911147	2.4248958134725	0.0530424532983445	ETP-lower	ETP-lower	ETP-lower	TRUE	NA	1519884
A6-4N-RR	5	A6-4N-RR__bin05	8	0.2	0.25	0.225	30mg/kg	30	4N	193	0.481236708915064	660	2.23538862603727	2.25006303911147	2.4248958134725	0.0530424532983445	ETP-lower	ETP-lower	ETP-lower	TRUE	NA	855070
A6-4N-RR	6	A6-4N-RR__bin06	9	0.25	0.3	0.275	30mg/kg	30	4N	193	0.481236708915064	660	2.23538862603727	2.25006303911147	2.4248958134725	0.0530424532983445	ETP-lower	ETP-lower	ETP-lower	TRUE	NA	1062831
A6-4N-RR	7	A6-4N-RR__bin07	10	0.3	0.35	0.325	30mg/kg	30	4N	193	0.481236708915064	660	2.23538862603727	2.25006303911147	2.4248958134725	0.0530424532983445	ETP-lower	ETP-lower	ETP-lower	TRUE	NA	1616770
A6-4N-RR	8	A6-4N-RR__bin08	3	0.35	0.4	0.375	30mg/kg	30	4N	193	0.481236708915064	660	2.23538862603727	2.25006303911147	2.4248958134725	0.0530424532983445	ETP-lower	ETP-lower	ETP-lower	FALSE	cell_count<5	267260
A6-4N-RR	9	A6-4N-RR__bin09	8	0.4	0.45	0.425	30mg/kg	30	4N	193	0.481236708915064	660	2.23538862603727	2.25006303911147	2.4248958134725	0.0530424532983445	ETP-lower	ETP-lower	ETP-lower	TRUE	NA	916007
A6-4N-RR	10	A6-4N-RR__bin10	10	0.45	0.5	0.475	30mg/kg	30	4N	193	0.481236708915064	660	2.23538862603727	2.25006303911147	2.4248958134725	0.0530424532983445	ETP-lower	ETP-lower	ETP-lower	TRUE	NA	827083
A6-4N-RR	11	A6-4N-RR__bin11	12	0.5	0.55	0.525	30mg/kg	30	4N	193	0.481236708915064	660	2.23538862603727	2.25006303911147	2.4248958134725	0.0530424532983445	ETP-lower	ETP-lower	ETP-lower	TRUE	NA	905828
A6-4N-RR	12	A6-4N-RR__bin12	9	0.55	0.6	0.575	30mg/kg	30	4N	193	0.481236708915064	660	2.23538862603727	2.25006303911147	2.4248958134725	0.0530424532983445	ETP-lower	ETP-lower	ETP-lower	TRUE	NA	1216083
A6-4N-RR	13	A6-4N-RR__bin13	13	0.6	0.65	0.625	30mg/kg	30	4N	193	0.481236708915064	660	2.23538862603727	2.25006303911147	2.4248958134725	0.0530424532983445	ETP-lower	ETP-lower	ETP-lower	TRUE	NA	1882175
A6-4N-RR	14	A6-4N-RR__bin14	11	0.65	0.7	0.675	30mg/kg	30	4N	193	0.481236708915064	660	2.23538862603727	2.25006303911147	2.4248958134725	0.0530424532983445	ETP-lower	ETP-lower	ETP-lower	TRUE	NA	2338901
A6-4N-RR	15	A6-4N-RR__bin15	12	0.7	0.75	0.725	30mg/kg	30	4N	193	0.481236708915064	660	2.23538862603727	2.25006303911147	2.4248958134725	0.0530424532983445	ETP-lower	ETP-lower	ETP-lower	TRUE	NA	2563700
A6-4N-RR	16	A6-4N-RR__bin16	11	0.75	0.8	0.775	30mg/kg	30	4N	193	0.481236708915064	660	2.23538862603727	2.25006303911147	2.4248958134725	0.0530424532983445	ETP-lower	ETP-lower	ETP-lower	TRUE	NA	2054120
A6-4N-RR	17	A6-4N-RR__bin17	16	0.8	0.85	0.825	30mg/kg	30	4N	193	0.481236708915064	660	2.23538862603727	2.25006303911147	2.4248958134725	0.0530424532983445	ETP-lower	ETP-lower	ETP-lower	TRUE	NA	2544250
A6-4N-RR	18	A6-4N-RR__bin18	15	0.85	0.9	0.875	30mg/kg	30	4N	193	0.481236708915064	660	2.23538862603727	2.25006303911147	2.4248958134725	0.0530424532983445	ETP-lower	ETP-lower	ETP-lower	TRUE	NA	2723055
A6-4N-RR	19	A6-4N-RR__bin19	1	0.9	0.95	0.925	30mg/kg	30	4N	193	0.481236708915064	660	2.23538862603727	2.25006303911147	2.4248958134725	0.0530424532983445	ETP-lower	ETP-lower	ETP-lower	FALSE	cell_count<5	161450
A6-4N-RR	20	A6-4N-RR__bin20	0	0.95	1	0.975	30mg/kg	30	4N	193	0.481236708915064	660	2.23538862603727	2.25006303911147	2.4248958134725	0.0530424532983445	ETP-lower	ETP-lower	ETP-lower	FALSE	cell_count<5	0
