"sample_id","initial_ploidy","dose_mg","dose","treatment_status","day","tumor_volume","tumor_volume_change","series_type","reference_n","control_summary","highlight_day","is_highlight_day","tgi_measure"
"2N-A1-0","2N",0,"0mg/kg","untreated control",0,40,0,"individual mouse",NA,"mean",17,FALSE,"TGI_percent_Day_17"
"2N-A1-0","2N",0,"0mg/kg","untreated control",3,125.44,85.44,"individual mouse",NA,"mean",17,FALSE,"TGI_percent_Day_17"
"2N-A1-0","2N",0,"0mg/kg","untreated control",7,274.44,234.44,"individual mouse",NA,"mean",17,FALSE,"TGI_percent_Day_17"
"2N-A1-0","2N",0,"0mg/kg","untreated control",10,689.7,649.7,"individual mouse",NA,"mean",17,FALSE,"TGI_percent_Day_17"
"2N-A1-0","2N",0,"0mg/kg","untreated control",14,778.53,738.53,"individual mouse",NA,"mean",17,FALSE,"TGI_percent_Day_17"
"2N-A1-0","2N",0,"0mg/kg","untreated control",17,1056.3,1016.3,"individual mouse",NA,"mean",17,TRUE,"TGI_percent_Day_17"
"2N-A1-0","2N",0,"0mg/kg","untreated control",21,1245.46,1205.46,"individual mouse",NA,"mean",17,FALSE,"TGI_percent_Day_17"
"2N-A1-0","2N",0,"0mg/kg","untreated control",24,1916.6,1876.6,"individual mouse",NA,"mean",17,FALSE,"TGI_percent_Day_17"
"2N-A1-0","2N",0,"0mg/kg","untreated control",27,1767.87,1727.87,"individual mouse",NA,"mean",17,FALSE,"TGI_percent_Day_17"
"2N-A1-0","2N",0,"0mg/kg","untreated control",31,1729.65,1689.65,"individual mouse",NA,"mean",17,FALSE,"TGI_percent_Day_17"
"2N-A1-0","2N",0,"0mg/kg","untreated control",34,1729.65,1689.65,"individual mouse",NA,"mean",17,FALSE,"TGI_percent_Day_17"
"2N-A1-0","2N",0,"0mg/kg","untreated control",38,1729.65,1689.65,"individual mouse",NA,"mean",17,FALSE,"TGI_percent_Day_17"
"2N-A1-LR","2N",0,"0mg/kg","untreated control",0,133.43,0,"individual mouse",NA,"mean",17,FALSE,"TGI_percent_Day_17"
"2N-A1-LR","2N",0,"0mg/kg","untreated control",3,379.91,246.48,"individual mouse",NA,"mean",17,FALSE,"TGI_percent_Day_17"
"2N-A1-LR","2N",0,"0mg/kg","untreated control",7,459.47,326.04,"individual mouse",NA,"mean",17,FALSE,"TGI_percent_Day_17"
"2N-A1-LR","2N",0,"0mg/kg","untreated control",10,567.09,433.66,"individual mouse",NA,"mean",17,FALSE,"TGI_percent_Day_17"
"2N-A1-LR","2N",0,"0mg/kg","untreated control",14,958.81,825.38,"individual mouse",NA,"mean",17,FALSE,"TGI_percent_Day_17"
"2N-A1-LR","2N",0,"0mg/kg","untreated control",17,932.14,798.71,"individual mouse",NA,"mean",17,TRUE,"TGI_percent_Day_17"
"2N-A1-LR","2N",0,"0mg/kg","untreated control",21,766.32,632.89,"individual mouse",NA,"mean",17,FALSE,"TGI_percent_Day_17"
"2N-A1-LR","2N",0,"0mg/kg","untreated control",24,1441.37,1307.94,"individual mouse",NA,"mean",17,FALSE,"TGI_percent_Day_17"
"2N-A1-LR","2N",0,"0mg/kg","untreated control",27,1902.76,1769.33,"individual mouse",NA,"mean",17,FALSE,"TGI_percent_Day_17"
"2N-A1-LR","2N",0,"0mg/kg","untreated control",31,2622.36,2488.93,"individual mouse",NA,"mean",17,FALSE,"TGI_percent_Day_17"
"2N-A1-LR","2N",0,"0mg/kg","untreated control",34,2622.36,2488.93,"individual mouse",NA,"mean",17,FALSE,"TGI_percent_Day_17"
"2N-A1-LR","2N",0,"0mg/kg","untreated control",38,2622.36,2488.93,"individual mouse",NA,"mean",17,FALSE,"TGI_percent_Day_17"
"2N-A1-R","2N",0,"0mg/kg","untreated control",0,647.15,0,"individual mouse",NA,"mean",17,FALSE,"TGI_percent_Day_17"
"2N-A1-R","2N",0,"0mg/kg","untreated control",3,306.66,-340.49,"individual mouse",NA,"mean",17,FALSE,"TGI_percent_Day_17"
"2N-A1-R","2N",0,"0mg/kg","untreated control",7,433.94,-213.21,"individual mouse",NA,"mean",17,FALSE,"TGI_percent_Day_17"
"2N-A1-R","2N",0,"0mg/kg","untreated control",10,448,-199.15,"individual mouse",NA,"mean",17,FALSE,"TGI_percent_Day_17"
"2N-A1-R","2N",0,"0mg/kg","untreated control",14,499.23,-147.92,"individual mouse",NA,"mean",17,FALSE,"TGI_percent_Day_17"
"2N-A1-R","2N",0,"0mg/kg","untreated control",17,741.58,94.4300000000001,"individual mouse",NA,"mean",17,TRUE,"TGI_percent_Day_17"
"2N-A1-R","2N",0,"0mg/kg","untreated control",21,724.27,77.12,"individual mouse",NA,"mean",17,FALSE,"TGI_percent_Day_17"
"2N-A1-R","2N",0,"0mg/kg","untreated control",24,1108.81,461.66,"individual mouse",NA,"mean",17,FALSE,"TGI_percent_Day_17"
"2N-A1-R","2N",0,"0mg/kg","untreated control",27,1594.69,947.54,"individual mouse",NA,"mean",17,FALSE,"TGI_percent_Day_17"
"2N-A1-R","2N",0,"0mg/kg","untreated control",31,1683.14,1035.99,"individual mouse",NA,"mean",17,FALSE,"TGI_percent_Day_17"
"2N-A1-R","2N",0,"0mg/kg","untreated control",34,1683.14,1035.99,"individual mouse",NA,"mean",17,FALSE,"TGI_percent_Day_17"
"2N-A1-R","2N",0,"0mg/kg","untreated control",38,1683.14,1035.99,"individual mouse",NA,"mean",17,FALSE,"TGI_percent_Day_17"
"2N-A1-RR","2N",0,"0mg/kg","untreated control",0,161.5,0,"individual mouse",NA,"mean",17,FALSE,"TGI_percent_Day_17"
"2N-A1-RR","2N",0,"0mg/kg","untreated control",3,352.34,190.84,"individual mouse",NA,"mean",17,FALSE,"TGI_percent_Day_17"
"2N-A1-RR","2N",0,"0mg/kg","untreated control",7,456.9,295.4,"individual mouse",NA,"mean",17,FALSE,"TGI_percent_Day_17"
"2N-A1-RR","2N",0,"0mg/kg","untreated control",10,622.08,460.58,"individual mouse",NA,"mean",17,FALSE,"TGI_percent_Day_17"
"2N-A1-RR","2N",0,"0mg/kg","untreated control",14,749.7,588.2,"individual mouse",NA,"mean",17,FALSE,"TGI_percent_Day_17"
"2N-A1-RR","2N",0,"0mg/kg","untreated control",17,1379.74,1218.24,"individual mouse",NA,"mean",17,TRUE,"TGI_percent_Day_17"
"2N-A1-RR","2N",0,"0mg/kg","untreated control",21,1335.1,1173.6,"individual mouse",NA,"mean",17,FALSE,"TGI_percent_Day_17"
"2N-A1-RR","2N",0,"0mg/kg","untreated control",24,1811.25,1649.75,"individual mouse",NA,"mean",17,FALSE,"TGI_percent_Day_17"
"2N-A1-RR","2N",0,"0mg/kg","untreated control",27,2314.7,2153.2,"individual mouse",NA,"mean",17,FALSE,"TGI_percent_Day_17"
"2N-A1-RR","2N",0,"0mg/kg","untreated control",31,3375.35,3213.85,"individual mouse",NA,"mean",17,FALSE,"TGI_percent_Day_17"
"2N-A1-RR","2N",0,"0mg/kg","untreated control",34,3375.35,3213.85,"individual mouse",NA,"mean",17,FALSE,"TGI_percent_Day_17"
"2N-A1-RR","2N",0,"0mg/kg","untreated control",38,3375.35,3213.85,"individual mouse",NA,"mean",17,FALSE,"TGI_percent_Day_17"
"2N-A2-0","2N",30,"30mg/kg","treated",0,495.62,0,"individual mouse",NA,"mean",17,FALSE,"TGI_percent_Day_17"
"2N-A2-0","2N",30,"30mg/kg","treated",3,433.7,-61.92,"individual mouse",NA,"mean",17,FALSE,"TGI_percent_Day_17"
"2N-A2-0","2N",30,"30mg/kg","treated",7,370.7,-124.92,"individual mouse",NA,"mean",17,FALSE,"TGI_percent_Day_17"
"2N-A2-0","2N",30,"30mg/kg","treated",10,426.28,-69.34,"individual mouse",NA,"mean",17,FALSE,"TGI_percent_Day_17"
"2N-A2-0","2N",30,"30mg/kg","treated",14,482.23,-13.39,"individual mouse",NA,"mean",17,FALSE,"TGI_percent_Day_17"
"2N-A2-0","2N",30,"30mg/kg","treated",17,541.02,45.4,"individual mouse",NA,"mean",17,TRUE,"TGI_percent_Day_17"
"2N-A2-0","2N",30,"30mg/kg","treated",21,577.6,81.98,"individual mouse",NA,"mean",17,FALSE,"TGI_percent_Day_17"
"2N-A2-0","2N",30,"30mg/kg","treated",24,751.71,256.09,"individual mouse",NA,"mean",17,FALSE,"TGI_percent_Day_17"
"2N-A2-0","2N",30,"30mg/kg","treated",27,788.29,292.67,"individual mouse",NA,"mean",17,FALSE,"TGI_percent_Day_17"
"2N-A2-0","2N",30,"30mg/kg","treated",31,898.88,403.26,"individual mouse",NA,"mean",17,FALSE,"TGI_percent_Day_17"
"2N-A2-0","2N",30,"30mg/kg","treated",34,1346.48,850.86,"individual mouse",NA,"mean",17,FALSE,"TGI_percent_Day_17"
"2N-A2-0","2N",30,"30mg/kg","treated",38,2142.4,1646.78,"individual mouse",NA,"mean",17,FALSE,"TGI_percent_Day_17"
"2N-A2-L","2N",30,"30mg/kg","treated",0,384,0,"individual mouse",NA,"mean",17,FALSE,"TGI_percent_Day_17"
"2N-A2-L","2N",30,"30mg/kg","treated",3,358.4,-25.6,"individual mouse",NA,"mean",17,FALSE,"TGI_percent_Day_17"
"2N-A2-L","2N",30,"30mg/kg","treated",7,412.51,28.51,"individual mouse",NA,"mean",17,FALSE,"TGI_percent_Day_17"
"2N-A2-L","2N",30,"30mg/kg","treated",10,469.75,85.75,"individual mouse",NA,"mean",17,FALSE,"TGI_percent_Day_17"
"2N-A2-L","2N",30,"30mg/kg","treated",14,822.8,438.8,"individual mouse",NA,"mean",17,FALSE,"TGI_percent_Day_17"
"2N-A2-L","2N",30,"30mg/kg","treated",17,701.09,317.09,"individual mouse",NA,"mean",17,TRUE,"TGI_percent_Day_17"
"2N-A2-L","2N",30,"30mg/kg","treated",21,779.76,395.76,"individual mouse",NA,"mean",17,FALSE,"TGI_percent_Day_17"
"2N-A2-L","2N",30,"30mg/kg","treated",24,987.7,603.7,"individual mouse",NA,"mean",17,FALSE,"TGI_percent_Day_17"
"2N-A2-L","2N",30,"30mg/kg","treated",27,1088.28,704.28,"individual mouse",NA,"mean",17,FALSE,"TGI_percent_Day_17"
"2N-A2-L","2N",30,"30mg/kg","treated",31,1059.17,675.17,"individual mouse",NA,"mean",17,FALSE,"TGI_percent_Day_17"
"2N-A2-L","2N",30,"30mg/kg","treated",34,1130.3,746.3,"individual mouse",NA,"mean",17,FALSE,"TGI_percent_Day_17"
"2N-A2-L","2N",30,"30mg/kg","treated",38,1847.27,1463.27,"individual mouse",NA,"mean",17,FALSE,"TGI_percent_Day_17"
"2N-A4-R","2N",120,"120mg/kg","treated",0,528.22,0,"individual mouse",NA,"mean",17,FALSE,"TGI_percent_Day_17"
"2N-A4-R","2N",120,"120mg/kg","treated",3,713.9,185.68,"individual mouse",NA,"mean",17,FALSE,"TGI_percent_Day_17"
"2N-A4-R","2N",120,"120mg/kg","treated",7,459.6,-68.62,"individual mouse",NA,"mean",17,FALSE,"TGI_percent_Day_17"
"2N-A4-R","2N",120,"120mg/kg","treated",10,370.44,-157.78,"individual mouse",NA,"mean",17,FALSE,"TGI_percent_Day_17"
"2N-A4-R","2N",120,"120mg/kg","treated",14,352.8,-175.42,"individual mouse",NA,"mean",17,FALSE,"TGI_percent_Day_17"
"2N-A4-R","2N",120,"120mg/kg","treated",17,373.18,-155.04,"individual mouse",NA,"mean",17,TRUE,"TGI_percent_Day_17"
"2N-A4-R","2N",120,"120mg/kg","treated",21,527.96,-0.259999999999991,"individual mouse",NA,"mean",17,FALSE,"TGI_percent_Day_17"
"2N-A4-R","2N",120,"120mg/kg","treated",24,919.14,390.92,"individual mouse",NA,"mean",17,FALSE,"TGI_percent_Day_17"
"2N-A4-R","2N",120,"120mg/kg","treated",27,1093.75,565.53,"individual mouse",NA,"mean",17,FALSE,"TGI_percent_Day_17"
"2N-A4-R","2N",120,"120mg/kg","treated",31,1214.7,686.48,"individual mouse",NA,"mean",17,FALSE,"TGI_percent_Day_17"
"2N-A4-R","2N",120,"120mg/kg","treated",34,1524.6,996.38,"individual mouse",NA,"mean",17,FALSE,"TGI_percent_Day_17"
"2N-A4-R","2N",120,"120mg/kg","treated",38,1503.57,975.35,"individual mouse",NA,"mean",17,FALSE,"TGI_percent_Day_17"
"2N-A4-RL","2N",120,"120mg/kg","treated",0,225.26,0,"individual mouse",NA,"mean",17,FALSE,"TGI_percent_Day_17"
"2N-A4-RL","2N",120,"120mg/kg","treated",3,184,-41.26,"individual mouse",NA,"mean",17,FALSE,"TGI_percent_Day_17"
"2N-A4-RL","2N",120,"120mg/kg","treated",7,224.52,-0.739999999999981,"individual mouse",NA,"mean",17,FALSE,"TGI_percent_Day_17"
"2N-A4-RL","2N",120,"120mg/kg","treated",10,303.12,77.86,"individual mouse",NA,"mean",17,FALSE,"TGI_percent_Day_17"
"2N-A4-RL","2N",120,"120mg/kg","treated",14,535,309.74,"individual mouse",NA,"mean",17,FALSE,"TGI_percent_Day_17"
"2N-A4-RL","2N",120,"120mg/kg","treated",17,486.68,261.42,"individual mouse",NA,"mean",17,TRUE,"TGI_percent_Day_17"
"2N-A4-RL","2N",120,"120mg/kg","treated",21,594.88,369.62,"individual mouse",NA,"mean",17,FALSE,"TGI_percent_Day_17"
"2N-A4-RL","2N",120,"120mg/kg","treated",24,1098.31,873.05,"individual mouse",NA,"mean",17,FALSE,"TGI_percent_Day_17"
"2N-A4-RL","2N",120,"120mg/kg","treated",27,1132.3,907.04,"individual mouse",NA,"mean",17,FALSE,"TGI_percent_Day_17"
"2N-A4-RL","2N",120,"120mg/kg","treated",31,1138.69,913.43,"individual mouse",NA,"mean",17,FALSE,"TGI_percent_Day_17"
"2N-A4-RL","2N",120,"120mg/kg","treated",34,1492.78,1267.52,"individual mouse",NA,"mean",17,FALSE,"TGI_percent_Day_17"
"2N-A4-RL","2N",120,"120mg/kg","treated",38,1533.04,1307.78,"individual mouse",NA,"mean",17,FALSE,"TGI_percent_Day_17"
"2N matched-control reference","2N",0,"matched-control reference","untreated control reference",0,NA,0,"matched-control reference",4,"mean",17,FALSE,"TGI_percent_Day_17"
"2N matched-control reference","2N",0,"matched-control reference","untreated control reference",3,NA,45.5675,"matched-control reference",4,"mean",17,FALSE,"TGI_percent_Day_17"
"2N matched-control reference","2N",0,"matched-control reference","untreated control reference",7,NA,160.6675,"matched-control reference",4,"mean",17,FALSE,"TGI_percent_Day_17"
"2N matched-control reference","2N",0,"matched-control reference","untreated control reference",10,NA,336.1975,"matched-control reference",4,"mean",17,FALSE,"TGI_percent_Day_17"
"2N matched-control reference","2N",0,"matched-control reference","untreated control reference",14,NA,501.0475,"matched-control reference",4,"mean",17,FALSE,"TGI_percent_Day_17"
"2N matched-control reference","2N",0,"matched-control reference","untreated control reference",17,NA,781.92,"matched-control reference",4,"mean",17,TRUE,"TGI_percent_Day_17"
"2N matched-control reference","2N",0,"matched-control reference","untreated control reference",21,NA,772.2675,"matched-control reference",4,"mean",17,FALSE,"TGI_percent_Day_17"
"2N matched-control reference","2N",0,"matched-control reference","untreated control reference",24,NA,1323.9875,"matched-control reference",4,"mean",17,FALSE,"TGI_percent_Day_17"
"2N matched-control reference","2N",0,"matched-control reference","untreated control reference",27,NA,1649.485,"matched-control reference",4,"mean",17,FALSE,"TGI_percent_Day_17"
"2N matched-control reference","2N",0,"matched-control reference","untreated control reference",31,NA,2107.105,"matched-control reference",4,"mean",17,FALSE,"TGI_percent_Day_17"
"2N matched-control reference","2N",0,"matched-control reference","untreated control reference",34,NA,2107.105,"matched-control reference",4,"mean",17,FALSE,"TGI_percent_Day_17"
"2N matched-control reference","2N",0,"matched-control reference","untreated control reference",38,NA,2107.105,"matched-control reference",4,"mean",17,FALSE,"TGI_percent_Day_17"
"4N-A5-0","4N",0,"0mg/kg","untreated control",0,214.24,0,"individual mouse",NA,"mean",17,FALSE,"TGI_percent_Day_17"
"4N-A5-0","4N",0,"0mg/kg","untreated control",3,349.27,135.03,"individual mouse",NA,"mean",17,FALSE,"TGI_percent_Day_17"
"4N-A5-0","4N",0,"0mg/kg","untreated control",7,668.37,454.13,"individual mouse",NA,"mean",17,FALSE,"TGI_percent_Day_17"
"4N-A5-0","4N",0,"0mg/kg","untreated control",10,893.83,679.59,"individual mouse",NA,"mean",17,FALSE,"TGI_percent_Day_17"
"4N-A5-0","4N",0,"0mg/kg","untreated control",14,1056.3,842.06,"individual mouse",NA,"mean",17,FALSE,"TGI_percent_Day_17"
"4N-A5-0","4N",0,"0mg/kg","untreated control",17,1205.6,991.36,"individual mouse",NA,"mean",17,TRUE,"TGI_percent_Day_17"
"4N-A5-0","4N",0,"0mg/kg","untreated control",21,1463.41,1249.17,"individual mouse",NA,"mean",17,FALSE,"TGI_percent_Day_17"
"4N-A5-0","4N",0,"0mg/kg","untreated control",24,2058.75,1844.51,"individual mouse",NA,"mean",17,FALSE,"TGI_percent_Day_17"
"4N-A5-0","4N",0,"0mg/kg","untreated control",27,3239.53,3025.29,"individual mouse",NA,"mean",17,FALSE,"TGI_percent_Day_17"
"4N-A5-0","4N",0,"0mg/kg","untreated control",31,3914.14,3699.9,"individual mouse",NA,"mean",17,FALSE,"TGI_percent_Day_17"
"4N-A5-0","4N",0,"0mg/kg","untreated control",34,3914.14,3699.9,"individual mouse",NA,"mean",17,FALSE,"TGI_percent_Day_17"
"4N-A5-0","4N",0,"0mg/kg","untreated control",38,3914.14,3699.9,"individual mouse",NA,"mean",17,FALSE,"TGI_percent_Day_17"
"4N-A5-RR","4N",0,"0mg/kg","untreated control",0,126.15,0,"individual mouse",NA,"mean",17,FALSE,"TGI_percent_Day_17"
"4N-A5-RR","4N",0,"0mg/kg","untreated control",3,209.48,83.33,"individual mouse",NA,"mean",17,FALSE,"TGI_percent_Day_17"
"4N-A5-RR","4N",0,"0mg/kg","untreated control",7,217.73,91.58,"individual mouse",NA,"mean",17,FALSE,"TGI_percent_Day_17"
"4N-A5-RR","4N",0,"0mg/kg","untreated control",10,312.05,185.9,"individual mouse",NA,"mean",17,FALSE,"TGI_percent_Day_17"
"4N-A5-RR","4N",0,"0mg/kg","untreated control",14,452.82,326.67,"individual mouse",NA,"mean",17,FALSE,"TGI_percent_Day_17"
"4N-A5-RR","4N",0,"0mg/kg","untreated control",17,458.4,332.25,"individual mouse",NA,"mean",17,TRUE,"TGI_percent_Day_17"
"4N-A5-RR","4N",0,"0mg/kg","untreated control",21,779.76,653.61,"individual mouse",NA,"mean",17,FALSE,"TGI_percent_Day_17"
"4N-A5-RR","4N",0,"0mg/kg","untreated control",24,856.31,730.16,"individual mouse",NA,"mean",17,FALSE,"TGI_percent_Day_17"
"4N-A5-RR","4N",0,"0mg/kg","untreated control",27,919.14,792.99,"individual mouse",NA,"mean",17,FALSE,"TGI_percent_Day_17"
"4N-A5-RR","4N",0,"0mg/kg","untreated control",31,1802.11,1675.96,"individual mouse",NA,"mean",17,FALSE,"TGI_percent_Day_17"
"4N-A5-RR","4N",0,"0mg/kg","untreated control",34,2044.22,1918.07,"individual mouse",NA,"mean",17,FALSE,"TGI_percent_Day_17"
"4N-A5-RR","4N",0,"0mg/kg","untreated control",38,2423.03,2296.88,"individual mouse",NA,"mean",17,FALSE,"TGI_percent_Day_17"
"4N-A8-RL","4N",120,"120mg/kg","treated",0,205.8,0,"individual mouse",NA,"mean",17,FALSE,"TGI_percent_Day_17"
"4N-A8-RL","4N",120,"120mg/kg","treated",3,249.9,44.1,"individual mouse",NA,"mean",17,FALSE,"TGI_percent_Day_17"
"4N-A8-RL","4N",120,"120mg/kg","treated",7,228.1,22.3,"individual mouse",NA,"mean",17,FALSE,"TGI_percent_Day_17"
"4N-A8-RL","4N",120,"120mg/kg","treated",10,251.9,46.1,"individual mouse",NA,"mean",17,FALSE,"TGI_percent_Day_17"
"4N-A8-RL","4N",120,"120mg/kg","treated",14,367.42,161.62,"individual mouse",NA,"mean",17,FALSE,"TGI_percent_Day_17"
"4N-A8-RL","4N",120,"120mg/kg","treated",17,518.94,313.14,"individual mouse",NA,"mean",17,TRUE,"TGI_percent_Day_17"
"4N-A8-RL","4N",120,"120mg/kg","treated",21,624.24,418.44,"individual mouse",NA,"mean",17,FALSE,"TGI_percent_Day_17"
"4N-A8-RL","4N",120,"120mg/kg","treated",24,1039.06,833.26,"individual mouse",NA,"mean",17,FALSE,"TGI_percent_Day_17"
"4N-A8-RL","4N",120,"120mg/kg","treated",27,1098.31,892.51,"individual mouse",NA,"mean",17,FALSE,"TGI_percent_Day_17"
"4N-A8-RL","4N",120,"120mg/kg","treated",31,1472.33,1266.53,"individual mouse",NA,"mean",17,FALSE,"TGI_percent_Day_17"
"4N-A8-RL","4N",120,"120mg/kg","treated",34,1391.6,1185.8,"individual mouse",NA,"mean",17,FALSE,"TGI_percent_Day_17"
"4N-A8-RL","4N",120,"120mg/kg","treated",38,1391.6,1185.8,"individual mouse",NA,"mean",17,FALSE,"TGI_percent_Day_17"
"4N-A8-RR","4N",120,"120mg/kg","treated",0,221.8,0,"individual mouse",NA,"mean",17,FALSE,"TGI_percent_Day_17"
"4N-A8-RR","4N",120,"120mg/kg","treated",3,196.02,-25.78,"individual mouse",NA,"mean",17,FALSE,"TGI_percent_Day_17"
"4N-A8-RR","4N",120,"120mg/kg","treated",7,165.29,-56.51,"individual mouse",NA,"mean",17,FALSE,"TGI_percent_Day_17"
"4N-A8-RR","4N",120,"120mg/kg","treated",10,296.23,74.43,"individual mouse",NA,"mean",17,FALSE,"TGI_percent_Day_17"
"4N-A8-RR","4N",120,"120mg/kg","treated",14,309.38,87.58,"individual mouse",NA,"mean",17,FALSE,"TGI_percent_Day_17"
"4N-A8-RR","4N",120,"120mg/kg","treated",17,540.56,318.76,"individual mouse",NA,"mean",17,TRUE,"TGI_percent_Day_17"
"4N-A8-RR","4N",120,"120mg/kg","treated",21,1108.8,887,"individual mouse",NA,"mean",17,FALSE,"TGI_percent_Day_17"
"4N-A8-RR","4N",120,"120mg/kg","treated",24,1101.96,880.16,"individual mouse",NA,"mean",17,FALSE,"TGI_percent_Day_17"
"4N-A8-RR","4N",120,"120mg/kg","treated",27,738.68,516.88,"individual mouse",NA,"mean",17,FALSE,"TGI_percent_Day_17"
"4N-A8-RR","4N",120,"120mg/kg","treated",31,1039.68,817.88,"individual mouse",NA,"mean",17,FALSE,"TGI_percent_Day_17"
"4N-A8-RR","4N",120,"120mg/kg","treated",34,1489.6,1267.8,"individual mouse",NA,"mean",17,FALSE,"TGI_percent_Day_17"
"4N-A8-RR","4N",120,"120mg/kg","treated",38,1489.6,1267.8,"individual mouse",NA,"mean",17,FALSE,"TGI_percent_Day_17"
"A5-4N-L","4N",0,"0mg/kg","untreated control",0,471.37,0,"individual mouse",NA,"mean",17,FALSE,"TGI_percent_Day_17"
"A5-4N-L","4N",0,"0mg/kg","untreated control",3,848.72,377.35,"individual mouse",NA,"mean",17,FALSE,"TGI_percent_Day_17"
"A5-4N-L","4N",0,"0mg/kg","untreated control",7,1079.09,607.72,"individual mouse",NA,"mean",17,FALSE,"TGI_percent_Day_17"
"A5-4N-L","4N",0,"0mg/kg","untreated control",10,1385.21,913.84,"individual mouse",NA,"mean",17,FALSE,"TGI_percent_Day_17"
"A5-4N-L","4N",0,"0mg/kg","untreated control",14,1734.1,1262.73,"individual mouse",NA,"mean",17,FALSE,"TGI_percent_Day_17"
"A5-4N-L","4N",0,"0mg/kg","untreated control",17,1898.64,1427.27,"individual mouse",NA,"mean",17,TRUE,"TGI_percent_Day_17"
"A5-4N-L","4N",0,"0mg/kg","untreated control",21,2810.71,2339.34,"individual mouse",NA,"mean",17,FALSE,"TGI_percent_Day_17"
"A5-4N-L","4N",0,"0mg/kg","untreated control",24,3139.06,2667.69,"individual mouse",NA,"mean",17,FALSE,"TGI_percent_Day_17"
"A5-4N-L","4N",0,"0mg/kg","untreated control",27,4139.96,3668.59,"individual mouse",NA,"mean",17,FALSE,"TGI_percent_Day_17"
"A5-4N-L","4N",0,"0mg/kg","untreated control",31,5899.28,5427.91,"individual mouse",NA,"mean",17,FALSE,"TGI_percent_Day_17"
"A5-4N-L","4N",0,"0mg/kg","untreated control",34,5899.28,5427.91,"individual mouse",NA,"mean",17,FALSE,"TGI_percent_Day_17"
"A5-4N-L","4N",0,"0mg/kg","untreated control",38,5899.28,5427.91,"individual mouse",NA,"mean",17,FALSE,"TGI_percent_Day_17"
"A5-4N-R","4N",0,"0mg/kg","untreated control",0,261.61,0,"individual mouse",NA,"mean",17,FALSE,"TGI_percent_Day_17"
"A5-4N-R","4N",0,"0mg/kg","untreated control",3,295.25,33.64,"individual mouse",NA,"mean",17,FALSE,"TGI_percent_Day_17"
"A5-4N-R","4N",0,"0mg/kg","untreated control",7,352.35,90.74,"individual mouse",NA,"mean",17,FALSE,"TGI_percent_Day_17"
"A5-4N-R","4N",0,"0mg/kg","untreated control",10,424.13,162.52,"individual mouse",NA,"mean",17,FALSE,"TGI_percent_Day_17"
"A5-4N-R","4N",0,"0mg/kg","untreated control",14,601.86,340.25,"individual mouse",NA,"mean",17,FALSE,"TGI_percent_Day_17"
"A5-4N-R","4N",0,"0mg/kg","untreated control",17,730.68,469.07,"individual mouse",NA,"mean",17,TRUE,"TGI_percent_Day_17"
"A5-4N-R","4N",0,"0mg/kg","untreated control",21,1048.58,786.97,"individual mouse",NA,"mean",17,FALSE,"TGI_percent_Day_17"
"A5-4N-R","4N",0,"0mg/kg","untreated control",24,1140.63,879.02,"individual mouse",NA,"mean",17,FALSE,"TGI_percent_Day_17"
"A5-4N-R","4N",0,"0mg/kg","untreated control",27,1741.37,1479.76,"individual mouse",NA,"mean",17,FALSE,"TGI_percent_Day_17"
"A5-4N-R","4N",0,"0mg/kg","untreated control",31,2096.98,1835.37,"individual mouse",NA,"mean",17,FALSE,"TGI_percent_Day_17"
"A5-4N-R","4N",0,"0mg/kg","untreated control",34,2096.98,1835.37,"individual mouse",NA,"mean",17,FALSE,"TGI_percent_Day_17"
"A5-4N-R","4N",0,"0mg/kg","untreated control",38,2096.98,1835.37,"individual mouse",NA,"mean",17,FALSE,"TGI_percent_Day_17"
"A6-4N-O","4N",30,"30mg/kg","treated",0,351.34,0,"individual mouse",NA,"mean",17,FALSE,"TGI_percent_Day_17"
"A6-4N-O","4N",30,"30mg/kg","treated",3,404.94,53.6,"individual mouse",NA,"mean",17,FALSE,"TGI_percent_Day_17"
"A6-4N-O","4N",30,"30mg/kg","treated",7,513.42,162.08,"individual mouse",NA,"mean",17,FALSE,"TGI_percent_Day_17"
"A6-4N-O","4N",30,"30mg/kg","treated",10,492.99,141.65,"individual mouse",NA,"mean",17,FALSE,"TGI_percent_Day_17"
"A6-4N-O","4N",30,"30mg/kg","treated",14,548.35,197.01,"individual mouse",NA,"mean",17,FALSE,"TGI_percent_Day_17"
"A6-4N-O","4N",30,"30mg/kg","treated",17,941.71,590.37,"individual mouse",NA,"mean",17,TRUE,"TGI_percent_Day_17"
"A6-4N-O","4N",30,"30mg/kg","treated",21,1104.42,753.08,"individual mouse",NA,"mean",17,FALSE,"TGI_percent_Day_17"
"A6-4N-O","4N",30,"30mg/kg","treated",24,1560.66,1209.32,"individual mouse",NA,"mean",17,FALSE,"TGI_percent_Day_17"
"A6-4N-O","4N",30,"30mg/kg","treated",27,1873.56,1522.22,"individual mouse",NA,"mean",17,FALSE,"TGI_percent_Day_17"
"A6-4N-O","4N",30,"30mg/kg","treated",31,2212.15,1860.81,"individual mouse",NA,"mean",17,FALSE,"TGI_percent_Day_17"
"A6-4N-O","4N",30,"30mg/kg","treated",34,2212.15,1860.81,"individual mouse",NA,"mean",17,FALSE,"TGI_percent_Day_17"
"A6-4N-O","4N",30,"30mg/kg","treated",38,2212.15,1860.81,"individual mouse",NA,"mean",17,FALSE,"TGI_percent_Day_17"
"A6-4N-RR","4N",30,"30mg/kg","treated",0,302.38,0,"individual mouse",NA,"mean",17,FALSE,"TGI_percent_Day_17"
"A6-4N-RR","4N",30,"30mg/kg","treated",3,432.96,130.58,"individual mouse",NA,"mean",17,FALSE,"TGI_percent_Day_17"
"A6-4N-RR","4N",30,"30mg/kg","treated",7,419.81,117.43,"individual mouse",NA,"mean",17,FALSE,"TGI_percent_Day_17"
"A6-4N-RR","4N",30,"30mg/kg","treated",10,373.97,71.59,"individual mouse",NA,"mean",17,FALSE,"TGI_percent_Day_17"
"A6-4N-RR","4N",30,"30mg/kg","treated",14,646.07,343.69,"individual mouse",NA,"mean",17,FALSE,"TGI_percent_Day_17"
"A6-4N-RR","4N",30,"30mg/kg","treated",17,835.44,533.06,"individual mouse",NA,"mean",17,TRUE,"TGI_percent_Day_17"
"A6-4N-RR","4N",30,"30mg/kg","treated",21,1184.83,882.45,"individual mouse",NA,"mean",17,FALSE,"TGI_percent_Day_17"
"A6-4N-RR","4N",30,"30mg/kg","treated",24,1293.98,991.6,"individual mouse",NA,"mean",17,FALSE,"TGI_percent_Day_17"
"A6-4N-RR","4N",30,"30mg/kg","treated",27,1665.08,1362.7,"individual mouse",NA,"mean",17,FALSE,"TGI_percent_Day_17"
"A6-4N-RR","4N",30,"30mg/kg","treated",31,1802.49,1500.11,"individual mouse",NA,"mean",17,FALSE,"TGI_percent_Day_17"
"A6-4N-RR","4N",30,"30mg/kg","treated",34,1802.49,1500.11,"individual mouse",NA,"mean",17,FALSE,"TGI_percent_Day_17"
"A6-4N-RR","4N",30,"30mg/kg","treated",38,1802.49,1500.11,"individual mouse",NA,"mean",17,FALSE,"TGI_percent_Day_17"
"4N matched-control reference","4N",0,"matched-control reference","untreated control reference",0,NA,0,"matched-control reference",4,"mean",17,FALSE,"TGI_percent_Day_17"
"4N matched-control reference","4N",0,"matched-control reference","untreated control reference",3,NA,157.3375,"matched-control reference",4,"mean",17,FALSE,"TGI_percent_Day_17"
"4N matched-control reference","4N",0,"matched-control reference","untreated control reference",7,NA,311.0425,"matched-control reference",4,"mean",17,FALSE,"TGI_percent_Day_17"
"4N matched-control reference","4N",0,"matched-control reference","untreated control reference",10,NA,485.4625,"matched-control reference",4,"mean",17,FALSE,"TGI_percent_Day_17"
"4N matched-control reference","4N",0,"matched-control reference","untreated control reference",14,NA,692.9275,"matched-control reference",4,"mean",17,FALSE,"TGI_percent_Day_17"
"4N matched-control reference","4N",0,"matched-control reference","untreated control reference",17,NA,804.9875,"matched-control reference",4,"mean",17,TRUE,"TGI_percent_Day_17"
"4N matched-control reference","4N",0,"matched-control reference","untreated control reference",21,NA,1257.2725,"matched-control reference",4,"mean",17,FALSE,"TGI_percent_Day_17"
"4N matched-control reference","4N",0,"matched-control reference","untreated control reference",24,NA,1530.345,"matched-control reference",4,"mean",17,FALSE,"TGI_percent_Day_17"
"4N matched-control reference","4N",0,"matched-control reference","untreated control reference",27,NA,2241.6575,"matched-control reference",4,"mean",17,FALSE,"TGI_percent_Day_17"
"4N matched-control reference","4N",0,"matched-control reference","untreated control reference",31,NA,3159.785,"matched-control reference",4,"mean",17,FALSE,"TGI_percent_Day_17"
"4N matched-control reference","4N",0,"matched-control reference","untreated control reference",34,NA,3220.3125,"matched-control reference",4,"mean",17,FALSE,"TGI_percent_Day_17"
"4N matched-control reference","4N",0,"matched-control reference","untreated control reference",38,NA,3315.015,"matched-control reference",4,"mean",17,FALSE,"TGI_percent_Day_17"
