"method","compartment","sample_set","reference_type","shift_metric","tgi_measure","tgi_day","n","pearson_r","pearson_p_asymptotic","pearson_p_permutation_two_sided","pearson_p_permutation_positive","pearson_n_permutations","pearson_permutation_mode","spearman_rho","spearman_p_asymptotic","spearman_p_permutation_two_sided","spearman_p_permutation_positive","spearman_n_permutations","spearman_permutation_mode","pre_specified_primary","pearson_q_exploratory","spearman_q_exploratory"
"ETP_fixed_threshold_2_25","CellCycle","treated","primary_equal_sample_reference","ecdf_rmse","TGI_percent_auc",NA,8,0.718747762706466,0.044547208153895,0.0521947805219478,0.0276972302769723,10000,"monte_carlo_TGI_label_permutation",0.666666666666667,0.0709876543209875,0.0853914608539146,0.0437956204379562,10000,"monte_carlo_TGI_label_permutation",FALSE,0.180555555555556,0.339737454825946
"ETP_fixed_threshold_2_25","CellCycle","treated","primary_equal_sample_reference","ecdf_rmse","TGI_percent_Day_3",3,8,-0.329648997820928,0.425226402047907,0.474652534746525,0.749225077492251,10000,"monte_carlo_TGI_label_permutation",-0.0476190476190476,0.910849168519584,0.934206579342066,0.556644335566443,10000,"monte_carlo_TGI_label_permutation",FALSE,0.548995702839355,0.977641366298153
"ETP_fixed_threshold_2_25","CellCycle","treated","primary_equal_sample_reference","ecdf_rmse","TGI_percent_Day_7",7,8,0.733724894343009,0.0382749433389754,0.0396960303969603,0.0196980301969803,10000,"monte_carlo_TGI_label_permutation",0.666666666666667,0.0709876543209875,0.085991400859914,0.044995500449955,10000,"monte_carlo_TGI_label_permutation",FALSE,0.180555555555556,0.339737454825946
"ETP_fixed_threshold_2_25","CellCycle","treated","primary_equal_sample_reference","ecdf_rmse","TGI_percent_Day_10",10,8,0.687609161100959,0.0594732362317996,0.0537946205379462,0.0320967903209679,10000,"monte_carlo_TGI_label_permutation",0.452380952380952,0.260404767436885,0.266373362663734,0.133686631336866,10000,"monte_carlo_TGI_label_permutation",FALSE,0.180555555555556,0.41879682999442
"ETP_fixed_threshold_2_25","CellCycle","treated","primary_equal_sample_reference","ecdf_rmse","TGI_percent_Day_14",14,8,0.560883916306914,0.148087835822126,0.151884811518848,0.0755924407559244,10000,"monte_carlo_TGI_label_permutation",0.523809523809524,0.182720750539715,0.193680631936806,0.0971902809719028,10000,"monte_carlo_TGI_label_permutation",FALSE,0.247134608573041,0.384729527047295
"ETP_fixed_threshold_2_25","CellCycle","treated","primary_equal_sample_reference","ecdf_rmse","TGI_percent_Day_17",17,8,0.710205100013731,0.0483856344835757,0.0457589285714286,0.0258680555555556,40320,"exact_TGI_label_enumeration",0.476190476190476,0.232935534650098,0.243055555555556,0.121527777777778,40320,"exact_TGI_label_enumeration",TRUE,0.180555555555556,0.417642446281688
"ETP_fixed_threshold_2_25","CellCycle","treated","primary_equal_sample_reference","ecdf_rmse","TGI_percent_Day_21",21,8,0.410620133796751,0.312252443900399,0.311968803119688,0.152984701529847,10000,"monte_carlo_TGI_label_permutation",0.142857142857143,0.735764859879812,0.756924307569243,0.376162383761624,10000,"monte_carlo_TGI_label_permutation",FALSE,0.427842929992715,0.886155286910333
"ETP_fixed_threshold_2_25","CellCycle","treated","primary_equal_sample_reference","ecdf_rmse","TGI_percent_Day_24",24,8,0.694067999996624,0.0561639420337599,0.0578942105789421,0.02999700029997,10000,"monte_carlo_TGI_label_permutation",0.595238095238095,0.119529806138793,0.134586541345865,0.0658934106589341,10000,"monte_carlo_TGI_label_permutation",FALSE,0.180555555555556,0.374362563743626
"ETP_fixed_threshold_2_25","CellCycle","treated","primary_equal_sample_reference","ecdf_rmse","TGI_percent_Day_27",27,8,0.702893926188204,0.0518236158165204,0.0570942905709429,0.0284971502849715,10000,"monte_carlo_TGI_label_permutation",0.642857142857143,0.0855588910126732,0.0980901909809019,0.0525947405259474,10000,"monte_carlo_TGI_label_permutation",FALSE,0.180555555555556,0.339737454825946
"ETP_fixed_threshold_2_25","CellCycle","treated","primary_equal_sample_reference","ecdf_rmse","TGI_percent_Day_31",31,8,0.740582192482311,0.0355942615847411,0.0386961303869613,0.0183981601839816,10000,"monte_carlo_TGI_label_permutation",0.666666666666667,0.0709876543209875,0.0886911308869113,0.0447955204479552,10000,"monte_carlo_TGI_label_permutation",FALSE,0.180555555555556,0.339737454825946
"ETP_fixed_threshold_2_25","CellCycle","treated","primary_equal_sample_reference","ecdf_rmse","TGI_percent_Day_34",34,8,0.261089024614472,0.532250343342037,0.516448355164484,0.264573542645735,10000,"monte_carlo_TGI_label_permutation",0.0952380952380952,0.822505430203611,0.83951604839516,0.424357564243576,10000,"monte_carlo_TGI_label_permutation",FALSE,0.590226691616553,0.919217169192172
"ETP_fixed_threshold_2_25","CellCycle","treated","primary_equal_sample_reference","ecdf_rmse","TGI_percent_Day_38",38,8,-0.14767086154357,0.727116065951288,0.719428057194281,0.639036096390361,10000,"monte_carlo_TGI_label_permutation",-0.19047619047619,0.651401495702482,0.662633736626337,0.69013098690131,10000,"monte_carlo_TGI_label_permutation",FALSE,0.774109255741092,0.826140762547122
"ETP_fixed_threshold_2_25","CellCycle","treated","primary_equal_sample_reference","ecdf_ks","TGI_percent_auc",NA,8,0.753390024771054,0.0309019645311643,0.0447955204479552,0.022997700229977,10000,"monte_carlo_TGI_label_permutation",0.738095238095238,0.0365527610528608,0.0465953404659534,0.021997800219978,10000,"monte_carlo_TGI_label_permutation",FALSE,0.180555555555556,0.339737454825946
"ETP_fixed_threshold_2_25","CellCycle","treated","primary_equal_sample_reference","ecdf_ks","TGI_percent_Day_3",3,8,-0.101493513576221,0.811002470912158,0.883411658834117,0.56964303569643,10000,"monte_carlo_TGI_label_permutation",0.404761904761905,0.319888641228816,0.334066593340666,0.168583141685831,10000,"monte_carlo_TGI_label_permutation",FALSE,0.902207651575268,0.480095274054684
"ETP_fixed_threshold_2_25","CellCycle","treated","primary_equal_sample_reference","ecdf_ks","TGI_percent_Day_7",7,8,0.77537228306402,0.0237762111109334,0.0213978602139786,0.012998700129987,10000,"monte_carlo_TGI_label_permutation",0.785714285714286,0.0208151272535253,0.0283971602839716,0.0127987201279872,10000,"monte_carlo_TGI_label_permutation",FALSE,0.180555555555556,0.339737454825946
"ETP_fixed_threshold_2_25","CellCycle","treated","primary_equal_sample_reference","ecdf_ks","TGI_percent_Day_10",10,8,0.583957700276712,0.128531416680168,0.142885711428857,0.0792920707929207,10000,"monte_carlo_TGI_label_permutation",0.357142857142857,0.385120643556256,0.387461253874613,0.196380361963804,10000,"monte_carlo_TGI_label_permutation",FALSE,0.236500487882246,0.535763566500493
"ETP_fixed_threshold_2_25","CellCycle","treated","primary_equal_sample_reference","ecdf_ks","TGI_percent_Day_14",14,8,0.486122632584671,0.221937483696416,0.230676932306769,0.111488851114889,10000,"monte_carlo_TGI_label_permutation",0.452380952380952,0.260404767436885,0.263773622637736,0.12998700129987,10000,"monte_carlo_TGI_label_permutation",FALSE,0.357177185507256,0.41879682999442
"ETP_fixed_threshold_2_25","CellCycle","treated","primary_equal_sample_reference","ecdf_ks","TGI_percent_Day_17",17,8,0.66440739695059,0.0723021961508665,0.0789930555555556,0.0420634920634921,40320,"exact_TGI_label_enumeration",0.523809523809524,0.182720750539715,0.196626984126984,0.0983134920634921,40320,"exact_TGI_label_enumeration",FALSE,0.180555555555556,0.384729527047295
"ETP_fixed_threshold_2_25","CellCycle","treated","primary_equal_sample_reference","ecdf_ks","TGI_percent_Day_21",21,8,0.396698525626847,0.330541560779978,0.329067093290671,0.158484151584842,10000,"monte_carlo_TGI_label_permutation",0.166666666666667,0.693238811728395,0.699330066993301,0.354064593540646,10000,"monte_carlo_TGI_label_permutation",FALSE,0.438756124387561,0.860713928607139
"ETP_fixed_threshold_2_25","CellCycle","treated","primary_equal_sample_reference","ecdf_ks","TGI_percent_Day_24",24,8,0.734914727065727,0.0378012860849845,0.0406959304069593,0.0224977502249775,10000,"monte_carlo_TGI_label_permutation",0.619047619047619,0.101733037454265,0.111488851114889,0.053994600539946,10000,"monte_carlo_TGI_label_permutation",FALSE,0.180555555555556,0.36028397160284
"ETP_fixed_threshold_2_25","CellCycle","treated","primary_equal_sample_reference","ecdf_ks","TGI_percent_Day_27",27,8,0.808555173924915,0.0151194108786285,0.0224977502249775,0.0100989901009899,10000,"monte_carlo_TGI_label_permutation",0.761904761904762,0.0280049391530718,0.0366963303669633,0.0175982401759824,10000,"monte_carlo_TGI_label_permutation",FALSE,0.180555555555556,0.339737454825946
"ETP_fixed_threshold_2_25","CellCycle","treated","primary_equal_sample_reference","ecdf_ks","TGI_percent_Day_31",31,8,0.839028075532916,0.009209345177847,0.0091990800919908,0.0028997100289971,10000,"monte_carlo_TGI_label_permutation",0.833333333333333,0.0101755401234568,0.0152984701529847,0.0085991400859914,10000,"monte_carlo_TGI_label_permutation",FALSE,0.180555555555556,0.339737454825946
"ETP_fixed_threshold_2_25","CellCycle","treated","primary_equal_sample_reference","ecdf_ks","TGI_percent_Day_34",34,8,0.38456971653497,0.346871832827948,0.345365463453655,0.177882211778822,10000,"monte_carlo_TGI_label_permutation",0.119047619047619,0.77888572605238,0.789421057894211,0.394260573942606,10000,"monte_carlo_TGI_label_permutation",FALSE,0.454179239610286,0.913065319974027
"ETP_fixed_threshold_2_25","CellCycle","treated","primary_equal_sample_reference","ecdf_ks","TGI_percent_Day_38",38,8,-0.289753583132149,0.486354728148841,0.473552644735526,0.758824117588241,10000,"monte_carlo_TGI_label_permutation",-0.452380952380952,0.260404767436885,0.27047295270473,0.875412458754125,10000,"monte_carlo_TGI_label_permutation",FALSE,0.548995702839355,0.41879682999442
"ETP_fixed_threshold_2_25","CellCycle","treated","primary_equal_sample_reference","ecdf_mean_abs","TGI_percent_auc",NA,8,0.635169857501465,0.0906046210025877,0.0891910808919108,0.0423957604239576,10000,"monte_carlo_TGI_label_permutation",0.619047619047619,0.101733037454265,0.117488251174883,0.0581941805819418,10000,"monte_carlo_TGI_label_permutation",FALSE,0.190274305902743,0.363834584283507
"ETP_fixed_threshold_2_25","CellCycle","treated","primary_equal_sample_reference","ecdf_mean_abs","TGI_percent_Day_3",3,8,-0.462519311166341,0.248518890431009,0.262673732626737,0.853014698530147,10000,"monte_carlo_TGI_label_permutation",-0.142857142857143,0.735764859879812,0.752224777522248,0.644035596440356,10000,"monte_carlo_TGI_label_permutation",FALSE,0.389425672817334,0.886155286910333
"ETP_fixed_threshold_2_25","CellCycle","treated","primary_equal_sample_reference","ecdf_mean_abs","TGI_percent_Day_7",7,8,0.64473277114379,0.0843531788509016,0.083991600839916,0.0451954804519548,10000,"monte_carlo_TGI_label_permutation",0.642857142857143,0.0855588910126732,0.0990900909909009,0.0510948905109489,10000,"monte_carlo_TGI_label_permutation",FALSE,0.183254401832544,0.339737454825946
"ETP_fixed_threshold_2_25","CellCycle","treated","primary_equal_sample_reference","ecdf_mean_abs","TGI_percent_Day_10",10,8,0.68908304329851,0.0587081112723078,0.0608939106089391,0.0403959604039596,10000,"monte_carlo_TGI_label_permutation",0.523809523809524,0.182720750539715,0.198880111988801,0.104589541045895,10000,"monte_carlo_TGI_label_permutation",FALSE,0.180555555555556,0.384729527047295
"ETP_fixed_threshold_2_25","CellCycle","treated","primary_equal_sample_reference","ecdf_mean_abs","TGI_percent_Day_14",14,8,0.579361473185203,0.132304431238366,0.12988701129887,0.0654934506549345,10000,"monte_carlo_TGI_label_permutation",0.571428571428572,0.138959957160707,0.156584341565843,0.0761923807619238,10000,"monte_carlo_TGI_label_permutation",FALSE,0.226711874267119,0.374362563743626
"ETP_fixed_threshold_2_25","CellCycle","treated","primary_equal_sample_reference","ecdf_mean_abs","TGI_percent_Day_17",17,8,0.678464087800978,0.0643530389378953,0.0628472222222222,0.035515873015873,40320,"exact_TGI_label_enumeration",0.452380952380952,0.260404767436885,0.267460317460317,0.133730158730159,40320,"exact_TGI_label_enumeration",FALSE,0.180555555555556,0.41879682999442
"ETP_fixed_threshold_2_25","CellCycle","treated","primary_equal_sample_reference","ecdf_mean_abs","TGI_percent_Day_21",21,8,0.357645296694852,0.384403862654907,0.381261873812619,0.186581341865813,10000,"monte_carlo_TGI_label_permutation",0.0952380952380952,0.822505430203611,0.842615738426157,0.424257574242576,10000,"monte_carlo_TGI_label_permutation",FALSE,0.481593945868571,0.919217169192172
"ETP_fixed_threshold_2_25","CellCycle","treated","primary_equal_sample_reference","ecdf_mean_abs","TGI_percent_Day_24",24,8,0.587659332170712,0.125537095445597,0.129187081291871,0.066993300669933,10000,"monte_carlo_TGI_label_permutation",0.523809523809524,0.182720750539715,0.197880211978802,0.0982901709829017,10000,"monte_carlo_TGI_label_permutation",FALSE,0.226711874267119,0.384729527047295
"ETP_fixed_threshold_2_25","CellCycle","treated","primary_equal_sample_reference","ecdf_mean_abs","TGI_percent_Day_27",27,8,0.586694531430096,0.126313731423989,0.128487151284872,0.0636936306369363,10000,"monte_carlo_TGI_label_permutation",0.595238095238095,0.119529806138793,0.12978702129787,0.0627937206279372,10000,"monte_carlo_TGI_label_permutation",FALSE,0.226711874267119,0.374362563743626
"ETP_fixed_threshold_2_25","CellCycle","treated","primary_equal_sample_reference","ecdf_mean_abs","TGI_percent_Day_31",31,8,0.619551883122834,0.101373718498911,0.103489651034897,0.0501949805019498,10000,"monte_carlo_TGI_label_permutation",0.571428571428572,0.138959957160707,0.147785221477852,0.0725927407259274,10000,"monte_carlo_TGI_label_permutation",FALSE,0.206979302069793,0.374362563743626
"ETP_fixed_threshold_2_25","CellCycle","treated","primary_equal_sample_reference","ecdf_mean_abs","TGI_percent_Day_34",34,8,0.145477876416995,0.73105312963969,0.725727427257274,0.359264073592641,10000,"monte_carlo_TGI_label_permutation",0,1,1,0.515648435156484,10000,"monte_carlo_TGI_label_permutation",FALSE,0.774109255741092,1
"ETP_fixed_threshold_2_25","CellCycle","treated","primary_equal_sample_reference","ecdf_mean_abs","TGI_percent_Day_38",38,8,-0.0141827213751555,0.973410963267049,0.972802719728027,0.515748425157484,10000,"monte_carlo_TGI_label_permutation",-0.0952380952380952,0.822505430203611,0.837116288371163,0.606839316068393,10000,"monte_carlo_TGI_label_permutation",FALSE,0.972802719728027,0.919217169192172
"ETP_fixed_threshold_2_25","CellCycle","treated","primary_equal_sample_reference","signed_mean_shift","TGI_percent_auc",NA,8,-0.641795352961035,0.0862458533469196,0.092990700929907,0.953904609539046,10000,"monte_carlo_TGI_label_permutation",-0.619047619047619,0.101733037454265,0.112588741125887,0.953004699530047,10000,"monte_carlo_TGI_label_permutation",FALSE,0.194067549766762,0.36028397160284
"ETP_fixed_threshold_2_25","CellCycle","treated","primary_equal_sample_reference","signed_mean_shift","TGI_percent_Day_3",3,8,0.352711623571782,0.391467725582642,0.444155584441556,0.201579842015798,10000,"monte_carlo_TGI_label_permutation",0.142857142857143,0.735764859879812,0.748325167483252,0.367063293670633,10000,"monte_carlo_TGI_label_permutation",FALSE,0.535506449355065,0.886155286910333
"ETP_fixed_threshold_2_25","CellCycle","treated","primary_equal_sample_reference","signed_mean_shift","TGI_percent_Day_7",7,8,-0.62761414051331,0.0957276329108374,0.0997900209979002,0.956704329567043,10000,"monte_carlo_TGI_label_permutation",-0.642857142857143,0.085558891012673,0.0975902409759024,0.959004099590041,10000,"monte_carlo_TGI_label_permutation",FALSE,0.203826425868051,0.339737454825946
"ETP_fixed_threshold_2_25","CellCycle","treated","primary_equal_sample_reference","signed_mean_shift","TGI_percent_Day_10",10,8,-0.651534366079657,0.0800641880937556,0.0753924607539246,0.977302269773023,10000,"monte_carlo_TGI_label_permutation",-0.523809523809524,0.182720750539715,0.194380561943806,0.911408859114089,10000,"monte_carlo_TGI_label_permutation",FALSE,0.180555555555556,0.384729527047295
"ETP_fixed_threshold_2_25","CellCycle","treated","primary_equal_sample_reference","signed_mean_shift","TGI_percent_Day_14",14,8,-0.436511746253057,0.279564956243068,0.27967203279672,0.860913908609139,10000,"monte_carlo_TGI_label_permutation",-0.571428571428572,0.138959957160706,0.15988401159884,0.92990700929907,10000,"monte_carlo_TGI_label_permutation",FALSE,0.406795684067957,0.374362563743626
"ETP_fixed_threshold_2_25","CellCycle","treated","primary_equal_sample_reference","signed_mean_shift","TGI_percent_Day_17",17,8,-0.609269502154254,0.108844664452239,0.111185515873016,0.952281746031746,40320,"exact_TGI_label_enumeration",-0.452380952380952,0.260404767436885,0.267460317460317,0.878472222222222,40320,"exact_TGI_label_enumeration",FALSE,0.210426016221907,0.41879682999442
"ETP_fixed_threshold_2_25","CellCycle","treated","primary_equal_sample_reference","signed_mean_shift","TGI_percent_Day_21",21,8,-0.306134751942526,0.46085213624049,0.457254274572543,0.76042395760424,10000,"monte_carlo_TGI_label_permutation",-0.0952380952380952,0.822505430203611,0.836916308369163,0.605039496050395,10000,"monte_carlo_TGI_label_permutation",FALSE,0.541930992085977,0.919217169192172
"ETP_fixed_threshold_2_25","CellCycle","treated","primary_equal_sample_reference","signed_mean_shift","TGI_percent_Day_24",24,8,-0.661956664631796,0.0737442041416948,0.0765923407659234,0.966903309669033,10000,"monte_carlo_TGI_label_permutation",-0.523809523809524,0.182720750539715,0.195280471952805,0.913108689131087,10000,"monte_carlo_TGI_label_permutation",FALSE,0.180555555555556,0.384729527047295
"ETP_fixed_threshold_2_25","CellCycle","treated","primary_equal_sample_reference","signed_mean_shift","TGI_percent_Day_27",27,8,-0.603739724953763,0.112988024966513,0.118288171182882,0.944805519448055,10000,"monte_carlo_TGI_label_permutation",-0.595238095238095,0.119529806138793,0.134286571342866,0.93990600939906,10000,"monte_carlo_TGI_label_permutation",FALSE,0.218378162183782,0.374362563743626
"ETP_fixed_threshold_2_25","CellCycle","treated","primary_equal_sample_reference","signed_mean_shift","TGI_percent_Day_31",31,8,-0.688696999132334,0.0589079450527061,0.0583941605839416,0.97050294970503,10000,"monte_carlo_TGI_label_permutation",-0.571428571428572,0.138959957160706,0.15038496150385,0.936706329367063,10000,"monte_carlo_TGI_label_permutation",FALSE,0.180555555555556,0.374362563743626
"ETP_fixed_threshold_2_25","CellCycle","treated","primary_equal_sample_reference","signed_mean_shift","TGI_percent_Day_34",34,8,-0.32620761665093,0.430365818208719,0.421257874212579,0.800919908009199,10000,"monte_carlo_TGI_label_permutation",0,1,1,0.52024797520248,10000,"monte_carlo_TGI_label_permutation",FALSE,0.518471229800097,1
"ETP_fixed_threshold_2_25","CellCycle","treated","primary_equal_sample_reference","signed_mean_shift","TGI_percent_Day_38",38,8,0.0864001319433134,0.838804166455734,0.832416758324168,0.423857614238576,10000,"monte_carlo_TGI_label_permutation",0.0952380952380952,0.822505430203611,0.838416158384162,0.420957904209579,10000,"monte_carlo_TGI_label_permutation",FALSE,0.859268911818496,0.919217169192172
"ETP_fixed_threshold_2_25","CellCycle","treated","sensitivity_pooled_cell_reference","ecdf_rmse","TGI_percent_auc",NA,8,0.735305499120268,0.0376465079387629,0.0460953904609539,0.022997700229977,10000,"monte_carlo_TGI_label_permutation",0.738095238095238,0.0365527610528608,0.0434956504349565,0.0218978102189781,10000,"monte_carlo_TGI_label_permutation",FALSE,0.180555555555556,0.339737454825946
"ETP_fixed_threshold_2_25","CellCycle","treated","sensitivity_pooled_cell_reference","ecdf_rmse","TGI_percent_Day_3",3,8,-0.221416054446744,0.598214008121193,0.67003299670033,0.665233476652335,10000,"monte_carlo_TGI_label_permutation",0.142857142857143,0.735764859879812,0.745025497450255,0.372362763723628,10000,"monte_carlo_TGI_label_permutation",FALSE,0.739346754979675,0.886155286910333
"ETP_fixed_threshold_2_25","CellCycle","treated","sensitivity_pooled_cell_reference","ecdf_rmse","TGI_percent_Day_7",7,8,0.783418029080244,0.0214515080171075,0.0214978502149785,0.0117988201179882,10000,"monte_carlo_TGI_label_permutation",0.785714285714286,0.0208151272535253,0.023997600239976,0.0118988101189881,10000,"monte_carlo_TGI_label_permutation",FALSE,0.180555555555556,0.339737454825946
"ETP_fixed_threshold_2_25","CellCycle","treated","sensitivity_pooled_cell_reference","ecdf_rmse","TGI_percent_Day_10",10,8,0.654335000635524,0.0783359960069301,0.0786921307869213,0.0456954304569543,10000,"monte_carlo_TGI_label_permutation",0.476190476190476,0.232935534650098,0.246875312468753,0.121687831216878,10000,"monte_carlo_TGI_label_permutation",FALSE,0.180555555555556,0.417642446281688
"ETP_fixed_threshold_2_25","CellCycle","treated","sensitivity_pooled_cell_reference","ecdf_rmse","TGI_percent_Day_14",14,8,0.530171157844172,0.176498011111319,0.18018198180182,0.0907909209079092,10000,"monte_carlo_TGI_label_permutation",0.523809523809524,0.182720750539715,0.2003799620038,0.101689831016898,10000,"monte_carlo_TGI_label_permutation",FALSE,0.283565086114339,0.384729527047295
"ETP_fixed_threshold_2_25","CellCycle","treated","sensitivity_pooled_cell_reference","ecdf_rmse","TGI_percent_Day_17",17,8,0.738127462021366,0.0365402420923254,0.0345982142857143,0.0186507936507937,40320,"exact_TGI_label_enumeration",0.642857142857143,0.0855588910126732,0.0961805555555556,0.0480902777777778,40320,"exact_TGI_label_enumeration",FALSE,0.180555555555556,0.339737454825946
"ETP_fixed_threshold_2_25","CellCycle","treated","sensitivity_pooled_cell_reference","ecdf_rmse","TGI_percent_Day_21",21,8,0.451196782240473,0.261811196851183,0.263673632636736,0.135186481351865,10000,"monte_carlo_TGI_label_permutation",0.357142857142857,0.385120643556256,0.390660933906609,0.198980101989801,10000,"monte_carlo_TGI_label_permutation",FALSE,0.389425672817334,0.535763566500493
"ETP_fixed_threshold_2_25","CellCycle","treated","sensitivity_pooled_cell_reference","ecdf_rmse","TGI_percent_Day_24",24,8,0.720364654391333,0.0438421790215048,0.0464953504649535,0.0231976802319768,10000,"monte_carlo_TGI_label_permutation",0.666666666666667,0.0709876543209875,0.0824917508249175,0.0403959604039596,10000,"monte_carlo_TGI_label_permutation",FALSE,0.180555555555556,0.339737454825946
"ETP_fixed_threshold_2_25","CellCycle","treated","sensitivity_pooled_cell_reference","ecdf_rmse","TGI_percent_Day_27",27,8,0.746151402464494,0.0335039767463314,0.0404959504049595,0.0210978902109789,10000,"monte_carlo_TGI_label_permutation",0.690476190476191,0.0579903181645727,0.0743925607439256,0.0347965203479652,10000,"monte_carlo_TGI_label_permutation",FALSE,0.180555555555556,0.339737454825946
"ETP_fixed_threshold_2_25","CellCycle","treated","sensitivity_pooled_cell_reference","ecdf_rmse","TGI_percent_Day_31",31,8,0.783780794955985,0.0213501777313443,0.0241975802419758,0.0127987201279872,10000,"monte_carlo_TGI_label_permutation",0.714285714285714,0.0465282322841672,0.0582941705829417,0.0266973302669733,10000,"monte_carlo_TGI_label_permutation",FALSE,0.180555555555556,0.339737454825946
"ETP_fixed_threshold_2_25","CellCycle","treated","sensitivity_pooled_cell_reference","ecdf_rmse","TGI_percent_Day_34",34,8,0.249720651164374,0.550875460321914,0.523647635236476,0.273672632736726,10000,"monte_carlo_TGI_label_permutation",0,1,1,0.508849115088491,10000,"monte_carlo_TGI_label_permutation",FALSE,0.590229349158107,1
"ETP_fixed_threshold_2_25","CellCycle","treated","sensitivity_pooled_cell_reference","ecdf_rmse","TGI_percent_Day_38",38,8,-0.258443273321478,0.536564218535043,0.528747125287471,0.738426157384262,10000,"monte_carlo_TGI_label_permutation",-0.404761904761905,0.319888641228816,0.330566943305669,0.85051494850515,10000,"monte_carlo_TGI_label_permutation",FALSE,0.590229349158107,0.480095274054684
"ETP_fixed_threshold_2_25","CellCycle","treated","sensitivity_pooled_cell_reference","ecdf_ks","TGI_percent_auc",NA,8,0.754644983003534,0.0304639311273274,0.0410958904109589,0.0201979802019798,10000,"monte_carlo_TGI_label_permutation",0.714285714285714,0.0465282322841672,0.0607939206079392,0.0294970502949705,10000,"monte_carlo_TGI_label_permutation",FALSE,0.180555555555556,0.339737454825946
"ETP_fixed_threshold_2_25","CellCycle","treated","sensitivity_pooled_cell_reference","ecdf_ks","TGI_percent_Day_3",3,8,-0.0616890527000262,0.88462614130375,0.92990700929907,0.551344865513449,10000,"monte_carlo_TGI_label_permutation",0.428571428571429,0.28940322484679,0.299170082991701,0.152784721527847,10000,"monte_carlo_TGI_label_permutation",FALSE,0.939695504133797,0.455878221701639
"ETP_fixed_threshold_2_25","CellCycle","treated","sensitivity_pooled_cell_reference","ecdf_ks","TGI_percent_Day_7",7,8,0.788665357248248,0.0200147201964188,0.0196980301969803,0.0118988101189881,10000,"monte_carlo_TGI_label_permutation",0.761904761904762,0.0280049391530718,0.0393960603939606,0.0186981301869813,10000,"monte_carlo_TGI_label_permutation",FALSE,0.180555555555556,0.339737454825946
"ETP_fixed_threshold_2_25","CellCycle","treated","sensitivity_pooled_cell_reference","ecdf_ks","TGI_percent_Day_10",10,8,0.579193625242157,0.132443370694297,0.14028597140286,0.0773922607739226,10000,"monte_carlo_TGI_label_permutation",0.261904761904762,0.530922861565801,0.530846915308469,0.27047295270473,10000,"monte_carlo_TGI_label_permutation",FALSE,0.236271109731132,0.696060123717358
"ETP_fixed_threshold_2_25","CellCycle","treated","sensitivity_pooled_cell_reference","ecdf_ks","TGI_percent_Day_14",14,8,0.467311966720448,0.242997527627184,0.241175882411759,0.120587941205879,10000,"monte_carlo_TGI_label_permutation",0.476190476190476,0.232935534650098,0.247975202479752,0.122687731226877,10000,"monte_carlo_TGI_label_permutation",FALSE,0.367506106532204,0.417642446281688
"ETP_fixed_threshold_2_25","CellCycle","treated","sensitivity_pooled_cell_reference","ecdf_ks","TGI_percent_Day_17",17,8,0.669021747125985,0.0696324583944314,0.0760912698412698,0.0405753968253968,40320,"exact_TGI_label_enumeration",0.5,0.20703125,0.216170634920635,0.108085317460317,40320,"exact_TGI_label_enumeration",FALSE,0.180555555555556,0.399084249084249
"ETP_fixed_threshold_2_25","CellCycle","treated","sensitivity_pooled_cell_reference","ecdf_ks","TGI_percent_Day_21",21,8,0.42067169228378,0.299355376220573,0.287571242875712,0.144685531446855,10000,"monte_carlo_TGI_label_permutation",0.19047619047619,0.651401495702482,0.659334066593341,0.328867113288671,10000,"monte_carlo_TGI_label_permutation",FALSE,0.410782451166648,0.826140762547122
"ETP_fixed_threshold_2_25","CellCycle","treated","sensitivity_pooled_cell_reference","ecdf_ks","TGI_percent_Day_24",24,8,0.756131944957324,0.0299498849949333,0.0325967403259674,0.0167983201679832,10000,"monte_carlo_TGI_label_permutation",0.571428571428572,0.138959957160707,0.149085091490851,0.0707929207079292,10000,"monte_carlo_TGI_label_permutation",FALSE,0.180555555555556,0.374362563743626
"ETP_fixed_threshold_2_25","CellCycle","treated","sensitivity_pooled_cell_reference","ecdf_ks","TGI_percent_Day_27",27,8,0.811217184864189,0.0145284684029239,0.0216978302169783,0.0114988501149885,10000,"monte_carlo_TGI_label_permutation",0.738095238095238,0.0365527610528608,0.0461953804619538,0.023997600239976,10000,"monte_carlo_TGI_label_permutation",FALSE,0.180555555555556,0.339737454825946
"ETP_fixed_threshold_2_25","CellCycle","treated","sensitivity_pooled_cell_reference","ecdf_ks","TGI_percent_Day_31",31,8,0.847379673013738,0.00790119770127037,0.0092990700929907,0.0034996500349965,10000,"monte_carlo_TGI_label_permutation",0.80952380952381,0.0149026676862301,0.0224977502249775,0.0108989101089891,10000,"monte_carlo_TGI_label_permutation",FALSE,0.180555555555556,0.339737454825946
"ETP_fixed_threshold_2_25","CellCycle","treated","sensitivity_pooled_cell_reference","ecdf_ks","TGI_percent_Day_34",34,8,0.385460581171699,0.34565997734808,0.352964703529647,0.18008199180082,10000,"monte_carlo_TGI_label_permutation",0.0714285714285714,0.866526270675909,0.876612338766123,0.445755424457554,10000,"monte_carlo_TGI_label_permutation",FALSE,0.457900155930353,0.941772489417725
"ETP_fixed_threshold_2_25","CellCycle","treated","sensitivity_pooled_cell_reference","ecdf_ks","TGI_percent_Day_38",38,8,-0.349713307730805,0.395788189654785,0.380661933806619,0.813718628137186,10000,"monte_carlo_TGI_label_permutation",-0.5,0.20703125,0.221377862213779,0.899210078992101,10000,"monte_carlo_TGI_label_permutation",FALSE,0.481593945868571,0.400986316462693
"ETP_fixed_threshold_2_25","CellCycle","treated","sensitivity_pooled_cell_reference","ecdf_mean_abs","TGI_percent_auc",NA,8,0.664588268279289,0.0721964345218061,0.0762923707629237,0.0390960903909609,10000,"monte_carlo_TGI_label_permutation",0.690476190476191,0.0579903181645727,0.067993200679932,0.0333966603339666,10000,"monte_carlo_TGI_label_permutation",FALSE,0.180555555555556,0.339737454825946
"ETP_fixed_threshold_2_25","CellCycle","treated","sensitivity_pooled_cell_reference","ecdf_mean_abs","TGI_percent_Day_3",3,8,-0.372655124438636,0.363265721462112,0.395560443955604,0.792420757924208,10000,"monte_carlo_TGI_label_permutation",0.0714285714285714,0.866526270675909,0.882911708829117,0.435056494350565,10000,"monte_carlo_TGI_label_permutation",FALSE,0.493166267788806,0.941772489417725
"ETP_fixed_threshold_2_25","CellCycle","treated","sensitivity_pooled_cell_reference","ecdf_mean_abs","TGI_percent_Day_7",7,8,0.702582572296361,0.0519731806287959,0.0496950304969503,0.0298970102989701,10000,"monte_carlo_TGI_label_permutation",0.738095238095238,0.0365527610528608,0.0461953804619538,0.0234976502349765,10000,"monte_carlo_TGI_label_permutation",FALSE,0.180555555555556,0.339737454825946
"ETP_fixed_threshold_2_25","CellCycle","treated","sensitivity_pooled_cell_reference","ecdf_mean_abs","TGI_percent_Day_10",10,8,0.662042475617184,0.0736934302466224,0.0722927707229277,0.0451954804519548,10000,"monte_carlo_TGI_label_permutation",0.404761904761905,0.319888641228816,0.335066493350665,0.169383061693831,10000,"monte_carlo_TGI_label_permutation",FALSE,0.180555555555556,0.480095274054684
"ETP_fixed_threshold_2_25","CellCycle","treated","sensitivity_pooled_cell_reference","ecdf_mean_abs","TGI_percent_Day_14",14,8,0.567004138073756,0.142750862224261,0.13958604139586,0.0707929207079292,10000,"monte_carlo_TGI_label_permutation",0.5,0.20703125,0.215778422157784,0.110588941105889,10000,"monte_carlo_TGI_label_permutation",FALSE,0.236271109731132,0.399084249084249
"ETP_fixed_threshold_2_25","CellCycle","treated","sensitivity_pooled_cell_reference","ecdf_mean_abs","TGI_percent_Day_17",17,8,0.720920536184219,0.0436013629373988,0.0400297619047619,0.0233382936507937,40320,"exact_TGI_label_enumeration",0.571428571428572,0.138959957160707,0.151140873015873,0.0755704365079365,40320,"exact_TGI_label_enumeration",FALSE,0.180555555555556,0.374362563743626
"ETP_fixed_threshold_2_25","CellCycle","treated","sensitivity_pooled_cell_reference","ecdf_mean_abs","TGI_percent_Day_21",21,8,0.396331076798983,0.331030914014302,0.319068093190681,0.158884111588841,10000,"monte_carlo_TGI_label_permutation",0.214285714285714,0.610344415645267,0.618938106189381,0.310668933106689,10000,"monte_carlo_TGI_label_permutation",FALSE,0.431416013328245,0.792240775922408
"ETP_fixed_threshold_2_25","CellCycle","treated","sensitivity_pooled_cell_reference","ecdf_mean_abs","TGI_percent_Day_24",24,8,0.609960800246002,0.108332868730872,0.111788821117888,0.0612938706129387,10000,"monte_carlo_TGI_label_permutation",0.571428571428572,0.138959957160707,0.153084691530847,0.0795920407959204,10000,"monte_carlo_TGI_label_permutation",FALSE,0.210426016221907,0.374362563743626
"ETP_fixed_threshold_2_25","CellCycle","treated","sensitivity_pooled_cell_reference","ecdf_mean_abs","TGI_percent_Day_27",27,8,0.646113086576624,0.0834722190259644,0.080991900809919,0.0410958904109589,10000,"monte_carlo_TGI_label_permutation",0.666666666666667,0.0709876543209875,0.0837916208379162,0.0405959404059594,10000,"monte_carlo_TGI_label_permutation",FALSE,0.180819127389587,0.339737454825946
"ETP_fixed_threshold_2_25","CellCycle","treated","sensitivity_pooled_cell_reference","ecdf_mean_abs","TGI_percent_Day_31",31,8,0.672834903276266,0.0674708166059425,0.0647935206479352,0.0292970702929707,10000,"monte_carlo_TGI_label_permutation",0.690476190476191,0.0579903181645727,0.0680931906809319,0.0330966903309669,10000,"monte_carlo_TGI_label_permutation",FALSE,0.180555555555556,0.339737454825946
"ETP_fixed_threshold_2_25","CellCycle","treated","sensitivity_pooled_cell_reference","ecdf_mean_abs","TGI_percent_Day_34",34,8,0.1337727786733,0.752152331365295,0.741525847415259,0.372762723727627,10000,"monte_carlo_TGI_label_permutation",0.0238095238095238,0.955374011815881,0.978102189781022,0.483451654834517,10000,"monte_carlo_TGI_label_permutation",FALSE,0.782269025844668,1
"ETP_fixed_threshold_2_25","CellCycle","treated","sensitivity_pooled_cell_reference","ecdf_mean_abs","TGI_percent_Day_38",38,8,-0.0973691719225903,0.818583437302028,0.822917708229177,0.595140485951405,10000,"monte_carlo_TGI_label_permutation",-0.261904761904762,0.530922861565801,0.536546345365463,0.748225177482252,10000,"monte_carlo_TGI_label_permutation",FALSE,0.85869673902175,0.696060123717358
"ETP_fixed_threshold_2_25","CellCycle","treated","sensitivity_pooled_cell_reference","signed_mean_shift","TGI_percent_auc",NA,8,-0.735501414669075,0.0375690547266024,0.0455954404559544,0.976402359764024,10000,"monte_carlo_TGI_label_permutation",-0.690476190476191,0.0579903181645725,0.0731926807319268,0.970602939706029,10000,"monte_carlo_TGI_label_permutation",FALSE,0.180555555555556,0.339737454825946
"ETP_fixed_threshold_2_25","CellCycle","treated","sensitivity_pooled_cell_reference","signed_mean_shift","TGI_percent_Day_3",3,8,0.204861410840829,0.626496624224022,0.705829417058294,0.361063893610639,10000,"monte_carlo_TGI_label_permutation",-0.0476190476190476,0.910849168519584,0.936906309369063,0.551044895510449,10000,"monte_carlo_TGI_label_permutation",FALSE,0.769995727699957,0.977641366298153
"ETP_fixed_threshold_2_25","CellCycle","treated","sensitivity_pooled_cell_reference","signed_mean_shift","TGI_percent_Day_7",7,8,-0.683225848401406,0.0617836504967528,0.0623937606239376,0.971802819718028,10000,"monte_carlo_TGI_label_permutation",-0.547619047619048,0.160025642538896,0.171182881711829,0.927307269273073,10000,"monte_carlo_TGI_label_permutation",FALSE,0.180555555555556,0.384729527047295
"ETP_fixed_threshold_2_25","CellCycle","treated","sensitivity_pooled_cell_reference","signed_mean_shift","TGI_percent_Day_10",10,8,-0.6541171413518,0.0784696406508999,0.0771922807719228,0.971502849715029,10000,"monte_carlo_TGI_label_permutation",-0.476190476190476,0.232935534650098,0.243675632436756,0.89051094890511,10000,"monte_carlo_TGI_label_permutation",FALSE,0.180555555555556,0.417642446281688
"ETP_fixed_threshold_2_25","CellCycle","treated","sensitivity_pooled_cell_reference","signed_mean_shift","TGI_percent_Day_14",14,8,-0.419021089401239,0.30145534314633,0.309269073092691,0.843215678432157,10000,"monte_carlo_TGI_label_permutation",-0.523809523809524,0.182720750539715,0.195180481951805,0.911508849115088,10000,"monte_carlo_TGI_label_permutation",FALSE,0.427842929992715,0.384729527047295
"ETP_fixed_threshold_2_25","CellCycle","treated","sensitivity_pooled_cell_reference","signed_mean_shift","TGI_percent_Day_17",17,8,-0.61287711979583,0.106188908510463,0.110367063492063,0.948412698412698,40320,"exact_TGI_label_enumeration",-0.357142857142857,0.385120643556256,0.389384920634921,0.820064484126984,40320,"exact_TGI_label_enumeration",FALSE,0.210426016221907,0.535763566500493
"ETP_fixed_threshold_2_25","CellCycle","treated","sensitivity_pooled_cell_reference","signed_mean_shift","TGI_percent_Day_21",21,8,-0.432791913967789,0.284153226456355,0.290970902909709,0.852614738526147,10000,"monte_carlo_TGI_label_permutation",-0.30952380952381,0.455644890737582,0.461853814618538,0.785221477852215,10000,"monte_carlo_TGI_label_permutation",FALSE,0.410782451166648,0.615805086158051
"ETP_fixed_threshold_2_25","CellCycle","treated","sensitivity_pooled_cell_reference","signed_mean_shift","TGI_percent_Day_24",24,8,-0.821012543351341,0.0124798379012545,0.0134986501349865,0.994600539946005,10000,"monte_carlo_TGI_label_permutation",-0.80952380952381,0.0149026676862301,0.0207979202079792,0.992500749925007,10000,"monte_carlo_TGI_label_permutation",FALSE,0.180555555555556,0.339737454825946
"ETP_fixed_threshold_2_25","CellCycle","treated","sensitivity_pooled_cell_reference","signed_mean_shift","TGI_percent_Day_27",27,8,-0.708991963994009,0.0489462910045442,0.0552944705529447,0.973502649735027,10000,"monte_carlo_TGI_label_permutation",-0.642857142857143,0.085558891012673,0.0926907309269073,0.96020397960204,10000,"monte_carlo_TGI_label_permutation",FALSE,0.180555555555556,0.339737454825946
"ETP_fixed_threshold_2_25","CellCycle","treated","sensitivity_pooled_cell_reference","signed_mean_shift","TGI_percent_Day_31",31,8,-0.783610940789429,0.0213975854146514,0.023997600239976,0.987201279872013,10000,"monte_carlo_TGI_label_permutation",-0.714285714285714,0.0465282322841672,0.0582941705829417,0.975402459754025,10000,"monte_carlo_TGI_label_permutation",FALSE,0.180555555555556,0.339737454825946
"ETP_fixed_threshold_2_25","CellCycle","treated","sensitivity_pooled_cell_reference","signed_mean_shift","TGI_percent_Day_34",34,8,-0.533012835726848,0.173755737802925,0.174882511748825,0.912808719128087,10000,"monte_carlo_TGI_label_permutation",-0.333333333333333,0.419753086419753,0.433556644335566,0.803819618038196,10000,"monte_carlo_TGI_label_permutation",FALSE,0.27981201879812,0.586217434594569
"ETP_fixed_threshold_2_25","CellCycle","treated","sensitivity_pooled_cell_reference","signed_mean_shift","TGI_percent_Day_38",38,8,0.302940576948248,0.465781828448666,0.446255374462554,0.21967803219678,10000,"monte_carlo_TGI_label_permutation",0.404761904761905,0.319888641228816,0.323967603239676,0.167283271672833,10000,"monte_carlo_TGI_label_permutation",FALSE,0.535506449355065,0.480095274054684
