sample_id,bin_id,sample_bin_id,cell_count,bin_start,bin_end,bin_midpoint,dose,dose_mg,initial_ploidy,n_cells,mean_pseudotime,n_endpoint_ploidy_cells,sample_mean_endpoint_ploidy,sample_median_endpoint_ploidy,sample_max_endpoint_ploidy,sample_mean_endpoint_ploidy_scaled,ETP_fixed_threshold_2_25_group,ETP_boundary_stress_threshold_2_375_group,ETP_reference_balanced_threshold_2_24_group,retained_for_model,exclusion_reason,library_size
2N-A1-0,1,2N-A1-0__bin01,6,0,0.05,0.025,0mg/kg,0,2N,99,0.4942587245951852,413,2.124763482010055,2.1187227183587054,2.220680653062113,-0.64922875255777035,ETP-lower,ETP-lower,ETP-lower,TRUE,,545813
2N-A1-0,2,2N-A1-0__bin02,11,0.05,0.1,0.07500000000000001,0mg/kg,0,2N,99,0.4942587245951852,413,2.124763482010055,2.1187227183587054,2.220680653062113,-0.64922875255777035,ETP-lower,ETP-lower,ETP-lower,TRUE,,900573
2N-A1-0,3,2N-A1-0__bin03,5,0.1,0.15000000000000002,0.125,0mg/kg,0,2N,99,0.4942587245951852,413,2.124763482010055,2.1187227183587054,2.220680653062113,-0.64922875255777035,ETP-lower,ETP-lower,ETP-lower,TRUE,,336244
2N-A1-0,4,2N-A1-0__bin04,2,0.15000000000000002,0.2,0.17500000000000002,0mg/kg,0,2N,99,0.4942587245951852,413,2.124763482010055,2.1187227183587054,2.220680653062113,-0.64922875255777035,ETP-lower,ETP-lower,ETP-lower,FALSE,cell_count<5,137553
2N-A1-0,5,2N-A1-0__bin05,5,0.2,0.25,0.225,0mg/kg,0,2N,99,0.4942587245951852,413,2.124763482010055,2.1187227183587054,2.220680653062113,-0.64922875255777035,ETP-lower,ETP-lower,ETP-lower,TRUE,,258930
2N-A1-0,6,2N-A1-0__bin06,2,0.25,0.30000000000000004,0.275,0mg/kg,0,2N,99,0.4942587245951852,413,2.124763482010055,2.1187227183587054,2.220680653062113,-0.64922875255777035,ETP-lower,ETP-lower,ETP-lower,FALSE,cell_count<5,11496
2N-A1-0,7,2N-A1-0__bin07,1,0.30000000000000004,0.35000000000000003,0.32500000000000007,0mg/kg,0,2N,99,0.4942587245951852,413,2.124763482010055,2.1187227183587054,2.220680653062113,-0.64922875255777035,ETP-lower,ETP-lower,ETP-lower,FALSE,cell_count<5,20102
2N-A1-0,8,2N-A1-0__bin08,3,0.35000000000000003,0.4,0.375,0mg/kg,0,2N,99,0.4942587245951852,413,2.124763482010055,2.1187227183587054,2.220680653062113,-0.64922875255777035,ETP-lower,ETP-lower,ETP-lower,FALSE,cell_count<5,196987
2N-A1-0,9,2N-A1-0__bin09,7,0.4,0.45,0.42500000000000004,0mg/kg,0,2N,99,0.4942587245951852,413,2.124763482010055,2.1187227183587054,2.220680653062113,-0.64922875255777035,ETP-lower,ETP-lower,ETP-lower,TRUE,,343864
2N-A1-0,10,2N-A1-0__bin10,3,0.45,0.5,0.475,0mg/kg,0,2N,99,0.4942587245951852,413,2.124763482010055,2.1187227183587054,2.220680653062113,-0.64922875255777035,ETP-lower,ETP-lower,ETP-lower,FALSE,cell_count<5,73513
2N-A1-0,11,2N-A1-0__bin11,4,0.5,0.55,0.525,0mg/kg,0,2N,99,0.4942587245951852,413,2.124763482010055,2.1187227183587054,2.220680653062113,-0.64922875255777035,ETP-lower,ETP-lower,ETP-lower,FALSE,cell_count<5,257171
2N-A1-0,12,2N-A1-0__bin12,9,0.55,0.6000000000000001,0.5750000000000001,0mg/kg,0,2N,99,0.4942587245951852,413,2.124763482010055,2.1187227183587054,2.220680653062113,-0.64922875255777035,ETP-lower,ETP-lower,ETP-lower,TRUE,,504151
2N-A1-0,13,2N-A1-0__bin13,2,0.6000000000000001,0.65,0.625,0mg/kg,0,2N,99,0.4942587245951852,413,2.124763482010055,2.1187227183587054,2.220680653062113,-0.64922875255777035,ETP-lower,ETP-lower,ETP-lower,FALSE,cell_count<5,110917
2N-A1-0,14,2N-A1-0__bin14,7,0.65,0.7000000000000001,0.675,0mg/kg,0,2N,99,0.4942587245951852,413,2.124763482010055,2.1187227183587054,2.220680653062113,-0.64922875255777035,ETP-lower,ETP-lower,ETP-lower,TRUE,,368833
2N-A1-0,15,2N-A1-0__bin15,5,0.7000000000000001,0.75,0.7250000000000001,0mg/kg,0,2N,99,0.4942587245951852,413,2.124763482010055,2.1187227183587054,2.220680653062113,-0.64922875255777035,ETP-lower,ETP-lower,ETP-lower,TRUE,,484672
2N-A1-0,16,2N-A1-0__bin16,9,0.75,0.8,0.775,0mg/kg,0,2N,99,0.4942587245951852,413,2.124763482010055,2.1187227183587054,2.220680653062113,-0.64922875255777035,ETP-lower,ETP-lower,ETP-lower,TRUE,,657879
2N-A1-0,17,2N-A1-0__bin17,6,0.8,0.8500000000000001,0.8250000000000001,0mg/kg,0,2N,99,0.4942587245951852,413,2.124763482010055,2.1187227183587054,2.220680653062113,-0.64922875255777035,ETP-lower,ETP-lower,ETP-lower,TRUE,,770861
2N-A1-0,18,2N-A1-0__bin18,9,0.8500000000000001,0.9,0.875,0mg/kg,0,2N,99,0.4942587245951852,413,2.124763482010055,2.1187227183587054,2.220680653062113,-0.64922875255777035,ETP-lower,ETP-lower,ETP-lower,TRUE,,747570
2N-A1-0,19,2N-A1-0__bin19,3,0.9,0.9500000000000001,0.925,0mg/kg,0,2N,99,0.4942587245951852,413,2.124763482010055,2.1187227183587054,2.220680653062113,-0.64922875255777035,ETP-lower,ETP-lower,ETP-lower,FALSE,cell_count<5,364266
2N-A1-0,20,2N-A1-0__bin20,0,0.9500000000000001,1,0.9750000000000001,0mg/kg,0,2N,99,0.4942587245951852,413,2.124763482010055,2.1187227183587054,2.220680653062113,-0.64922875255777035,ETP-lower,ETP-lower,ETP-lower,FALSE,cell_count<5,0
2N-A1-LR,1,2N-A1-LR__bin01,3,0,0.05,0.025,0mg/kg,0,2N,125,0.5233218241557482,369,2.2444830683675407,2.250110314757946,2.280229201381545,0.11077584689551144,ETP-lower,ETP-lower,ETP-higher,FALSE,cell_count<5,270659
2N-A1-LR,2,2N-A1-LR__bin02,15,0.05,0.1,0.07500000000000001,0mg/kg,0,2N,125,0.5233218241557482,369,2.2444830683675407,2.250110314757946,2.280229201381545,0.11077584689551144,ETP-lower,ETP-lower,ETP-higher,TRUE,,1585128
2N-A1-LR,3,2N-A1-LR__bin03,3,0.1,0.15000000000000002,0.125,0mg/kg,0,2N,125,0.5233218241557482,369,2.2444830683675407,2.250110314757946,2.280229201381545,0.11077584689551144,ETP-lower,ETP-lower,ETP-higher,FALSE,cell_count<5,237202
2N-A1-LR,4,2N-A1-LR__bin04,4,0.15000000000000002,0.2,0.17500000000000002,0mg/kg,0,2N,125,0.5233218241557482,369,2.2444830683675407,2.250110314757946,2.280229201381545,0.11077584689551144,ETP-lower,ETP-lower,ETP-higher,FALSE,cell_count<5,331455
2N-A1-LR,5,2N-A1-LR__bin05,5,0.2,0.25,0.225,0mg/kg,0,2N,125,0.5233218241557482,369,2.2444830683675407,2.250110314757946,2.280229201381545,0.11077584689551144,ETP-lower,ETP-lower,ETP-higher,TRUE,,276357
2N-A1-LR,6,2N-A1-LR__bin06,6,0.25,0.30000000000000004,0.275,0mg/kg,0,2N,125,0.5233218241557482,369,2.2444830683675407,2.250110314757946,2.280229201381545,0.11077584689551144,ETP-lower,ETP-lower,ETP-higher,TRUE,,24595
2N-A1-LR,7,2N-A1-LR__bin07,7,0.30000000000000004,0.35000000000000003,0.32500000000000007,0mg/kg,0,2N,125,0.5233218241557482,369,2.2444830683675407,2.250110314757946,2.280229201381545,0.11077584689551144,ETP-lower,ETP-lower,ETP-higher,TRUE,,227373
2N-A1-LR,8,2N-A1-LR__bin08,5,0.35000000000000003,0.4,0.375,0mg/kg,0,2N,125,0.5233218241557482,369,2.2444830683675407,2.250110314757946,2.280229201381545,0.11077584689551144,ETP-lower,ETP-lower,ETP-higher,TRUE,,433770
2N-A1-LR,9,2N-A1-LR__bin09,1,0.4,0.45,0.42500000000000004,0mg/kg,0,2N,125,0.5233218241557482,369,2.2444830683675407,2.250110314757946,2.280229201381545,0.11077584689551144,ETP-lower,ETP-lower,ETP-higher,FALSE,cell_count<5,219758
2N-A1-LR,10,2N-A1-LR__bin10,6,0.45,0.5,0.475,0mg/kg,0,2N,125,0.5233218241557482,369,2.2444830683675407,2.250110314757946,2.280229201381545,0.11077584689551144,ETP-lower,ETP-lower,ETP-higher,TRUE,,211972
2N-A1-LR,11,2N-A1-LR__bin11,7,0.5,0.55,0.525,0mg/kg,0,2N,125,0.5233218241557482,369,2.2444830683675407,2.250110314757946,2.280229201381545,0.11077584689551144,ETP-lower,ETP-lower,ETP-higher,TRUE,,301528
2N-A1-LR,12,2N-A1-LR__bin12,6,0.55,0.6000000000000001,0.5750000000000001,0mg/kg,0,2N,125,0.5233218241557482,369,2.2444830683675407,2.250110314757946,2.280229201381545,0.11077584689551144,ETP-lower,ETP-lower,ETP-higher,TRUE,,43302
2N-A1-LR,13,2N-A1-LR__bin13,3,0.6000000000000001,0.65,0.625,0mg/kg,0,2N,125,0.5233218241557482,369,2.2444830683675407,2.250110314757946,2.280229201381545,0.11077584689551144,ETP-lower,ETP-lower,ETP-higher,FALSE,cell_count<5,86143
2N-A1-LR,14,2N-A1-LR__bin14,5,0.65,0.7000000000000001,0.675,0mg/kg,0,2N,125,0.5233218241557482,369,2.2444830683675407,2.250110314757946,2.280229201381545,0.11077584689551144,ETP-lower,ETP-lower,ETP-higher,TRUE,,522371
2N-A1-LR,15,2N-A1-LR__bin15,12,0.7000000000000001,0.75,0.7250000000000001,0mg/kg,0,2N,125,0.5233218241557482,369,2.2444830683675407,2.250110314757946,2.280229201381545,0.11077584689551144,ETP-lower,ETP-lower,ETP-higher,TRUE,,1024818
2N-A1-LR,16,2N-A1-LR__bin16,4,0.75,0.8,0.775,0mg/kg,0,2N,125,0.5233218241557482,369,2.2444830683675407,2.250110314757946,2.280229201381545,0.11077584689551144,ETP-lower,ETP-lower,ETP-higher,FALSE,cell_count<5,422510
2N-A1-LR,17,2N-A1-LR__bin17,6,0.8,0.8500000000000001,0.8250000000000001,0mg/kg,0,2N,125,0.5233218241557482,369,2.2444830683675407,2.250110314757946,2.280229201381545,0.11077584689551144,ETP-lower,ETP-lower,ETP-higher,TRUE,,526482
2N-A1-LR,18,2N-A1-LR__bin18,22,0.8500000000000001,0.9,0.875,0mg/kg,0,2N,125,0.5233218241557482,369,2.2444830683675407,2.250110314757946,2.280229201381545,0.11077584689551144,ETP-lower,ETP-lower,ETP-higher,TRUE,,1852074
2N-A1-LR,19,2N-A1-LR__bin19,5,0.9,0.9500000000000001,0.925,0mg/kg,0,2N,125,0.5233218241557482,369,2.2444830683675407,2.250110314757946,2.280229201381545,0.11077584689551144,ETP-lower,ETP-lower,ETP-higher,TRUE,,221021
2N-A1-LR,20,2N-A1-LR__bin20,0,0.9500000000000001,1,0.9750000000000001,0mg/kg,0,2N,125,0.5233218241557482,369,2.2444830683675407,2.250110314757946,2.280229201381545,0.11077584689551144,ETP-lower,ETP-lower,ETP-higher,FALSE,cell_count<5,0
2N-A1-R,1,2N-A1-R__bin01,3,0,0.05,0.025,0mg/kg,0,2N,81,0.5281290518188916,196,2.0115676993385962,2.016165352733414,2.0458605817993187,-1.3678189021439646,ETP-lower,ETP-lower,ETP-lower,FALSE,cell_count<5,199978
2N-A1-R,2,2N-A1-R__bin02,1,0.05,0.1,0.07500000000000001,0mg/kg,0,2N,81,0.5281290518188916,196,2.0115676993385962,2.016165352733414,2.0458605817993187,-1.3678189021439646,ETP-lower,ETP-lower,ETP-lower,FALSE,cell_count<5,110934
2N-A1-R,3,2N-A1-R__bin03,5,0.1,0.15000000000000002,0.125,0mg/kg,0,2N,81,0.5281290518188916,196,2.0115676993385962,2.016165352733414,2.0458605817993187,-1.3678189021439646,ETP-lower,ETP-lower,ETP-lower,TRUE,,433885
2N-A1-R,4,2N-A1-R__bin04,3,0.15000000000000002,0.2,0.17500000000000002,0mg/kg,0,2N,81,0.5281290518188916,196,2.0115676993385962,2.016165352733414,2.0458605817993187,-1.3678189021439646,ETP-lower,ETP-lower,ETP-lower,FALSE,cell_count<5,221202
2N-A1-R,5,2N-A1-R__bin05,5,0.2,0.25,0.225,0mg/kg,0,2N,81,0.5281290518188916,196,2.0115676993385962,2.016165352733414,2.0458605817993187,-1.3678189021439646,ETP-lower,ETP-lower,ETP-lower,TRUE,,257351
2N-A1-R,6,2N-A1-R__bin06,3,0.25,0.30000000000000004,0.275,0mg/kg,0,2N,81,0.5281290518188916,196,2.0115676993385962,2.016165352733414,2.0458605817993187,-1.3678189021439646,ETP-lower,ETP-lower,ETP-lower,FALSE,cell_count<5,53445
2N-A1-R,7,2N-A1-R__bin07,3,0.30000000000000004,0.35000000000000003,0.32500000000000007,0mg/kg,0,2N,81,0.5281290518188916,196,2.0115676993385962,2.016165352733414,2.0458605817993187,-1.3678189021439646,ETP-lower,ETP-lower,ETP-lower,FALSE,cell_count<5,200992
2N-A1-R,8,2N-A1-R__bin08,2,0.35000000000000003,0.4,0.375,0mg/kg,0,2N,81,0.5281290518188916,196,2.0115676993385962,2.016165352733414,2.0458605817993187,-1.3678189021439646,ETP-lower,ETP-lower,ETP-lower,FALSE,cell_count<5,49681
2N-A1-R,9,2N-A1-R__bin09,3,0.4,0.45,0.42500000000000004,0mg/kg,0,2N,81,0.5281290518188916,196,2.0115676993385962,2.016165352733414,2.0458605817993187,-1.3678189021439646,ETP-lower,ETP-lower,ETP-lower,FALSE,cell_count<5,170491
2N-A1-R,10,2N-A1-R__bin10,5,0.45,0.5,0.475,0mg/kg,0,2N,81,0.5281290518188916,196,2.0115676993385962,2.016165352733414,2.0458605817993187,-1.3678189021439646,ETP-lower,ETP-lower,ETP-lower,TRUE,,167710
2N-A1-R,11,2N-A1-R__bin11,10,0.5,0.55,0.525,0mg/kg,0,2N,81,0.5281290518188916,196,2.0115676993385962,2.016165352733414,2.0458605817993187,-1.3678189021439646,ETP-lower,ETP-lower,ETP-lower,TRUE,,365120
2N-A1-R,12,2N-A1-R__bin12,3,0.55,0.6000000000000001,0.5750000000000001,0mg/kg,0,2N,81,0.5281290518188916,196,2.0115676993385962,2.016165352733414,2.0458605817993187,-1.3678189021439646,ETP-lower,ETP-lower,ETP-lower,FALSE,cell_count<5,125085
2N-A1-R,13,2N-A1-R__bin13,5,0.6000000000000001,0.65,0.625,0mg/kg,0,2N,81,0.5281290518188916,196,2.0115676993385962,2.016165352733414,2.0458605817993187,-1.3678189021439646,ETP-lower,ETP-lower,ETP-lower,TRUE,,386113
2N-A1-R,14,2N-A1-R__bin14,3,0.65,0.7000000000000001,0.675,0mg/kg,0,2N,81,0.5281290518188916,196,2.0115676993385962,2.016165352733414,2.0458605817993187,-1.3678189021439646,ETP-lower,ETP-lower,ETP-lower,FALSE,cell_count<5,204277
2N-A1-R,15,2N-A1-R__bin15,6,0.7000000000000001,0.75,0.7250000000000001,0mg/kg,0,2N,81,0.5281290518188916,196,2.0115676993385962,2.016165352733414,2.0458605817993187,-1.3678189021439646,ETP-lower,ETP-lower,ETP-lower,TRUE,,543779
2N-A1-R,16,2N-A1-R__bin16,4,0.75,0.8,0.775,0mg/kg,0,2N,81,0.5281290518188916,196,2.0115676993385962,2.016165352733414,2.0458605817993187,-1.3678189021439646,ETP-lower,ETP-lower,ETP-lower,FALSE,cell_count<5,189843
2N-A1-R,17,2N-A1-R__bin17,6,0.8,0.8500000000000001,0.8250000000000001,0mg/kg,0,2N,81,0.5281290518188916,196,2.0115676993385962,2.016165352733414,2.0458605817993187,-1.3678189021439646,ETP-lower,ETP-lower,ETP-lower,TRUE,,450453
2N-A1-R,18,2N-A1-R__bin18,10,0.8500000000000001,0.9,0.875,0mg/kg,0,2N,81,0.5281290518188916,196,2.0115676993385962,2.016165352733414,2.0458605817993187,-1.3678189021439646,ETP-lower,ETP-lower,ETP-lower,TRUE,,785666
2N-A1-R,19,2N-A1-R__bin19,1,0.9,0.9500000000000001,0.925,0mg/kg,0,2N,81,0.5281290518188916,196,2.0115676993385962,2.016165352733414,2.0458605817993187,-1.3678189021439646,ETP-lower,ETP-lower,ETP-lower,FALSE,cell_count<5,199304
2N-A1-R,20,2N-A1-R__bin20,0,0.9500000000000001,1,0.9750000000000001,0mg/kg,0,2N,81,0.5281290518188916,196,2.0115676993385962,2.016165352733414,2.0458605817993187,-1.3678189021439646,ETP-lower,ETP-lower,ETP-lower,FALSE,cell_count<5,0
2N-A1-RR,1,2N-A1-RR__bin01,33,0,0.05,0.025,0mg/kg,0,2N,549,0.4818645722261609,1495,1.9414587666013141,1.9434174280281653,1.976168399094179,-1.8128848513696036,ETP-lower,ETP-lower,ETP-lower,TRUE,,1038131
2N-A1-RR,2,2N-A1-RR__bin02,45,0.05,0.1,0.07500000000000001,0mg/kg,0,2N,549,0.4818645722261609,1495,1.9414587666013141,1.9434174280281653,1.976168399094179,-1.8128848513696036,ETP-lower,ETP-lower,ETP-lower,TRUE,,1548724
2N-A1-RR,3,2N-A1-RR__bin03,35,0.1,0.15000000000000002,0.125,0mg/kg,0,2N,549,0.4818645722261609,1495,1.9414587666013141,1.9434174280281653,1.976168399094179,-1.8128848513696036,ETP-lower,ETP-lower,ETP-lower,TRUE,,1141520
2N-A1-RR,4,2N-A1-RR__bin04,41,0.15000000000000002,0.2,0.17500000000000002,0mg/kg,0,2N,549,0.4818645722261609,1495,1.9414587666013141,1.9434174280281653,1.976168399094179,-1.8128848513696036,ETP-lower,ETP-lower,ETP-lower,TRUE,,1459536
2N-A1-RR,5,2N-A1-RR__bin05,18,0.2,0.25,0.225,0mg/kg,0,2N,549,0.4818645722261609,1495,1.9414587666013141,1.9434174280281653,1.976168399094179,-1.8128848513696036,ETP-lower,ETP-lower,ETP-lower,TRUE,,609792
2N-A1-RR,6,2N-A1-RR__bin06,14,0.25,0.30000000000000004,0.275,0mg/kg,0,2N,549,0.4818645722261609,1495,1.9414587666013141,1.9434174280281653,1.976168399094179,-1.8128848513696036,ETP-lower,ETP-lower,ETP-lower,TRUE,,349289
2N-A1-RR,7,2N-A1-RR__bin07,14,0.30000000000000004,0.35000000000000003,0.32500000000000007,0mg/kg,0,2N,549,0.4818645722261609,1495,1.9414587666013141,1.9434174280281653,1.976168399094179,-1.8128848513696036,ETP-lower,ETP-lower,ETP-lower,TRUE,,408628
2N-A1-RR,8,2N-A1-RR__bin08,14,0.35000000000000003,0.4,0.375,0mg/kg,0,2N,549,0.4818645722261609,1495,1.9414587666013141,1.9434174280281653,1.976168399094179,-1.8128848513696036,ETP-lower,ETP-lower,ETP-lower,TRUE,,356501
2N-A1-RR,9,2N-A1-RR__bin09,19,0.4,0.45,0.42500000000000004,0mg/kg,0,2N,549,0.4818645722261609,1495,1.9414587666013141,1.9434174280281653,1.976168399094179,-1.8128848513696036,ETP-lower,ETP-lower,ETP-lower,TRUE,,575832
2N-A1-RR,10,2N-A1-RR__bin10,27,0.45,0.5,0.475,0mg/kg,0,2N,549,0.4818645722261609,1495,1.9414587666013141,1.9434174280281653,1.976168399094179,-1.8128848513696036,ETP-lower,ETP-lower,ETP-lower,TRUE,,803824
2N-A1-RR,11,2N-A1-RR__bin11,21,0.5,0.55,0.525,0mg/kg,0,2N,549,0.4818645722261609,1495,1.9414587666013141,1.9434174280281653,1.976168399094179,-1.8128848513696036,ETP-lower,ETP-lower,ETP-lower,TRUE,,782778
2N-A1-RR,12,2N-A1-RR__bin12,34,0.55,0.6000000000000001,0.5750000000000001,0mg/kg,0,2N,549,0.4818645722261609,1495,1.9414587666013141,1.9434174280281653,1.976168399094179,-1.8128848513696036,ETP-lower,ETP-lower,ETP-lower,TRUE,,1164897
2N-A1-RR,13,2N-A1-RR__bin13,46,0.6000000000000001,0.65,0.625,0mg/kg,0,2N,549,0.4818645722261609,1495,1.9414587666013141,1.9434174280281653,1.976168399094179,-1.8128848513696036,ETP-lower,ETP-lower,ETP-lower,TRUE,,1735311
2N-A1-RR,14,2N-A1-RR__bin14,30,0.65,0.7000000000000001,0.675,0mg/kg,0,2N,549,0.4818645722261609,1495,1.9414587666013141,1.9434174280281653,1.976168399094179,-1.8128848513696036,ETP-lower,ETP-lower,ETP-lower,TRUE,,1293914
2N-A1-RR,15,2N-A1-RR__bin15,29,0.7000000000000001,0.75,0.7250000000000001,0mg/kg,0,2N,549,0.4818645722261609,1495,1.9414587666013141,1.9434174280281653,1.976168399094179,-1.8128848513696036,ETP-lower,ETP-lower,ETP-lower,TRUE,,1038446
2N-A1-RR,16,2N-A1-RR__bin16,25,0.75,0.8,0.775,0mg/kg,0,2N,549,0.4818645722261609,1495,1.9414587666013141,1.9434174280281653,1.976168399094179,-1.8128848513696036,ETP-lower,ETP-lower,ETP-lower,TRUE,,921630
2N-A1-RR,17,2N-A1-RR__bin17,31,0.8,0.8500000000000001,0.8250000000000001,0mg/kg,0,2N,549,0.4818645722261609,1495,1.9414587666013141,1.9434174280281653,1.976168399094179,-1.8128848513696036,ETP-lower,ETP-lower,ETP-lower,TRUE,,1056787
2N-A1-RR,18,2N-A1-RR__bin18,60,0.8500000000000001,0.9,0.875,0mg/kg,0,2N,549,0.4818645722261609,1495,1.9414587666013141,1.9434174280281653,1.976168399094179,-1.8128848513696036,ETP-lower,ETP-lower,ETP-lower,TRUE,,2387191
2N-A1-RR,19,2N-A1-RR__bin19,12,0.9,0.9500000000000001,0.925,0mg/kg,0,2N,549,0.4818645722261609,1495,1.9414587666013141,1.9434174280281653,1.976168399094179,-1.8128848513696036,ETP-lower,ETP-lower,ETP-lower,TRUE,,446526
2N-A1-RR,20,2N-A1-RR__bin20,1,0.9500000000000001,1,0.9750000000000001,0mg/kg,0,2N,549,0.4818645722261609,1495,1.9414587666013141,1.9434174280281653,1.976168399094179,-1.8128848513696036,ETP-lower,ETP-lower,ETP-lower,FALSE,cell_count<5,18964
2N-A2-0,1,2N-A2-0__bin01,8,0,0.05,0.025,30mg/kg,30,2N,95,0.4671333134174347,317,2.3157000073747946,2.3221994765015688,2.3443660182499992,0.5628756482001838,ETP-higher,ETP-lower,ETP-higher,TRUE,,869313
2N-A2-0,2,2N-A2-0__bin02,5,0.05,0.1,0.07500000000000001,30mg/kg,30,2N,95,0.4671333134174347,317,2.3157000073747946,2.3221994765015688,2.3443660182499992,0.5628756482001838,ETP-higher,ETP-lower,ETP-higher,TRUE,,716808
2N-A2-0,3,2N-A2-0__bin03,4,0.1,0.15000000000000002,0.125,30mg/kg,30,2N,95,0.4671333134174347,317,2.3157000073747946,2.3221994765015688,2.3443660182499992,0.5628756482001838,ETP-higher,ETP-lower,ETP-higher,FALSE,cell_count<5,544229
2N-A2-0,4,2N-A2-0__bin04,3,0.15000000000000002,0.2,0.17500000000000002,30mg/kg,30,2N,95,0.4671333134174347,317,2.3157000073747946,2.3221994765015688,2.3443660182499992,0.5628756482001838,ETP-higher,ETP-lower,ETP-higher,FALSE,cell_count<5,192955
2N-A2-0,5,2N-A2-0__bin05,2,0.2,0.25,0.225,30mg/kg,30,2N,95,0.4671333134174347,317,2.3157000073747946,2.3221994765015688,2.3443660182499992,0.5628756482001838,ETP-higher,ETP-lower,ETP-higher,FALSE,cell_count<5,203611
2N-A2-0,6,2N-A2-0__bin06,6,0.25,0.30000000000000004,0.275,30mg/kg,30,2N,95,0.4671333134174347,317,2.3157000073747946,2.3221994765015688,2.3443660182499992,0.5628756482001838,ETP-higher,ETP-lower,ETP-higher,TRUE,,437863
2N-A2-0,7,2N-A2-0__bin07,2,0.30000000000000004,0.35000000000000003,0.32500000000000007,30mg/kg,30,2N,95,0.4671333134174347,317,2.3157000073747946,2.3221994765015688,2.3443660182499992,0.5628756482001838,ETP-higher,ETP-lower,ETP-higher,FALSE,cell_count<5,37109
2N-A2-0,8,2N-A2-0__bin08,6,0.35000000000000003,0.4,0.375,30mg/kg,30,2N,95,0.4671333134174347,317,2.3157000073747946,2.3221994765015688,2.3443660182499992,0.5628756482001838,ETP-higher,ETP-lower,ETP-higher,TRUE,,279587
2N-A2-0,9,2N-A2-0__bin09,4,0.4,0.45,0.42500000000000004,30mg/kg,30,2N,95,0.4671333134174347,317,2.3157000073747946,2.3221994765015688,2.3443660182499992,0.5628756482001838,ETP-higher,ETP-lower,ETP-higher,FALSE,cell_count<5,346393
2N-A2-0,10,2N-A2-0__bin10,7,0.45,0.5,0.475,30mg/kg,30,2N,95,0.4671333134174347,317,2.3157000073747946,2.3221994765015688,2.3443660182499992,0.5628756482001838,ETP-higher,ETP-lower,ETP-higher,TRUE,,654994
2N-A2-0,11,2N-A2-0__bin11,9,0.5,0.55,0.525,30mg/kg,30,2N,95,0.4671333134174347,317,2.3157000073747946,2.3221994765015688,2.3443660182499992,0.5628756482001838,ETP-higher,ETP-lower,ETP-higher,TRUE,,666572
2N-A2-0,12,2N-A2-0__bin12,8,0.55,0.6000000000000001,0.5750000000000001,30mg/kg,30,2N,95,0.4671333134174347,317,2.3157000073747946,2.3221994765015688,2.3443660182499992,0.5628756482001838,ETP-higher,ETP-lower,ETP-higher,TRUE,,293140
2N-A2-0,13,2N-A2-0__bin13,6,0.6000000000000001,0.65,0.625,30mg/kg,30,2N,95,0.4671333134174347,317,2.3157000073747946,2.3221994765015688,2.3443660182499992,0.5628756482001838,ETP-higher,ETP-lower,ETP-higher,TRUE,,474661
2N-A2-0,14,2N-A2-0__bin14,2,0.65,0.7000000000000001,0.675,30mg/kg,30,2N,95,0.4671333134174347,317,2.3157000073747946,2.3221994765015688,2.3443660182499992,0.5628756482001838,ETP-higher,ETP-lower,ETP-higher,FALSE,cell_count<5,201219
2N-A2-0,15,2N-A2-0__bin15,7,0.7000000000000001,0.75,0.7250000000000001,30mg/kg,30,2N,95,0.4671333134174347,317,2.3157000073747946,2.3221994765015688,2.3443660182499992,0.5628756482001838,ETP-higher,ETP-lower,ETP-higher,TRUE,,696909
2N-A2-0,16,2N-A2-0__bin16,2,0.75,0.8,0.775,30mg/kg,30,2N,95,0.4671333134174347,317,2.3157000073747946,2.3221994765015688,2.3443660182499992,0.5628756482001838,ETP-higher,ETP-lower,ETP-higher,FALSE,cell_count<5,256774
2N-A2-0,17,2N-A2-0__bin17,7,0.8,0.8500000000000001,0.8250000000000001,30mg/kg,30,2N,95,0.4671333134174347,317,2.3157000073747946,2.3221994765015688,2.3443660182499992,0.5628756482001838,ETP-higher,ETP-lower,ETP-higher,TRUE,,760797
2N-A2-0,18,2N-A2-0__bin18,6,0.8500000000000001,0.9,0.875,30mg/kg,30,2N,95,0.4671333134174347,317,2.3157000073747946,2.3221994765015688,2.3443660182499992,0.5628756482001838,ETP-higher,ETP-lower,ETP-higher,TRUE,,653577
2N-A2-0,19,2N-A2-0__bin19,1,0.9,0.9500000000000001,0.925,30mg/kg,30,2N,95,0.4671333134174347,317,2.3157000073747946,2.3221994765015688,2.3443660182499992,0.5628756482001838,ETP-higher,ETP-lower,ETP-higher,FALSE,cell_count<5,109400
2N-A2-0,20,2N-A2-0__bin20,0,0.9500000000000001,1,0.9750000000000001,30mg/kg,30,2N,95,0.4671333134174347,317,2.3157000073747946,2.3221994765015688,2.3443660182499992,0.5628756482001838,ETP-higher,ETP-lower,ETP-higher,FALSE,cell_count<5,0
2N-A2-L,1,2N-A2-L__bin01,1,0,0.05,0.025,30mg/kg,30,2N,211,0.47728045480722975,505,2.258274094023076,2.262022314926502,2.294773285992516,0.19832411905615724,ETP-higher,ETP-lower,ETP-higher,FALSE,cell_count<5,3997
2N-A2-L,2,2N-A2-L__bin02,20,0.05,0.1,0.07500000000000001,30mg/kg,30,2N,211,0.47728045480722975,505,2.258274094023076,2.262022314926502,2.294773285992516,0.19832411905615724,ETP-higher,ETP-lower,ETP-higher,TRUE,,1069383
2N-A2-L,3,2N-A2-L__bin03,16,0.1,0.15000000000000002,0.125,30mg/kg,30,2N,211,0.47728045480722975,505,2.258274094023076,2.262022314926502,2.294773285992516,0.19832411905615724,ETP-higher,ETP-lower,ETP-higher,TRUE,,376599
2N-A2-L,4,2N-A2-L__bin04,6,0.15000000000000002,0.2,0.17500000000000002,30mg/kg,30,2N,211,0.47728045480722975,505,2.258274094023076,2.262022314926502,2.294773285992516,0.19832411905615724,ETP-higher,ETP-lower,ETP-higher,TRUE,,78574
2N-A2-L,5,2N-A2-L__bin05,10,0.2,0.25,0.225,30mg/kg,30,2N,211,0.47728045480722975,505,2.258274094023076,2.262022314926502,2.294773285992516,0.19832411905615724,ETP-higher,ETP-lower,ETP-higher,TRUE,,557989
2N-A2-L,6,2N-A2-L__bin06,15,0.25,0.30000000000000004,0.275,30mg/kg,30,2N,211,0.47728045480722975,505,2.258274094023076,2.262022314926502,2.294773285992516,0.19832411905615724,ETP-higher,ETP-lower,ETP-higher,TRUE,,489884
2N-A2-L,7,2N-A2-L__bin07,6,0.30000000000000004,0.35000000000000003,0.32500000000000007,30mg/kg,30,2N,211,0.47728045480722975,505,2.258274094023076,2.262022314926502,2.294773285992516,0.19832411905615724,ETP-higher,ETP-lower,ETP-higher,TRUE,,104209
2N-A2-L,8,2N-A2-L__bin08,5,0.35000000000000003,0.4,0.375,30mg/kg,30,2N,211,0.47728045480722975,505,2.258274094023076,2.262022314926502,2.294773285992516,0.19832411905615724,ETP-higher,ETP-lower,ETP-higher,TRUE,,209658
2N-A2-L,9,2N-A2-L__bin09,13,0.4,0.45,0.42500000000000004,30mg/kg,30,2N,211,0.47728045480722975,505,2.258274094023076,2.262022314926502,2.294773285992516,0.19832411905615724,ETP-higher,ETP-lower,ETP-higher,TRUE,,142317
2N-A2-L,10,2N-A2-L__bin10,11,0.45,0.5,0.475,30mg/kg,30,2N,211,0.47728045480722975,505,2.258274094023076,2.262022314926502,2.294773285992516,0.19832411905615724,ETP-higher,ETP-lower,ETP-higher,TRUE,,238905
2N-A2-L,11,2N-A2-L__bin11,21,0.5,0.55,0.525,30mg/kg,30,2N,211,0.47728045480722975,505,2.258274094023076,2.262022314926502,2.294773285992516,0.19832411905615724,ETP-higher,ETP-lower,ETP-higher,TRUE,,527242
2N-A2-L,12,2N-A2-L__bin12,13,0.55,0.6000000000000001,0.5750000000000001,30mg/kg,30,2N,211,0.47728045480722975,505,2.258274094023076,2.262022314926502,2.294773285992516,0.19832411905615724,ETP-higher,ETP-lower,ETP-higher,TRUE,,514981
2N-A2-L,13,2N-A2-L__bin13,5,0.6000000000000001,0.65,0.625,30mg/kg,30,2N,211,0.47728045480722975,505,2.258274094023076,2.262022314926502,2.294773285992516,0.19832411905615724,ETP-higher,ETP-lower,ETP-higher,TRUE,,148492
2N-A2-L,14,2N-A2-L__bin14,16,0.65,0.7000000000000001,0.675,30mg/kg,30,2N,211,0.47728045480722975,505,2.258274094023076,2.262022314926502,2.294773285992516,0.19832411905615724,ETP-higher,ETP-lower,ETP-higher,TRUE,,770299
2N-A2-L,15,2N-A2-L__bin15,8,0.7000000000000001,0.75,0.7250000000000001,30mg/kg,30,2N,211,0.47728045480722975,505,2.258274094023076,2.262022314926502,2.294773285992516,0.19832411905615724,ETP-higher,ETP-lower,ETP-higher,TRUE,,550898
2N-A2-L,16,2N-A2-L__bin16,14,0.75,0.8,0.775,30mg/kg,30,2N,211,0.47728045480722975,505,2.258274094023076,2.262022314926502,2.294773285992516,0.19832411905615724,ETP-higher,ETP-lower,ETP-higher,TRUE,,436412
2N-A2-L,17,2N-A2-L__bin17,16,0.8,0.8500000000000001,0.8250000000000001,30mg/kg,30,2N,211,0.47728045480722975,505,2.258274094023076,2.262022314926502,2.294773285992516,0.19832411905615724,ETP-higher,ETP-lower,ETP-higher,TRUE,,354815
2N-A2-L,18,2N-A2-L__bin18,11,0.8500000000000001,0.9,0.875,30mg/kg,30,2N,211,0.47728045480722975,505,2.258274094023076,2.262022314926502,2.294773285992516,0.19832411905615724,ETP-higher,ETP-lower,ETP-higher,TRUE,,345623
2N-A2-L,19,2N-A2-L__bin19,4,0.9,0.9500000000000001,0.925,30mg/kg,30,2N,211,0.47728045480722975,505,2.258274094023076,2.262022314926502,2.294773285992516,0.19832411905615724,ETP-higher,ETP-lower,ETP-higher,FALSE,cell_count<5,61514
2N-A2-L,20,2N-A2-L__bin20,0,0.9500000000000001,1,0.9750000000000001,30mg/kg,30,2N,211,0.47728045480722975,505,2.258274094023076,2.262022314926502,2.294773285992516,0.19832411905615724,ETP-higher,ETP-lower,ETP-higher,FALSE,cell_count<5,0
2N-A4-R,1,2N-A4-R__bin01,2,0,0.05,0.025,120mg/kg,120,2N,140,0.4676179434838042,305,2.0112477516871454,2.0129957376273326,2.03812444368728,-1.3698499957526646,ETP-lower,ETP-lower,ETP-lower,FALSE,cell_count<5,3054
2N-A4-R,2,2N-A4-R__bin02,12,0.05,0.1,0.07500000000000001,120mg/kg,120,2N,140,0.4676179434838042,305,2.0112477516871454,2.0129957376273326,2.03812444368728,-1.3698499957526646,ETP-lower,ETP-lower,ETP-lower,TRUE,,73024
2N-A4-R,3,2N-A4-R__bin03,5,0.1,0.15000000000000002,0.125,120mg/kg,120,2N,140,0.4676179434838042,305,2.0112477516871454,2.0129957376273326,2.03812444368728,-1.3698499957526646,ETP-lower,ETP-lower,ETP-lower,TRUE,,64128
2N-A4-R,4,2N-A4-R__bin04,6,0.15000000000000002,0.2,0.17500000000000002,120mg/kg,120,2N,140,0.4676179434838042,305,2.0112477516871454,2.0129957376273326,2.03812444368728,-1.3698499957526646,ETP-lower,ETP-lower,ETP-lower,TRUE,,41650
2N-A4-R,5,2N-A4-R__bin05,11,0.2,0.25,0.225,120mg/kg,120,2N,140,0.4676179434838042,305,2.0112477516871454,2.0129957376273326,2.03812444368728,-1.3698499957526646,ETP-lower,ETP-lower,ETP-lower,TRUE,,56875
2N-A4-R,6,2N-A4-R__bin06,10,0.25,0.30000000000000004,0.275,120mg/kg,120,2N,140,0.4676179434838042,305,2.0112477516871454,2.0129957376273326,2.03812444368728,-1.3698499957526646,ETP-lower,ETP-lower,ETP-lower,TRUE,,137924
2N-A4-R,7,2N-A4-R__bin07,8,0.30000000000000004,0.35000000000000003,0.32500000000000007,120mg/kg,120,2N,140,0.4676179434838042,305,2.0112477516871454,2.0129957376273326,2.03812444368728,-1.3698499957526646,ETP-lower,ETP-lower,ETP-lower,TRUE,,13018
2N-A4-R,8,2N-A4-R__bin08,6,0.35000000000000003,0.4,0.375,120mg/kg,120,2N,140,0.4676179434838042,305,2.0112477516871454,2.0129957376273326,2.03812444368728,-1.3698499957526646,ETP-lower,ETP-lower,ETP-lower,TRUE,,47072
2N-A4-R,9,2N-A4-R__bin09,11,0.4,0.45,0.42500000000000004,120mg/kg,120,2N,140,0.4676179434838042,305,2.0112477516871454,2.0129957376273326,2.03812444368728,-1.3698499957526646,ETP-lower,ETP-lower,ETP-lower,TRUE,,73855
2N-A4-R,10,2N-A4-R__bin10,7,0.45,0.5,0.475,120mg/kg,120,2N,140,0.4676179434838042,305,2.0112477516871454,2.0129957376273326,2.03812444368728,-1.3698499957526646,ETP-lower,ETP-lower,ETP-lower,TRUE,,23572
2N-A4-R,11,2N-A4-R__bin11,11,0.5,0.55,0.525,120mg/kg,120,2N,140,0.4676179434838042,305,2.0112477516871454,2.0129957376273326,2.03812444368728,-1.3698499957526646,ETP-lower,ETP-lower,ETP-lower,TRUE,,34830
2N-A4-R,12,2N-A4-R__bin12,5,0.55,0.6000000000000001,0.5750000000000001,120mg/kg,120,2N,140,0.4676179434838042,305,2.0112477516871454,2.0129957376273326,2.03812444368728,-1.3698499957526646,ETP-lower,ETP-lower,ETP-lower,TRUE,,14407
2N-A4-R,13,2N-A4-R__bin13,4,0.6000000000000001,0.65,0.625,120mg/kg,120,2N,140,0.4676179434838042,305,2.0112477516871454,2.0129957376273326,2.03812444368728,-1.3698499957526646,ETP-lower,ETP-lower,ETP-lower,FALSE,cell_count<5,41331
2N-A4-R,14,2N-A4-R__bin14,7,0.65,0.7000000000000001,0.675,120mg/kg,120,2N,140,0.4676179434838042,305,2.0112477516871454,2.0129957376273326,2.03812444368728,-1.3698499957526646,ETP-lower,ETP-lower,ETP-lower,TRUE,,36591
2N-A4-R,15,2N-A4-R__bin15,5,0.7000000000000001,0.75,0.7250000000000001,120mg/kg,120,2N,140,0.4676179434838042,305,2.0112477516871454,2.0129957376273326,2.03812444368728,-1.3698499957526646,ETP-lower,ETP-lower,ETP-lower,TRUE,,24812
2N-A4-R,16,2N-A4-R__bin16,7,0.75,0.8,0.775,120mg/kg,120,2N,140,0.4676179434838042,305,2.0112477516871454,2.0129957376273326,2.03812444368728,-1.3698499957526646,ETP-lower,ETP-lower,ETP-lower,TRUE,,34729
2N-A4-R,17,2N-A4-R__bin17,8,0.8,0.8500000000000001,0.8250000000000001,120mg/kg,120,2N,140,0.4676179434838042,305,2.0112477516871454,2.0129957376273326,2.03812444368728,-1.3698499957526646,ETP-lower,ETP-lower,ETP-lower,TRUE,,30472
2N-A4-R,18,2N-A4-R__bin18,11,0.8500000000000001,0.9,0.875,120mg/kg,120,2N,140,0.4676179434838042,305,2.0112477516871454,2.0129957376273326,2.03812444368728,-1.3698499957526646,ETP-lower,ETP-lower,ETP-lower,TRUE,,58010
2N-A4-R,19,2N-A4-R__bin19,4,0.9,0.9500000000000001,0.925,120mg/kg,120,2N,140,0.4676179434838042,305,2.0112477516871454,2.0129957376273326,2.03812444368728,-1.3698499957526646,ETP-lower,ETP-lower,ETP-lower,FALSE,cell_count<5,47479
2N-A4-R,20,2N-A4-R__bin20,0,0.9500000000000001,1,0.9750000000000001,120mg/kg,120,2N,140,0.4676179434838042,305,2.0112477516871454,2.0129957376273326,2.03812444368728,-1.3698499957526646,ETP-lower,ETP-lower,ETP-lower,FALSE,cell_count<5,0
2N-A4-RL,1,2N-A4-RL__bin01,17,0,0.05,0.025,120mg/kg,120,2N,310,0.4986245976881167,1280,2.176611506671302,2.183447841927881,2.2161988129938943,-0.32008681000668804,ETP-lower,ETP-lower,ETP-lower,TRUE,,1188208
2N-A4-RL,2,2N-A4-RL__bin02,22,0.05,0.1,0.07500000000000001,120mg/kg,120,2N,310,0.4986245976881167,1280,2.176611506671302,2.183447841927881,2.2161988129938943,-0.32008681000668804,ETP-lower,ETP-lower,ETP-lower,TRUE,,1293185
2N-A4-RL,3,2N-A4-RL__bin03,9,0.1,0.15000000000000002,0.125,120mg/kg,120,2N,310,0.4986245976881167,1280,2.176611506671302,2.183447841927881,2.2161988129938943,-0.32008681000668804,ETP-lower,ETP-lower,ETP-lower,TRUE,,480142
2N-A4-RL,4,2N-A4-RL__bin04,8,0.15000000000000002,0.2,0.17500000000000002,120mg/kg,120,2N,310,0.4986245976881167,1280,2.176611506671302,2.183447841927881,2.2161988129938943,-0.32008681000668804,ETP-lower,ETP-lower,ETP-lower,TRUE,,536304
2N-A4-RL,5,2N-A4-RL__bin05,19,0.2,0.25,0.225,120mg/kg,120,2N,310,0.4986245976881167,1280,2.176611506671302,2.183447841927881,2.2161988129938943,-0.32008681000668804,ETP-lower,ETP-lower,ETP-lower,TRUE,,907755
2N-A4-RL,6,2N-A4-RL__bin06,12,0.25,0.30000000000000004,0.275,120mg/kg,120,2N,310,0.4986245976881167,1280,2.176611506671302,2.183447841927881,2.2161988129938943,-0.32008681000668804,ETP-lower,ETP-lower,ETP-lower,TRUE,,492731
2N-A4-RL,7,2N-A4-RL__bin07,7,0.30000000000000004,0.35000000000000003,0.32500000000000007,120mg/kg,120,2N,310,0.4986245976881167,1280,2.176611506671302,2.183447841927881,2.2161988129938943,-0.32008681000668804,ETP-lower,ETP-lower,ETP-lower,TRUE,,346822
2N-A4-RL,8,2N-A4-RL__bin08,14,0.35000000000000003,0.4,0.375,120mg/kg,120,2N,310,0.4986245976881167,1280,2.176611506671302,2.183447841927881,2.2161988129938943,-0.32008681000668804,ETP-lower,ETP-lower,ETP-lower,TRUE,,622228
2N-A4-RL,9,2N-A4-RL__bin09,14,0.4,0.45,0.42500000000000004,120mg/kg,120,2N,310,0.4986245976881167,1280,2.176611506671302,2.183447841927881,2.2161988129938943,-0.32008681000668804,ETP-lower,ETP-lower,ETP-lower,TRUE,,614478
2N-A4-RL,10,2N-A4-RL__bin10,21,0.45,0.5,0.475,120mg/kg,120,2N,310,0.4986245976881167,1280,2.176611506671302,2.183447841927881,2.2161988129938943,-0.32008681000668804,ETP-lower,ETP-lower,ETP-lower,TRUE,,1000766
2N-A4-RL,11,2N-A4-RL__bin11,19,0.5,0.55,0.525,120mg/kg,120,2N,310,0.4986245976881167,1280,2.176611506671302,2.183447841927881,2.2161988129938943,-0.32008681000668804,ETP-lower,ETP-lower,ETP-lower,TRUE,,1080424
2N-A4-RL,12,2N-A4-RL__bin12,20,0.55,0.6000000000000001,0.5750000000000001,120mg/kg,120,2N,310,0.4986245976881167,1280,2.176611506671302,2.183447841927881,2.2161988129938943,-0.32008681000668804,ETP-lower,ETP-lower,ETP-lower,TRUE,,1090919
2N-A4-RL,13,2N-A4-RL__bin13,17,0.6000000000000001,0.65,0.625,120mg/kg,120,2N,310,0.4986245976881167,1280,2.176611506671302,2.183447841927881,2.2161988129938943,-0.32008681000668804,ETP-lower,ETP-lower,ETP-lower,TRUE,,1058706
2N-A4-RL,14,2N-A4-RL__bin14,20,0.65,0.7000000000000001,0.675,120mg/kg,120,2N,310,0.4986245976881167,1280,2.176611506671302,2.183447841927881,2.2161988129938943,-0.32008681000668804,ETP-lower,ETP-lower,ETP-lower,TRUE,,1310881
2N-A4-RL,15,2N-A4-RL__bin15,26,0.7000000000000001,0.75,0.7250000000000001,120mg/kg,120,2N,310,0.4986245976881167,1280,2.176611506671302,2.183447841927881,2.2161988129938943,-0.32008681000668804,ETP-lower,ETP-lower,ETP-lower,TRUE,,1773353
2N-A4-RL,16,2N-A4-RL__bin16,17,0.75,0.8,0.775,120mg/kg,120,2N,310,0.4986245976881167,1280,2.176611506671302,2.183447841927881,2.2161988129938943,-0.32008681000668804,ETP-lower,ETP-lower,ETP-lower,TRUE,,1254552
2N-A4-RL,17,2N-A4-RL__bin17,23,0.8,0.8500000000000001,0.8250000000000001,120mg/kg,120,2N,310,0.4986245976881167,1280,2.176611506671302,2.183447841927881,2.2161988129938943,-0.32008681000668804,ETP-lower,ETP-lower,ETP-lower,TRUE,,1784575
2N-A4-RL,18,2N-A4-RL__bin18,20,0.8500000000000001,0.9,0.875,120mg/kg,120,2N,310,0.4986245976881167,1280,2.176611506671302,2.183447841927881,2.2161988129938943,-0.32008681000668804,ETP-lower,ETP-lower,ETP-lower,TRUE,,1510043
2N-A4-RL,19,2N-A4-RL__bin19,4,0.9,0.9500000000000001,0.925,120mg/kg,120,2N,310,0.4986245976881167,1280,2.176611506671302,2.183447841927881,2.2161988129938943,-0.32008681000668804,ETP-lower,ETP-lower,ETP-lower,FALSE,cell_count<5,238607
2N-A4-RL,20,2N-A4-RL__bin20,1,0.9500000000000001,1,0.9750000000000001,120mg/kg,120,2N,310,0.4986245976881167,1280,2.176611506671302,2.183447841927881,2.2161988129938943,-0.32008681000668804,ETP-lower,ETP-lower,ETP-lower,FALSE,cell_count<5,39369
4N-A5-0,1,4N-A5-0__bin01,7,0,0.05,0.025,0mg/kg,0,4N,114,0.4629694259349712,888,2.585518134370484,2.594045953689498,2.66569632076908,2.275736707711954,ETP-higher,ETP-higher,ETP-higher,TRUE,,870395
4N-A5-0,2,4N-A5-0__bin02,9,0.05,0.1,0.07500000000000001,0mg/kg,0,4N,114,0.4629694259349712,888,2.585518134370484,2.594045953689498,2.66569632076908,2.275736707711954,ETP-higher,ETP-higher,ETP-higher,TRUE,,1087566
4N-A5-0,3,4N-A5-0__bin03,6,0.1,0.15000000000000002,0.125,0mg/kg,0,4N,114,0.4629694259349712,888,2.585518134370484,2.594045953689498,2.66569632076908,2.275736707711954,ETP-higher,ETP-higher,ETP-higher,TRUE,,790511
4N-A5-0,4,4N-A5-0__bin04,7,0.15000000000000002,0.2,0.17500000000000002,0mg/kg,0,4N,114,0.4629694259349712,888,2.585518134370484,2.594045953689498,2.66569632076908,2.275736707711954,ETP-higher,ETP-higher,ETP-higher,TRUE,,681327
4N-A5-0,5,4N-A5-0__bin05,9,0.2,0.25,0.225,0mg/kg,0,4N,114,0.4629694259349712,888,2.585518134370484,2.594045953689498,2.66569632076908,2.275736707711954,ETP-higher,ETP-higher,ETP-higher,TRUE,,1113674
4N-A5-0,6,4N-A5-0__bin06,4,0.25,0.30000000000000004,0.275,0mg/kg,0,4N,114,0.4629694259349712,888,2.585518134370484,2.594045953689498,2.66569632076908,2.275736707711954,ETP-higher,ETP-higher,ETP-higher,FALSE,cell_count<5,435322
4N-A5-0,7,4N-A5-0__bin07,4,0.30000000000000004,0.35000000000000003,0.32500000000000007,0mg/kg,0,4N,114,0.4629694259349712,888,2.585518134370484,2.594045953689498,2.66569632076908,2.275736707711954,ETP-higher,ETP-higher,ETP-higher,FALSE,cell_count<5,567364
4N-A5-0,8,4N-A5-0__bin08,3,0.35000000000000003,0.4,0.375,0mg/kg,0,4N,114,0.4629694259349712,888,2.585518134370484,2.594045953689498,2.66569632076908,2.275736707711954,ETP-higher,ETP-higher,ETP-higher,FALSE,cell_count<5,354063
4N-A5-0,9,4N-A5-0__bin09,5,0.4,0.45,0.42500000000000004,0mg/kg,0,4N,114,0.4629694259349712,888,2.585518134370484,2.594045953689498,2.66569632076908,2.275736707711954,ETP-higher,ETP-higher,ETP-higher,TRUE,,375850
4N-A5-0,10,4N-A5-0__bin10,2,0.45,0.5,0.475,0mg/kg,0,4N,114,0.4629694259349712,888,2.585518134370484,2.594045953689498,2.66569632076908,2.275736707711954,ETP-higher,ETP-higher,ETP-higher,FALSE,cell_count<5,229344
4N-A5-0,11,4N-A5-0__bin11,5,0.5,0.55,0.525,0mg/kg,0,4N,114,0.4629694259349712,888,2.585518134370484,2.594045953689498,2.66569632076908,2.275736707711954,ETP-higher,ETP-higher,ETP-higher,TRUE,,662247
4N-A5-0,12,4N-A5-0__bin12,4,0.55,0.6000000000000001,0.5750000000000001,0mg/kg,0,4N,114,0.4629694259349712,888,2.585518134370484,2.594045953689498,2.66569632076908,2.275736707711954,ETP-higher,ETP-higher,ETP-higher,FALSE,cell_count<5,516207
4N-A5-0,13,4N-A5-0__bin13,9,0.6000000000000001,0.65,0.625,0mg/kg,0,4N,114,0.4629694259349712,888,2.585518134370484,2.594045953689498,2.66569632076908,2.275736707711954,ETP-higher,ETP-higher,ETP-higher,TRUE,,983202
4N-A5-0,14,4N-A5-0__bin14,4,0.65,0.7000000000000001,0.675,0mg/kg,0,4N,114,0.4629694259349712,888,2.585518134370484,2.594045953689498,2.66569632076908,2.275736707711954,ETP-higher,ETP-higher,ETP-higher,FALSE,cell_count<5,443723
4N-A5-0,15,4N-A5-0__bin15,10,0.7000000000000001,0.75,0.7250000000000001,0mg/kg,0,4N,114,0.4629694259349712,888,2.585518134370484,2.594045953689498,2.66569632076908,2.275736707711954,ETP-higher,ETP-higher,ETP-higher,TRUE,,1510510
4N-A5-0,16,4N-A5-0__bin16,11,0.75,0.8,0.775,0mg/kg,0,4N,114,0.4629694259349712,888,2.585518134370484,2.594045953689498,2.66569632076908,2.275736707711954,ETP-higher,ETP-higher,ETP-higher,TRUE,,1507890
4N-A5-0,17,4N-A5-0__bin17,11,0.8,0.8500000000000001,0.8250000000000001,0mg/kg,0,4N,114,0.4629694259349712,888,2.585518134370484,2.594045953689498,2.66569632076908,2.275736707711954,ETP-higher,ETP-higher,ETP-higher,TRUE,,1510860
4N-A5-0,18,4N-A5-0__bin18,3,0.8500000000000001,0.9,0.875,0mg/kg,0,4N,114,0.4629694259349712,888,2.585518134370484,2.594045953689498,2.66569632076908,2.275736707711954,ETP-higher,ETP-higher,ETP-higher,FALSE,cell_count<5,353035
4N-A5-0,19,4N-A5-0__bin19,1,0.9,0.9500000000000001,0.925,0mg/kg,0,4N,114,0.4629694259349712,888,2.585518134370484,2.594045953689498,2.66569632076908,2.275736707711954,ETP-higher,ETP-higher,ETP-higher,FALSE,cell_count<5,68573
4N-A5-0,20,4N-A5-0__bin20,0,0.9500000000000001,1,0.9750000000000001,0mg/kg,0,4N,114,0.4629694259349712,888,2.585518134370484,2.594045953689498,2.66569632076908,2.275736707711954,ETP-higher,ETP-higher,ETP-higher,FALSE,cell_count<5,0
4N-A5-RR,1,4N-A5-RR__bin01,9,0,0.05,0.025,0mg/kg,0,4N,137,0.5157212725956078,393,2.2136453794185855,2.219767465142718,2.3221240296636,-0.08498815589458172,ETP-lower,ETP-lower,ETP-lower,TRUE,,987916
4N-A5-RR,2,4N-A5-RR__bin02,8,0.05,0.1,0.07500000000000001,0mg/kg,0,4N,137,0.5157212725956078,393,2.2136453794185855,2.219767465142718,2.3221240296636,-0.08498815589458172,ETP-lower,ETP-lower,ETP-lower,TRUE,,937557
4N-A5-RR,3,4N-A5-RR__bin03,6,0.1,0.15000000000000002,0.125,0mg/kg,0,4N,137,0.5157212725956078,393,2.2136453794185855,2.219767465142718,2.3221240296636,-0.08498815589458172,ETP-lower,ETP-lower,ETP-lower,TRUE,,877485
4N-A5-RR,4,4N-A5-RR__bin04,10,0.15000000000000002,0.2,0.17500000000000002,0mg/kg,0,4N,137,0.5157212725956078,393,2.2136453794185855,2.219767465142718,2.3221240296636,-0.08498815589458172,ETP-lower,ETP-lower,ETP-lower,TRUE,,1259217
4N-A5-RR,5,4N-A5-RR__bin05,7,0.2,0.25,0.225,0mg/kg,0,4N,137,0.5157212725956078,393,2.2136453794185855,2.219767465142718,2.3221240296636,-0.08498815589458172,ETP-lower,ETP-lower,ETP-lower,TRUE,,581087
4N-A5-RR,6,4N-A5-RR__bin06,4,0.25,0.30000000000000004,0.275,0mg/kg,0,4N,137,0.5157212725956078,393,2.2136453794185855,2.219767465142718,2.3221240296636,-0.08498815589458172,ETP-lower,ETP-lower,ETP-lower,FALSE,cell_count<5,291568
4N-A5-RR,7,4N-A5-RR__bin07,4,0.30000000000000004,0.35000000000000003,0.32500000000000007,0mg/kg,0,4N,137,0.5157212725956078,393,2.2136453794185855,2.219767465142718,2.3221240296636,-0.08498815589458172,ETP-lower,ETP-lower,ETP-lower,FALSE,cell_count<5,590964
4N-A5-RR,8,4N-A5-RR__bin08,2,0.35000000000000003,0.4,0.375,0mg/kg,0,4N,137,0.5157212725956078,393,2.2136453794185855,2.219767465142718,2.3221240296636,-0.08498815589458172,ETP-lower,ETP-lower,ETP-lower,FALSE,cell_count<5,135821
4N-A5-RR,9,4N-A5-RR__bin09,2,0.4,0.45,0.42500000000000004,0mg/kg,0,4N,137,0.5157212725956078,393,2.2136453794185855,2.219767465142718,2.3221240296636,-0.08498815589458172,ETP-lower,ETP-lower,ETP-lower,FALSE,cell_count<5,228522
4N-A5-RR,10,4N-A5-RR__bin10,2,0.45,0.5,0.475,0mg/kg,0,4N,137,0.5157212725956078,393,2.2136453794185855,2.219767465142718,2.3221240296636,-0.08498815589458172,ETP-lower,ETP-lower,ETP-lower,FALSE,cell_count<5,449438
4N-A5-RR,11,4N-A5-RR__bin11,4,0.5,0.55,0.525,0mg/kg,0,4N,137,0.5157212725956078,393,2.2136453794185855,2.219767465142718,2.3221240296636,-0.08498815589458172,ETP-lower,ETP-lower,ETP-lower,FALSE,cell_count<5,419587
4N-A5-RR,12,4N-A5-RR__bin12,7,0.55,0.6000000000000001,0.5750000000000001,0mg/kg,0,4N,137,0.5157212725956078,393,2.2136453794185855,2.219767465142718,2.3221240296636,-0.08498815589458172,ETP-lower,ETP-lower,ETP-lower,TRUE,,1110315
4N-A5-RR,13,4N-A5-RR__bin13,10,0.6000000000000001,0.65,0.625,0mg/kg,0,4N,137,0.5157212725956078,393,2.2136453794185855,2.219767465142718,2.3221240296636,-0.08498815589458172,ETP-lower,ETP-lower,ETP-lower,TRUE,,1823143
4N-A5-RR,14,4N-A5-RR__bin14,14,0.65,0.7000000000000001,0.675,0mg/kg,0,4N,137,0.5157212725956078,393,2.2136453794185855,2.219767465142718,2.3221240296636,-0.08498815589458172,ETP-lower,ETP-lower,ETP-lower,TRUE,,2057128
4N-A5-RR,15,4N-A5-RR__bin15,12,0.7000000000000001,0.75,0.7250000000000001,0mg/kg,0,4N,137,0.5157212725956078,393,2.2136453794185855,2.219767465142718,2.3221240296636,-0.08498815589458172,ETP-lower,ETP-lower,ETP-lower,TRUE,,1921963
4N-A5-RR,16,4N-A5-RR__bin16,8,0.75,0.8,0.775,0mg/kg,0,4N,137,0.5157212725956078,393,2.2136453794185855,2.219767465142718,2.3221240296636,-0.08498815589458172,ETP-lower,ETP-lower,ETP-lower,TRUE,,1608999
4N-A5-RR,17,4N-A5-RR__bin17,11,0.8,0.8500000000000001,0.8250000000000001,0mg/kg,0,4N,137,0.5157212725956078,393,2.2136453794185855,2.219767465142718,2.3221240296636,-0.08498815589458172,ETP-lower,ETP-lower,ETP-lower,TRUE,,2077330
4N-A5-RR,18,4N-A5-RR__bin18,16,0.8500000000000001,0.9,0.875,0mg/kg,0,4N,137,0.5157212725956078,393,2.2136453794185855,2.219767465142718,2.3221240296636,-0.08498815589458172,ETP-lower,ETP-lower,ETP-lower,TRUE,,2582973
4N-A5-RR,19,4N-A5-RR__bin19,1,0.9,0.9500000000000001,0.925,0mg/kg,0,4N,137,0.5157212725956078,393,2.2136453794185855,2.219767465142718,2.3221240296636,-0.08498815589458172,ETP-lower,ETP-lower,ETP-lower,FALSE,cell_count<5,173993
4N-A5-RR,20,4N-A5-RR__bin20,0,0.9500000000000001,1,0.9750000000000001,0mg/kg,0,4N,137,0.5157212725956078,393,2.2136453794185855,2.219767465142718,2.3221240296636,-0.08498815589458172,ETP-lower,ETP-lower,ETP-lower,FALSE,cell_count<5,0
4N-A8-RL,1,4N-A8-RL__bin01,10,0,0.05,0.025,120mg/kg,120,4N,456,0.5002319026133863,1832,2.2682097667473706,2.284466283455682,2.4554504716455776,0.2613978165092909,ETP-higher,ETP-lower,ETP-higher,TRUE,,1439971
4N-A8-RL,2,4N-A8-RL__bin02,31,0.05,0.1,0.07500000000000001,120mg/kg,120,4N,456,0.5002319026133863,1832,2.2682097667473706,2.284466283455682,2.4554504716455776,0.2613978165092909,ETP-higher,ETP-lower,ETP-higher,TRUE,,4428487
4N-A8-RL,3,4N-A8-RL__bin03,24,0.1,0.15000000000000002,0.125,120mg/kg,120,4N,456,0.5002319026133863,1832,2.2682097667473706,2.284466283455682,2.4554504716455776,0.2613978165092909,ETP-higher,ETP-lower,ETP-higher,TRUE,,3110593
4N-A8-RL,4,4N-A8-RL__bin04,28,0.15000000000000002,0.2,0.17500000000000002,120mg/kg,120,4N,456,0.5002319026133863,1832,2.2682097667473706,2.284466283455682,2.4554504716455776,0.2613978165092909,ETP-higher,ETP-lower,ETP-higher,TRUE,,3002966
4N-A8-RL,5,4N-A8-RL__bin05,33,0.2,0.25,0.225,120mg/kg,120,4N,456,0.5002319026133863,1832,2.2682097667473706,2.284466283455682,2.4554504716455776,0.2613978165092909,ETP-higher,ETP-lower,ETP-higher,TRUE,,3510245
4N-A8-RL,6,4N-A8-RL__bin06,11,0.25,0.30000000000000004,0.275,120mg/kg,120,4N,456,0.5002319026133863,1832,2.2682097667473706,2.284466283455682,2.4554504716455776,0.2613978165092909,ETP-higher,ETP-lower,ETP-higher,TRUE,,972110
4N-A8-RL,7,4N-A8-RL__bin07,16,0.30000000000000004,0.35000000000000003,0.32500000000000007,120mg/kg,120,4N,456,0.5002319026133863,1832,2.2682097667473706,2.284466283455682,2.4554504716455776,0.2613978165092909,ETP-higher,ETP-lower,ETP-higher,TRUE,,1415447
4N-A8-RL,8,4N-A8-RL__bin08,20,0.35000000000000003,0.4,0.375,120mg/kg,120,4N,456,0.5002319026133863,1832,2.2682097667473706,2.284466283455682,2.4554504716455776,0.2613978165092909,ETP-higher,ETP-lower,ETP-higher,TRUE,,1447546
4N-A8-RL,9,4N-A8-RL__bin09,19,0.4,0.45,0.42500000000000004,120mg/kg,120,4N,456,0.5002319026133863,1832,2.2682097667473706,2.284466283455682,2.4554504716455776,0.2613978165092909,ETP-higher,ETP-lower,ETP-higher,TRUE,,920393
4N-A8-RL,10,4N-A8-RL__bin10,14,0.45,0.5,0.475,120mg/kg,120,4N,456,0.5002319026133863,1832,2.2682097667473706,2.284466283455682,2.4554504716455776,0.2613978165092909,ETP-higher,ETP-lower,ETP-higher,TRUE,,1143229
4N-A8-RL,11,4N-A8-RL__bin11,25,0.5,0.55,0.525,120mg/kg,120,4N,456,0.5002319026133863,1832,2.2682097667473706,2.284466283455682,2.4554504716455776,0.2613978165092909,ETP-higher,ETP-lower,ETP-higher,TRUE,,2386621
4N-A8-RL,12,4N-A8-RL__bin12,30,0.55,0.6000000000000001,0.5750000000000001,120mg/kg,120,4N,456,0.5002319026133863,1832,2.2682097667473706,2.284466283455682,2.4554504716455776,0.2613978165092909,ETP-higher,ETP-lower,ETP-higher,TRUE,,3272071
4N-A8-RL,13,4N-A8-RL__bin13,16,0.6000000000000001,0.65,0.625,120mg/kg,120,4N,456,0.5002319026133863,1832,2.2682097667473706,2.284466283455682,2.4554504716455776,0.2613978165092909,ETP-higher,ETP-lower,ETP-higher,TRUE,,2581826
4N-A8-RL,14,4N-A8-RL__bin14,31,0.65,0.7000000000000001,0.675,120mg/kg,120,4N,456,0.5002319026133863,1832,2.2682097667473706,2.284466283455682,2.4554504716455776,0.2613978165092909,ETP-higher,ETP-lower,ETP-higher,TRUE,,3485040
4N-A8-RL,15,4N-A8-RL__bin15,37,0.7000000000000001,0.75,0.7250000000000001,120mg/kg,120,4N,456,0.5002319026133863,1832,2.2682097667473706,2.284466283455682,2.4554504716455776,0.2613978165092909,ETP-higher,ETP-lower,ETP-higher,TRUE,,4958231
4N-A8-RL,16,4N-A8-RL__bin16,42,0.75,0.8,0.775,120mg/kg,120,4N,456,0.5002319026133863,1832,2.2682097667473706,2.284466283455682,2.4554504716455776,0.2613978165092909,ETP-higher,ETP-lower,ETP-higher,TRUE,,6328531
4N-A8-RL,17,4N-A8-RL__bin17,37,0.8,0.8500000000000001,0.8250000000000001,120mg/kg,120,4N,456,0.5002319026133863,1832,2.2682097667473706,2.284466283455682,2.4554504716455776,0.2613978165092909,ETP-higher,ETP-lower,ETP-higher,TRUE,,4612907
4N-A8-RL,18,4N-A8-RL__bin18,28,0.8500000000000001,0.9,0.875,120mg/kg,120,4N,456,0.5002319026133863,1832,2.2682097667473706,2.284466283455682,2.4554504716455776,0.2613978165092909,ETP-higher,ETP-lower,ETP-higher,TRUE,,3027301
4N-A8-RL,19,4N-A8-RL__bin19,3,0.9,0.9500000000000001,0.925,120mg/kg,120,4N,456,0.5002319026133863,1832,2.2682097667473706,2.284466283455682,2.4554504716455776,0.2613978165092909,ETP-higher,ETP-lower,ETP-higher,FALSE,cell_count<5,285215
4N-A8-RL,20,4N-A8-RL__bin20,1,0.9500000000000001,1,0.9750000000000001,120mg/kg,120,4N,456,0.5002319026133863,1832,2.2682097667473706,2.284466283455682,2.4554504716455776,0.2613978165092909,ETP-higher,ETP-lower,ETP-higher,FALSE,cell_count<5,123095
4N-A8-RR,1,4N-A8-RR__bin01,2,0,0.05,0.025,120mg/kg,120,4N,88,0.47501950564963585,247,2.2274665012056407,2.242539711738073,2.335364749723203,0.0027511727095145275,ETP-lower,ETP-lower,ETP-lower,FALSE,cell_count<5,391265
4N-A8-RR,2,4N-A8-RR__bin02,6,0.05,0.1,0.07500000000000001,120mg/kg,120,4N,88,0.47501950564963585,247,2.2274665012056407,2.242539711738073,2.335364749723203,0.0027511727095145275,ETP-lower,ETP-lower,ETP-lower,TRUE,,561956
4N-A8-RR,3,4N-A8-RR__bin03,4,0.1,0.15000000000000002,0.125,120mg/kg,120,4N,88,0.47501950564963585,247,2.2274665012056407,2.242539711738073,2.335364749723203,0.0027511727095145275,ETP-lower,ETP-lower,ETP-lower,FALSE,cell_count<5,164525
4N-A8-RR,4,4N-A8-RR__bin04,6,0.15000000000000002,0.2,0.17500000000000002,120mg/kg,120,4N,88,0.47501950564963585,247,2.2274665012056407,2.242539711738073,2.335364749723203,0.0027511727095145275,ETP-lower,ETP-lower,ETP-lower,TRUE,,142425
4N-A8-RR,5,4N-A8-RR__bin05,3,0.2,0.25,0.225,120mg/kg,120,4N,88,0.47501950564963585,247,2.2274665012056407,2.242539711738073,2.335364749723203,0.0027511727095145275,ETP-lower,ETP-lower,ETP-lower,FALSE,cell_count<5,145901
4N-A8-RR,6,4N-A8-RR__bin06,5,0.25,0.30000000000000004,0.275,120mg/kg,120,4N,88,0.47501950564963585,247,2.2274665012056407,2.242539711738073,2.335364749723203,0.0027511727095145275,ETP-lower,ETP-lower,ETP-lower,TRUE,,110702
4N-A8-RR,7,4N-A8-RR__bin07,3,0.30000000000000004,0.35000000000000003,0.32500000000000007,120mg/kg,120,4N,88,0.47501950564963585,247,2.2274665012056407,2.242539711738073,2.335364749723203,0.0027511727095145275,ETP-lower,ETP-lower,ETP-lower,FALSE,cell_count<5,2139
4N-A8-RR,8,4N-A8-RR__bin08,4,0.35000000000000003,0.4,0.375,120mg/kg,120,4N,88,0.47501950564963585,247,2.2274665012056407,2.242539711738073,2.335364749723203,0.0027511727095145275,ETP-lower,ETP-lower,ETP-lower,FALSE,cell_count<5,21700
4N-A8-RR,9,4N-A8-RR__bin09,5,0.4,0.45,0.42500000000000004,120mg/kg,120,4N,88,0.47501950564963585,247,2.2274665012056407,2.242539711738073,2.335364749723203,0.0027511727095145275,ETP-lower,ETP-lower,ETP-lower,TRUE,,157450
4N-A8-RR,10,4N-A8-RR__bin10,5,0.45,0.5,0.475,120mg/kg,120,4N,88,0.47501950564963585,247,2.2274665012056407,2.242539711738073,2.335364749723203,0.0027511727095145275,ETP-lower,ETP-lower,ETP-lower,TRUE,,167898
4N-A8-RR,11,4N-A8-RR__bin11,6,0.5,0.55,0.525,120mg/kg,120,4N,88,0.47501950564963585,247,2.2274665012056407,2.242539711738073,2.335364749723203,0.0027511727095145275,ETP-lower,ETP-lower,ETP-lower,TRUE,,359672
4N-A8-RR,12,4N-A8-RR__bin12,8,0.55,0.6000000000000001,0.5750000000000001,120mg/kg,120,4N,88,0.47501950564963585,247,2.2274665012056407,2.242539711738073,2.335364749723203,0.0027511727095145275,ETP-lower,ETP-lower,ETP-lower,TRUE,,654333
4N-A8-RR,13,4N-A8-RR__bin13,2,0.6000000000000001,0.65,0.625,120mg/kg,120,4N,88,0.47501950564963585,247,2.2274665012056407,2.242539711738073,2.335364749723203,0.0027511727095145275,ETP-lower,ETP-lower,ETP-lower,FALSE,cell_count<5,352673
4N-A8-RR,14,4N-A8-RR__bin14,7,0.65,0.7000000000000001,0.675,120mg/kg,120,4N,88,0.47501950564963585,247,2.2274665012056407,2.242539711738073,2.335364749723203,0.0027511727095145275,ETP-lower,ETP-lower,ETP-lower,TRUE,,524961
4N-A8-RR,15,4N-A8-RR__bin15,10,0.7000000000000001,0.75,0.7250000000000001,120mg/kg,120,4N,88,0.47501950564963585,247,2.2274665012056407,2.242539711738073,2.335364749723203,0.0027511727095145275,ETP-lower,ETP-lower,ETP-lower,TRUE,,906031
4N-A8-RR,16,4N-A8-RR__bin16,6,0.75,0.8,0.775,120mg/kg,120,4N,88,0.47501950564963585,247,2.2274665012056407,2.242539711738073,2.335364749723203,0.0027511727095145275,ETP-lower,ETP-lower,ETP-lower,TRUE,,447212
4N-A8-RR,17,4N-A8-RR__bin17,2,0.8,0.8500000000000001,0.8250000000000001,120mg/kg,120,4N,88,0.47501950564963585,247,2.2274665012056407,2.242539711738073,2.335364749723203,0.0027511727095145275,ETP-lower,ETP-lower,ETP-lower,FALSE,cell_count<5,90715
4N-A8-RR,18,4N-A8-RR__bin18,4,0.8500000000000001,0.9,0.875,120mg/kg,120,4N,88,0.47501950564963585,247,2.2274665012056407,2.242539711738073,2.335364749723203,0.0027511727095145275,ETP-lower,ETP-lower,ETP-lower,FALSE,cell_count<5,681385
4N-A8-RR,19,4N-A8-RR__bin19,0,0.9,0.9500000000000001,0.925,120mg/kg,120,4N,88,0.47501950564963585,247,2.2274665012056407,2.242539711738073,2.335364749723203,0.0027511727095145275,ETP-lower,ETP-lower,ETP-lower,FALSE,cell_count<5,0
4N-A8-RR,20,4N-A8-RR__bin20,0,0.9500000000000001,1,0.9750000000000001,120mg/kg,120,4N,88,0.47501950564963585,247,2.2274665012056407,2.242539711738073,2.335364749723203,0.0027511727095145275,ETP-lower,ETP-lower,ETP-lower,FALSE,cell_count<5,0
A5-4N-L,1,A5-4N-L__bin01,6,0,0.05,0.025,0mg/kg,0,4N,124,0.5322219556753317,385,2.3189726134931448,2.331517859142444,2.3898000044380385,0.5836508260789164,ETP-higher,ETP-lower,ETP-higher,TRUE,,829284
A5-4N-L,2,A5-4N-L__bin02,10,0.05,0.1,0.07500000000000001,0mg/kg,0,4N,124,0.5322219556753317,385,2.3189726134931448,2.331517859142444,2.3898000044380385,0.5836508260789164,ETP-higher,ETP-lower,ETP-higher,TRUE,,976922
A5-4N-L,3,A5-4N-L__bin03,2,0.1,0.15000000000000002,0.125,0mg/kg,0,4N,124,0.5322219556753317,385,2.3189726134931448,2.331517859142444,2.3898000044380385,0.5836508260789164,ETP-higher,ETP-lower,ETP-higher,FALSE,cell_count<5,448676
A5-4N-L,4,A5-4N-L__bin04,3,0.15000000000000002,0.2,0.17500000000000002,0mg/kg,0,4N,124,0.5322219556753317,385,2.3189726134931448,2.331517859142444,2.3898000044380385,0.5836508260789164,ETP-higher,ETP-lower,ETP-higher,FALSE,cell_count<5,809204
A5-4N-L,5,A5-4N-L__bin05,3,0.2,0.25,0.225,0mg/kg,0,4N,124,0.5322219556753317,385,2.3189726134931448,2.331517859142444,2.3898000044380385,0.5836508260789164,ETP-higher,ETP-lower,ETP-higher,FALSE,cell_count<5,142410
A5-4N-L,6,A5-4N-L__bin06,6,0.25,0.30000000000000004,0.275,0mg/kg,0,4N,124,0.5322219556753317,385,2.3189726134931448,2.331517859142444,2.3898000044380385,0.5836508260789164,ETP-higher,ETP-lower,ETP-higher,TRUE,,557963
A5-4N-L,7,A5-4N-L__bin07,3,0.30000000000000004,0.35000000000000003,0.32500000000000007,0mg/kg,0,4N,124,0.5322219556753317,385,2.3189726134931448,2.331517859142444,2.3898000044380385,0.5836508260789164,ETP-higher,ETP-lower,ETP-higher,FALSE,cell_count<5,4585
A5-4N-L,8,A5-4N-L__bin08,5,0.35000000000000003,0.4,0.375,0mg/kg,0,4N,124,0.5322219556753317,385,2.3189726134931448,2.331517859142444,2.3898000044380385,0.5836508260789164,ETP-higher,ETP-lower,ETP-higher,TRUE,,293443
A5-4N-L,9,A5-4N-L__bin09,5,0.4,0.45,0.42500000000000004,0mg/kg,0,4N,124,0.5322219556753317,385,2.3189726134931448,2.331517859142444,2.3898000044380385,0.5836508260789164,ETP-higher,ETP-lower,ETP-higher,TRUE,,157302
A5-4N-L,10,A5-4N-L__bin10,6,0.45,0.5,0.475,0mg/kg,0,4N,124,0.5322219556753317,385,2.3189726134931448,2.331517859142444,2.3898000044380385,0.5836508260789164,ETP-higher,ETP-lower,ETP-higher,TRUE,,229797
A5-4N-L,11,A5-4N-L__bin11,11,0.5,0.55,0.525,0mg/kg,0,4N,124,0.5322219556753317,385,2.3189726134931448,2.331517859142444,2.3898000044380385,0.5836508260789164,ETP-higher,ETP-lower,ETP-higher,TRUE,,816206
A5-4N-L,12,A5-4N-L__bin12,6,0.55,0.6000000000000001,0.5750000000000001,0mg/kg,0,4N,124,0.5322219556753317,385,2.3189726134931448,2.331517859142444,2.3898000044380385,0.5836508260789164,ETP-higher,ETP-lower,ETP-higher,TRUE,,639150
A5-4N-L,13,A5-4N-L__bin13,6,0.6000000000000001,0.65,0.625,0mg/kg,0,4N,124,0.5322219556753317,385,2.3189726134931448,2.331517859142444,2.3898000044380385,0.5836508260789164,ETP-higher,ETP-lower,ETP-higher,TRUE,,716691
A5-4N-L,14,A5-4N-L__bin14,10,0.65,0.7000000000000001,0.675,0mg/kg,0,4N,124,0.5322219556753317,385,2.3189726134931448,2.331517859142444,2.3898000044380385,0.5836508260789164,ETP-higher,ETP-lower,ETP-higher,TRUE,,1068322
A5-4N-L,15,A5-4N-L__bin15,8,0.7000000000000001,0.75,0.7250000000000001,0mg/kg,0,4N,124,0.5322219556753317,385,2.3189726134931448,2.331517859142444,2.3898000044380385,0.5836508260789164,ETP-higher,ETP-lower,ETP-higher,TRUE,,799080
A5-4N-L,16,A5-4N-L__bin16,11,0.75,0.8,0.775,0mg/kg,0,4N,124,0.5322219556753317,385,2.3189726134931448,2.331517859142444,2.3898000044380385,0.5836508260789164,ETP-higher,ETP-lower,ETP-higher,TRUE,,2256231
A5-4N-L,17,A5-4N-L__bin17,5,0.8,0.8500000000000001,0.8250000000000001,0mg/kg,0,4N,124,0.5322219556753317,385,2.3189726134931448,2.331517859142444,2.3898000044380385,0.5836508260789164,ETP-higher,ETP-lower,ETP-higher,TRUE,,855645
A5-4N-L,18,A5-4N-L__bin18,13,0.8500000000000001,0.9,0.875,0mg/kg,0,4N,124,0.5322219556753317,385,2.3189726134931448,2.331517859142444,2.3898000044380385,0.5836508260789164,ETP-higher,ETP-lower,ETP-higher,TRUE,,2321920
A5-4N-L,19,A5-4N-L__bin19,5,0.9,0.9500000000000001,0.925,0mg/kg,0,4N,124,0.5322219556753317,385,2.3189726134931448,2.331517859142444,2.3898000044380385,0.5836508260789164,ETP-higher,ETP-lower,ETP-higher,TRUE,,685303
A5-4N-L,20,A5-4N-L__bin20,0,0.9500000000000001,1,0.9750000000000001,0mg/kg,0,4N,124,0.5322219556753317,385,2.3189726134931448,2.331517859142444,2.3898000044380385,0.5836508260789164,ETP-higher,ETP-lower,ETP-higher,FALSE,cell_count<5,0
A5-4N-R,1,A5-4N-R__bin01,6,0,0.05,0.025,0mg/kg,0,4N,99,0.5033942971077529,358,2.292313961866378,2.3016178160985135,2.400931426265174,0.41441621319722455,ETP-higher,ETP-lower,ETP-higher,TRUE,,1070624
A5-4N-R,2,A5-4N-R__bin02,5,0.05,0.1,0.07500000000000001,0mg/kg,0,4N,99,0.5033942971077529,358,2.292313961866378,2.3016178160985135,2.400931426265174,0.41441621319722455,ETP-higher,ETP-lower,ETP-higher,TRUE,,796355
A5-4N-R,3,A5-4N-R__bin03,4,0.1,0.15000000000000002,0.125,0mg/kg,0,4N,99,0.5033942971077529,358,2.292313961866378,2.3016178160985135,2.400931426265174,0.41441621319722455,ETP-higher,ETP-lower,ETP-higher,FALSE,cell_count<5,613810
A5-4N-R,4,A5-4N-R__bin04,6,0.15000000000000002,0.2,0.17500000000000002,0mg/kg,0,4N,99,0.5033942971077529,358,2.292313961866378,2.3016178160985135,2.400931426265174,0.41441621319722455,ETP-higher,ETP-lower,ETP-higher,TRUE,,1037757
A5-4N-R,5,A5-4N-R__bin05,8,0.2,0.25,0.225,0mg/kg,0,4N,99,0.5033942971077529,358,2.292313961866378,2.3016178160985135,2.400931426265174,0.41441621319722455,ETP-higher,ETP-lower,ETP-higher,TRUE,,867447
A5-4N-R,6,A5-4N-R__bin06,1,0.25,0.30000000000000004,0.275,0mg/kg,0,4N,99,0.5033942971077529,358,2.292313961866378,2.3016178160985135,2.400931426265174,0.41441621319722455,ETP-higher,ETP-lower,ETP-higher,FALSE,cell_count<5,117938
A5-4N-R,7,A5-4N-R__bin07,7,0.30000000000000004,0.35000000000000003,0.32500000000000007,0mg/kg,0,4N,99,0.5033942971077529,358,2.292313961866378,2.3016178160985135,2.400931426265174,0.41441621319722455,ETP-higher,ETP-lower,ETP-higher,TRUE,,537700
A5-4N-R,8,A5-4N-R__bin08,4,0.35000000000000003,0.4,0.375,0mg/kg,0,4N,99,0.5033942971077529,358,2.292313961866378,2.3016178160985135,2.400931426265174,0.41441621319722455,ETP-higher,ETP-lower,ETP-higher,FALSE,cell_count<5,214016
A5-4N-R,9,A5-4N-R__bin09,2,0.4,0.45,0.42500000000000004,0mg/kg,0,4N,99,0.5033942971077529,358,2.292313961866378,2.3016178160985135,2.400931426265174,0.41441621319722455,ETP-higher,ETP-lower,ETP-higher,FALSE,cell_count<5,99622
A5-4N-R,10,A5-4N-R__bin10,3,0.45,0.5,0.475,0mg/kg,0,4N,99,0.5033942971077529,358,2.292313961866378,2.3016178160985135,2.400931426265174,0.41441621319722455,ETP-higher,ETP-lower,ETP-higher,FALSE,cell_count<5,238656
A5-4N-R,11,A5-4N-R__bin11,2,0.5,0.55,0.525,0mg/kg,0,4N,99,0.5033942971077529,358,2.292313961866378,2.3016178160985135,2.400931426265174,0.41441621319722455,ETP-higher,ETP-lower,ETP-higher,FALSE,cell_count<5,180054
A5-4N-R,12,A5-4N-R__bin12,5,0.55,0.6000000000000001,0.5750000000000001,0mg/kg,0,4N,99,0.5033942971077529,358,2.292313961866378,2.3016178160985135,2.400931426265174,0.41441621319722455,ETP-higher,ETP-lower,ETP-higher,TRUE,,1086937
A5-4N-R,13,A5-4N-R__bin13,2,0.6000000000000001,0.65,0.625,0mg/kg,0,4N,99,0.5033942971077529,358,2.292313961866378,2.3016178160985135,2.400931426265174,0.41441621319722455,ETP-higher,ETP-lower,ETP-higher,FALSE,cell_count<5,248619
A5-4N-R,14,A5-4N-R__bin14,7,0.65,0.7000000000000001,0.675,0mg/kg,0,4N,99,0.5033942971077529,358,2.292313961866378,2.3016178160985135,2.400931426265174,0.41441621319722455,ETP-higher,ETP-lower,ETP-higher,TRUE,,1210564
A5-4N-R,15,A5-4N-R__bin15,9,0.7000000000000001,0.75,0.7250000000000001,0mg/kg,0,4N,99,0.5033942971077529,358,2.292313961866378,2.3016178160985135,2.400931426265174,0.41441621319722455,ETP-higher,ETP-lower,ETP-higher,TRUE,,1517126
A5-4N-R,16,A5-4N-R__bin16,6,0.75,0.8,0.775,0mg/kg,0,4N,99,0.5033942971077529,358,2.292313961866378,2.3016178160985135,2.400931426265174,0.41441621319722455,ETP-higher,ETP-lower,ETP-higher,TRUE,,878867
A5-4N-R,17,A5-4N-R__bin17,14,0.8,0.8500000000000001,0.8250000000000001,0mg/kg,0,4N,99,0.5033942971077529,358,2.292313961866378,2.3016178160985135,2.400931426265174,0.41441621319722455,ETP-higher,ETP-lower,ETP-higher,TRUE,,2479460
A5-4N-R,18,A5-4N-R__bin18,8,0.8500000000000001,0.9,0.875,0mg/kg,0,4N,99,0.5033942971077529,358,2.292313961866378,2.3016178160985135,2.400931426265174,0.41441621319722455,ETP-higher,ETP-lower,ETP-higher,TRUE,,2096347
A5-4N-R,19,A5-4N-R__bin19,0,0.9,0.9500000000000001,0.925,0mg/kg,0,4N,99,0.5033942971077529,358,2.292313961866378,2.3016178160985135,2.400931426265174,0.41441621319722455,ETP-higher,ETP-lower,ETP-higher,FALSE,cell_count<5,0
A5-4N-R,20,A5-4N-R__bin20,0,0.9500000000000001,1,0.9750000000000001,0mg/kg,0,4N,99,0.5033942971077529,358,2.292313961866378,2.3016178160985135,2.400931426265174,0.41441621319722455,ETP-higher,ETP-lower,ETP-higher,FALSE,cell_count<5,0
A6-4N-O,1,A6-4N-O__bin01,2,0,0.05,0.025,30mg/kg,30,4N,60,0.49985921792686006,189,2.406908612383253,2.423947062296184,2.543924404503578,1.1418866640681966,ETP-higher,ETP-higher,ETP-higher,FALSE,cell_count<5,468174
A6-4N-O,2,A6-4N-O__bin02,4,0.05,0.1,0.07500000000000001,30mg/kg,30,4N,60,0.49985921792686006,189,2.406908612383253,2.423947062296184,2.543924404503578,1.1418866640681966,ETP-higher,ETP-higher,ETP-higher,FALSE,cell_count<5,750794
A6-4N-O,3,A6-4N-O__bin03,3,0.1,0.15000000000000002,0.125,30mg/kg,30,4N,60,0.49985921792686006,189,2.406908612383253,2.423947062296184,2.543924404503578,1.1418866640681966,ETP-higher,ETP-higher,ETP-higher,FALSE,cell_count<5,473863
A6-4N-O,4,A6-4N-O__bin04,3,0.15000000000000002,0.2,0.17500000000000002,30mg/kg,30,4N,60,0.49985921792686006,189,2.406908612383253,2.423947062296184,2.543924404503578,1.1418866640681966,ETP-higher,ETP-higher,ETP-higher,FALSE,cell_count<5,146894
A6-4N-O,5,A6-4N-O__bin05,2,0.2,0.25,0.225,30mg/kg,30,4N,60,0.49985921792686006,189,2.406908612383253,2.423947062296184,2.543924404503578,1.1418866640681966,ETP-higher,ETP-higher,ETP-higher,FALSE,cell_count<5,234296
A6-4N-O,6,A6-4N-O__bin06,5,0.25,0.30000000000000004,0.275,30mg/kg,30,4N,60,0.49985921792686006,189,2.406908612383253,2.423947062296184,2.543924404503578,1.1418866640681966,ETP-higher,ETP-higher,ETP-higher,TRUE,,366378
A6-4N-O,7,A6-4N-O__bin07,2,0.30000000000000004,0.35000000000000003,0.32500000000000007,30mg/kg,30,4N,60,0.49985921792686006,189,2.406908612383253,2.423947062296184,2.543924404503578,1.1418866640681966,ETP-higher,ETP-higher,ETP-higher,FALSE,cell_count<5,6787
A6-4N-O,8,A6-4N-O__bin08,3,0.35000000000000003,0.4,0.375,30mg/kg,30,4N,60,0.49985921792686006,189,2.406908612383253,2.423947062296184,2.543924404503578,1.1418866640681966,ETP-higher,ETP-higher,ETP-higher,FALSE,cell_count<5,5873
A6-4N-O,9,A6-4N-O__bin09,3,0.4,0.45,0.42500000000000004,30mg/kg,30,4N,60,0.49985921792686006,189,2.406908612383253,2.423947062296184,2.543924404503578,1.1418866640681966,ETP-higher,ETP-higher,ETP-higher,FALSE,cell_count<5,593362
A6-4N-O,10,A6-4N-O__bin10,2,0.45,0.5,0.475,30mg/kg,30,4N,60,0.49985921792686006,189,2.406908612383253,2.423947062296184,2.543924404503578,1.1418866640681966,ETP-higher,ETP-higher,ETP-higher,FALSE,cell_count<5,8102
A6-4N-O,11,A6-4N-O__bin11,3,0.5,0.55,0.525,30mg/kg,30,4N,60,0.49985921792686006,189,2.406908612383253,2.423947062296184,2.543924404503578,1.1418866640681966,ETP-higher,ETP-higher,ETP-higher,FALSE,cell_count<5,26705
A6-4N-O,12,A6-4N-O__bin12,0,0.55,0.6000000000000001,0.5750000000000001,30mg/kg,30,4N,60,0.49985921792686006,189,2.406908612383253,2.423947062296184,2.543924404503578,1.1418866640681966,ETP-higher,ETP-higher,ETP-higher,FALSE,cell_count<5,0
A6-4N-O,13,A6-4N-O__bin13,2,0.6000000000000001,0.65,0.625,30mg/kg,30,4N,60,0.49985921792686006,189,2.406908612383253,2.423947062296184,2.543924404503578,1.1418866640681966,ETP-higher,ETP-higher,ETP-higher,FALSE,cell_count<5,221723
A6-4N-O,14,A6-4N-O__bin14,6,0.65,0.7000000000000001,0.675,30mg/kg,30,4N,60,0.49985921792686006,189,2.406908612383253,2.423947062296184,2.543924404503578,1.1418866640681966,ETP-higher,ETP-higher,ETP-higher,TRUE,,1289867
A6-4N-O,15,A6-4N-O__bin15,5,0.7000000000000001,0.75,0.7250000000000001,30mg/kg,30,4N,60,0.49985921792686006,189,2.406908612383253,2.423947062296184,2.543924404503578,1.1418866640681966,ETP-higher,ETP-higher,ETP-higher,TRUE,,556000
A6-4N-O,16,A6-4N-O__bin16,6,0.75,0.8,0.775,30mg/kg,30,4N,60,0.49985921792686006,189,2.406908612383253,2.423947062296184,2.543924404503578,1.1418866640681966,ETP-higher,ETP-higher,ETP-higher,TRUE,,1019018
A6-4N-O,17,A6-4N-O__bin17,3,0.8,0.8500000000000001,0.8250000000000001,30mg/kg,30,4N,60,0.49985921792686006,189,2.406908612383253,2.423947062296184,2.543924404503578,1.1418866640681966,ETP-higher,ETP-higher,ETP-higher,FALSE,cell_count<5,315982
A6-4N-O,18,A6-4N-O__bin18,6,0.8500000000000001,0.9,0.875,30mg/kg,30,4N,60,0.49985921792686006,189,2.406908612383253,2.423947062296184,2.543924404503578,1.1418866640681966,ETP-higher,ETP-higher,ETP-higher,TRUE,,571626
A6-4N-O,19,A6-4N-O__bin19,0,0.9,0.9500000000000001,0.925,30mg/kg,30,4N,60,0.49985921792686006,189,2.406908612383253,2.423947062296184,2.543924404503578,1.1418866640681966,ETP-higher,ETP-higher,ETP-higher,FALSE,cell_count<5,0
A6-4N-O,20,A6-4N-O__bin20,0,0.9500000000000001,1,0.9750000000000001,30mg/kg,30,4N,60,0.49985921792686006,189,2.406908612383253,2.423947062296184,2.543924404503578,1.1418866640681966,ETP-higher,ETP-higher,ETP-higher,FALSE,cell_count<5,0
A6-4N-RR,1,A6-4N-RR__bin01,3,0,0.05,0.025,30mg/kg,30,4N,193,0.4812367089150642,660,2.2353886260372726,2.2500630391114713,2.4248958134725043,0.053042453298347295,ETP-lower,ETP-lower,ETP-lower,FALSE,cell_count<5,400536
A6-4N-RR,2,A6-4N-RR__bin02,17,0.05,0.1,0.07500000000000001,30mg/kg,30,4N,193,0.4812367089150642,660,2.2353886260372726,2.2500630391114713,2.4248958134725043,0.053042453298347295,ETP-lower,ETP-lower,ETP-lower,TRUE,,2599133
A6-4N-RR,3,A6-4N-RR__bin03,16,0.1,0.15000000000000002,0.125,30mg/kg,30,4N,193,0.4812367089150642,660,2.2353886260372726,2.2500630391114713,2.4248958134725043,0.053042453298347295,ETP-lower,ETP-lower,ETP-lower,TRUE,,2723313
A6-4N-RR,4,A6-4N-RR__bin04,9,0.15000000000000002,0.2,0.17500000000000002,30mg/kg,30,4N,193,0.4812367089150642,660,2.2353886260372726,2.2500630391114713,2.4248958134725043,0.053042453298347295,ETP-lower,ETP-lower,ETP-lower,TRUE,,1519884
A6-4N-RR,5,A6-4N-RR__bin05,8,0.2,0.25,0.225,30mg/kg,30,4N,193,0.4812367089150642,660,2.2353886260372726,2.2500630391114713,2.4248958134725043,0.053042453298347295,ETP-lower,ETP-lower,ETP-lower,TRUE,,855070
A6-4N-RR,6,A6-4N-RR__bin06,9,0.25,0.30000000000000004,0.275,30mg/kg,30,4N,193,0.4812367089150642,660,2.2353886260372726,2.2500630391114713,2.4248958134725043,0.053042453298347295,ETP-lower,ETP-lower,ETP-lower,TRUE,,1062831
A6-4N-RR,7,A6-4N-RR__bin07,10,0.30000000000000004,0.35000000000000003,0.32500000000000007,30mg/kg,30,4N,193,0.4812367089150642,660,2.2353886260372726,2.2500630391114713,2.4248958134725043,0.053042453298347295,ETP-lower,ETP-lower,ETP-lower,TRUE,,1616770
A6-4N-RR,8,A6-4N-RR__bin08,3,0.35000000000000003,0.4,0.375,30mg/kg,30,4N,193,0.4812367089150642,660,2.2353886260372726,2.2500630391114713,2.4248958134725043,0.053042453298347295,ETP-lower,ETP-lower,ETP-lower,FALSE,cell_count<5,267260
A6-4N-RR,9,A6-4N-RR__bin09,8,0.4,0.45,0.42500000000000004,30mg/kg,30,4N,193,0.4812367089150642,660,2.2353886260372726,2.2500630391114713,2.4248958134725043,0.053042453298347295,ETP-lower,ETP-lower,ETP-lower,TRUE,,916007
A6-4N-RR,10,A6-4N-RR__bin10,10,0.45,0.5,0.475,30mg/kg,30,4N,193,0.4812367089150642,660,2.2353886260372726,2.2500630391114713,2.4248958134725043,0.053042453298347295,ETP-lower,ETP-lower,ETP-lower,TRUE,,827083
A6-4N-RR,11,A6-4N-RR__bin11,12,0.5,0.55,0.525,30mg/kg,30,4N,193,0.4812367089150642,660,2.2353886260372726,2.2500630391114713,2.4248958134725043,0.053042453298347295,ETP-lower,ETP-lower,ETP-lower,TRUE,,905828
A6-4N-RR,12,A6-4N-RR__bin12,9,0.55,0.6000000000000001,0.5750000000000001,30mg/kg,30,4N,193,0.4812367089150642,660,2.2353886260372726,2.2500630391114713,2.4248958134725043,0.053042453298347295,ETP-lower,ETP-lower,ETP-lower,TRUE,,1216083
A6-4N-RR,13,A6-4N-RR__bin13,13,0.6000000000000001,0.65,0.625,30mg/kg,30,4N,193,0.4812367089150642,660,2.2353886260372726,2.2500630391114713,2.4248958134725043,0.053042453298347295,ETP-lower,ETP-lower,ETP-lower,TRUE,,1882175
A6-4N-RR,14,A6-4N-RR__bin14,11,0.65,0.7000000000000001,0.675,30mg/kg,30,4N,193,0.4812367089150642,660,2.2353886260372726,2.2500630391114713,2.4248958134725043,0.053042453298347295,ETP-lower,ETP-lower,ETP-lower,TRUE,,2338901
A6-4N-RR,15,A6-4N-RR__bin15,12,0.7000000000000001,0.75,0.7250000000000001,30mg/kg,30,4N,193,0.4812367089150642,660,2.2353886260372726,2.2500630391114713,2.4248958134725043,0.053042453298347295,ETP-lower,ETP-lower,ETP-lower,TRUE,,2563700
A6-4N-RR,16,A6-4N-RR__bin16,11,0.75,0.8,0.775,30mg/kg,30,4N,193,0.4812367089150642,660,2.2353886260372726,2.2500630391114713,2.4248958134725043,0.053042453298347295,ETP-lower,ETP-lower,ETP-lower,TRUE,,2054120
A6-4N-RR,17,A6-4N-RR__bin17,16,0.8,0.8500000000000001,0.8250000000000001,30mg/kg,30,4N,193,0.4812367089150642,660,2.2353886260372726,2.2500630391114713,2.4248958134725043,0.053042453298347295,ETP-lower,ETP-lower,ETP-lower,TRUE,,2544250
A6-4N-RR,18,A6-4N-RR__bin18,15,0.8500000000000001,0.9,0.875,30mg/kg,30,4N,193,0.4812367089150642,660,2.2353886260372726,2.2500630391114713,2.4248958134725043,0.053042453298347295,ETP-lower,ETP-lower,ETP-lower,TRUE,,2723055
A6-4N-RR,19,A6-4N-RR__bin19,1,0.9,0.9500000000000001,0.925,30mg/kg,30,4N,193,0.4812367089150642,660,2.2353886260372726,2.2500630391114713,2.4248958134725043,0.053042453298347295,ETP-lower,ETP-lower,ETP-lower,FALSE,cell_count<5,161450
A6-4N-RR,20,A6-4N-RR__bin20,0,0.9500000000000001,1,0.9750000000000001,30mg/kg,30,4N,193,0.4812367089150642,660,2.2353886260372726,2.2500630391114713,2.4248958134725043,0.053042453298347295,ETP-lower,ETP-lower,ETP-lower,FALSE,cell_count<5,0
