"iteration","n","pearson_r","pearson_p","spearman_rho","spearman_p"
1,8,-0.559359425824022,0.149434031031272,-0.283950617283951,0.495518316964043
2,8,-0.0117279047914996,0.978012194807754,0.139240506329114,0.742278902896378
3,8,-0.176113225259992,0.676552051552437,0.111111111111111,0.793374993649342
4,8,-0.687383599926419,0.0595908508839757,-0.414634146341463,0.307070866237017
5,8,-0.445674210957205,0.268420142295295,-0.392405063291139,0.336280494675457
6,8,-0.271022452440131,0.516168874708567,-0.0886075949367088,0.834728317893272
7,8,-0.48497217903773,0.22319737786295,-0.407407407407407,0.316429397723464
8,8,-0.292756686365666,0.481638715875377,-0.036144578313253,0.932287918005115
9,8,-0.314255542081974,0.448415015047851,-0.594936708860759,0.119765536998206
10,8,0.528694590121471,0.177932042322406,0.0886075949367088,0.834728317893272
11,8,-0.839080734354954,0.00920069510512373,-0.615384615384616,0.104365016307875
12,8,-0.664684998730567,0.0721399102958773,-0.670886075949367,0.0685705618098423
13,8,-0.201467945793914,0.632344944648615,0.333333333333333,0.419753086419753
14,8,0.995111955693709,2.90905484180546e-07,1,0
15,8,-0.551761640712727,0.156243083778015,-0.333333333333333,0.419753086419753
16,8,-0.803208345609061,0.0163514508392047,-0.710843373493976,0.0480922136045092
17,8,-0.625629567666306,0.0971002185475275,-0.609756097560976,0.108484275261192
18,8,-0.856364983220484,0.0066331948540561,-0.753086419753086,0.0310085131644479
19,8,-0.458652351051905,0.253019477802296,0.113924050632911,0.788233439851227
20,8,-0.839613675717366,0.00911344118122569,-0.851851851851852,0.0072523990851707
21,8,-0.696123854453921,0.055134245704512,-0.615384615384616,0.104365016307875
22,8,-0.122190067550503,0.773163844147874,0.292682926829268,0.481754330094079
23,8,-0.662785213955586,0.073254814011364,-0.634146341463415,0.0912890821441658
24,8,-0.733577907159812,0.0383337064970567,-0.731707317073171,0.0390863390212493
25,8,-0.324247129260231,0.433305232468464,0.0120481927710843,0.977411824587767
26,8,0.751425419858731,0.0315954255300284,0.594594594594595,0.120033440693325
27,8,-0.853850927696629,0.00697376858925948,-0.902439024390244,0.00215494723497797
28,8,-0.481680667080817,0.226822330025981,-0.432432432432432,0.284598569995075
29,8,-0.112429887122966,0.79096368466086,0.036144578313253,0.932287918005115
30,8,-0.574935210616115,0.13599556349006,-0.518072289156627,0.188431668335035
31,8,-0.363774267011375,0.37570797877638,-0.228915662650602,0.585542062912906
32,8,0.857978458942408,0.00642033220521406,0.69620253164557,0.0550950655487157
33,8,-0.463622092242471,0.247242876669309,-0.0886075949367088,0.834728317893272
34,8,-0.867728310720103,0.00522673762402234,-0.829268292682927,0.0109030266752834
35,8,-0.55211659043158,0.155921279710411,-0.382716049382716,0.34939965019076
36,8,-0.678704760032068,0.0642216836750733,-0.333333333333333,0.419753086419753
37,8,-0.796270293190377,0.0180414016999765,-0.62962962962963,0.094345165105607
38,8,-0.561578117563824,0.147477044519935,-0.45679012345679,0.255201343606103
39,8,-0.514082826198047,0.192458000899858,-0.555555555555556,0.152822232383275
40,8,-0.589428568509085,0.124119890961195,-0.772151898734177,0.0247485870017686
41,8,-0.436359238258763,0.279752349260217,-0.102564102564103,0.809036692029818
42,8,-0.695103137555788,0.0556440590724536,-0.670886075949367,0.0685705618098423
43,8,-0.291546421999165,0.483537121004943,-0.0731707317073171,0.863293782609012
44,8,-0.706205857822985,0.0502486471865501,-0.240506329113924,0.566138469404116
45,8,-0.624884221746669,0.0976186251280556,-0.468354430379747,0.241804882823014
46,8,-0.923933810678308,0.00103849250769989,-0.925925925925926,0.000960491276443552
47,8,0.853718723562868,0.00699198026320028,0.924050632911392,0.00103380815542862
48,8,0.76804966669095,0.0260223780699737,0.468354430379747,0.241804882823014
49,8,-0.597216447005742,0.11798892814973,-0.292682926829268,0.48175433009408
50,8,0.193137340575194,0.646772228323061,0.24390243902439,0.560495956966516
51,8,-0.598566662644048,0.116943761795703,-0.469879518072289,0.240065454942806
52,8,-0.170654135754961,0.686181633613774,0.132530120481928,0.75440042927224
53,8,0.313092009044058,0.450188453636705,0.743589743589744,0.0344558337392387
54,8,0.186392688303449,0.658523964894078,0.139240506329114,0.742278902896378
55,8,-0.323386587008651,0.434598111575827,0,1
56,8,-0.331000830191463,0.423214681115119,0.230769230769231,0.582424123266531
57,8,-0.415940586837884,0.305393356561478,-0.0886075949367088,0.834728317893272
58,8,0.897984168681926,0.00245531696481414,0.864864864864865,0.00556104694169674
59,8,-0.205558286085016,0.625297714249788,-0.175,0.678512669677734
60,8,-0.792045845802209,0.0191217622673046,-0.682926829268293,0.0619431712593441
61,8,-0.325334932590339,0.43167322272817,0,1
62,8,-0.350089100319492,0.395245549200991,-0.121951219512195,0.773598436910597
63,8,-0.215803728730459,0.607755300453751,0.121951219512195,0.773598436910598
64,8,-0.436476840893427,0.279607840494718,-0.301204819277108,0.468469529828103
65,8,0.729482132738583,0.0399932636561477,0.468354430379747,0.241804882823014
66,8,-0.492065235662005,0.215488325122733,-0.726027397260274,0.0414264515948147
67,8,-0.345532390470116,0.401847260309752,-0.121951219512195,0.773598436910597
68,8,-0.931318535976207,0.000768802446921764,-0.848101265822785,0.00779410868380387
69,8,-0.560187742304839,0.148701758255854,-0.518072289156627,0.188431668335035
70,8,-0.281713232578599,0.499069090934554,0.0602409638554217,0.887321161362285
71,8,-0.205558286085016,0.625297714249788,-0.175,0.678512669677734
72,8,-0.0367270472189821,0.93119868669611,0.121951219512195,0.773598436910598
73,8,-0.73675884723116,0.0370742538416238,-0.731707317073171,0.0390863390212493
74,8,-0.467786964868997,0.242453730121496,-0.341463414634146,0.407782409074504
75,8,-0.379118695067608,0.35432930357794,0.139240506329114,0.742278902896378
76,8,0.638268263820619,0.0885507480739128,0.216216216216216,0.607052378046439
77,8,-0.0189113709292466,0.964549632927783,0.594936708860759,0.119765536998206
78,8,-0.627264614803584,0.0959685590623935,-0.240506329113924,0.566138469404116
79,8,-0.383242863449166,0.348680384532789,-0.291139240506329,0.484176479990479
80,8,0.0195612789480961,0.963331957146867,0.0379746835443038,0.928865891742792
81,8,-0.535430472373704,0.171440865770998,-0.135802469135802,0.74848368865351
82,8,-0.567212810171247,0.142570800278025,-0.463414634146342,0.247482670349255
83,8,-0.200117392323502,0.634677155989057,0.45,0.2632364453125
84,8,-0.719216113521246,0.0443422884663607,-0.6,0.11584
85,8,-0.852300201379865,0.00718930146700914,-0.731707317073171,0.0390863390212493
86,8,0.0632440225335948,0.881733283128634,0.291139240506329,0.484176479990479
87,8,0.736873012629596,0.0370295275844224,0.51219512195122,0.194378892157874
88,8,0.330769435047843,0.42355874414974,0.736842105263158,0.0370416328264742
89,8,-0.0171663637692731,0.967819390690492,0.468354430379747,0.241804882823014
90,8,-0.806620189041214,0.0155582905684572,-0.79746835443038,0.0177421304392542
91,8,-0.743879498942004,0.0343473478097363,-0.268292682926829,0.520569891636616
92,8,-0.530381519554037,0.176294216561902,-0.487804878048781,0.220101844181823
93,8,-0.131721791814489,0.75586359022171,-0.102564102564103,0.809036692029818
94,8,-0.664684998730567,0.0721399102958774,-0.670886075949367,0.0685705618098423
95,8,-0.328668796116956,0.426687602507687,0,1
96,8,-0.520691312969597,0.185813034317515,-0.268292682926829,0.520569891636616
97,8,-0.635477367531096,0.0903995599112272,-0.390243902439024,0.339186635335989
98,8,-0.694849003969498,0.0557714264803027,-0.777777777777778,0.023065589595082
99,8,-0.473637693752138,0.235806374757999,-0.316455696202532,0.445069441835733
100,8,-0.560484930969497,0.148439510907918,-0.230769230769231,0.58242412326653
101,8,0.814808371479184,0.0137545898373007,0.555555555555556,0.152822232383275
102,8,-0.738025603445927,0.0365798229760351,-0.634146341463415,0.0912890821441658
103,8,-0.341484515871133,0.407751533177546,0.230769230769231,0.582424123266531
104,8,0.903321255103945,0.00209845031214022,0.925925925925926,0.000960491276443564
105,8,-0.711483848505583,0.0477988606874733,-0.725,0.0418585852050781
106,8,-0.776319031658585,0.0234949297074232,-0.555555555555556,0.152822232383275
107,8,0.757810224704501,0.0293761497168958,0.51219512195122,0.194378892157874
108,8,-0.686065878346756,0.0602807184816497,-0.447368421052632,0.266383944879123
109,8,-0.568586926494988,0.141388221160449,-0.27710843373494,0.506407569961192
110,8,-0.43369098181481,0.28304090943754,-0.317073170731707,0.444132360252344
111,8,-0.637511528933996,0.0890498574717031,-0.382716049382716,0.34939965019076
112,8,-0.370747272621153,0.365922756021559,-0.45679012345679,0.255201343606103
113,8,-0.278572707283493,0.504069578789368,-0.259259259259259,0.535232404809648
114,8,-0.718748656845761,0.0445468163925682,-0.560975609756098,0.148007079914522
115,8,-0.791085246309684,0.0193729211068366,-0.721518987341772,0.0433430021118049
116,8,-0.277128737671908,0.506375122696116,0.407407407407407,0.316429397723464
117,8,-0.662785213955586,0.073254814011364,-0.634146341463415,0.0912890821441658
118,8,-0.585102995268636,0.127600740979286,-0.384615384615385,0.346809662449871
119,8,-0.695154901930505,0.0556181369870725,0.263157894736842,0.528885961344841
120,8,-0.470706231239959,0.239125222062635,-0.1,0.813746249999999
121,8,-0.141156225256999,0.738826748882106,-0.075,0.859901453857422
122,8,0.223106778435368,0.595349373171552,0.111111111111111,0.793374993649342
123,8,-0.324307095070673,0.433215199828579,-0.075,0.859901453857422
124,8,-0.56048458806343,0.14843981335081,0.111111111111111,0.793374993649342
125,8,0.0531339399796268,0.900561214432076,0.15,0.7229402734375
126,8,-0.418489628711335,0.302132993014608,-0.301204819277108,0.468469529828103
127,8,-0.823957809299605,0.0119018360572231,-0.875,0.00443649291992187
128,8,0.0791354223162412,0.852239392912978,0.756756756756757,0.0297354894241181
129,8,-0.643425535982291,0.0851924598241605,-0.209876543209877,0.617884622686196
130,8,-0.790498847936361,0.0195272477387595,-0.710843373493976,0.0480922136045092
131,8,-0.43369098181481,0.28304090943754,-0.317073170731707,0.444132360252344
132,8,-0.501129882344903,0.205841372930318,-0.162162162162162,0.701234279866665
133,8,-0.0902134458271965,0.831765297159185,-0.259259259259259,0.535232404809648
134,8,-0.642272581999676,0.0859366985030476,-0.414634146341463,0.307070866237017
135,8,-0.185016013196101,0.660930264253647,-0.048780487804878,0.908681575447135
136,8,-0.907116913519194,0.0018663548373753,-0.726027397260274,0.0414264515948147
137,8,0.915538594687858,0.00141250486425909,0.925925925925926,0.000960491276443564
138,8,-0.674592553240519,0.0664879515546793,-0.555555555555556,0.152822232383275
139,8,-0.521226473088389,0.185280355381254,-0.4,0.32616
140,8,-0.93747033377222,0.000582914991639013,-0.917808219178082,0.00130395207243574
141,8,-0.105808185741979,0.803085381151564,0.139240506329114,0.742278902896378
142,8,-0.621976873865985,0.0996559305694863,-0.65,0.0810203515625
143,8,-0.42624883394964,0.292312329149374,-0.0602409638554217,0.887321161362284
144,8,-0.07226526865299,0.864973618061353,0.390243902439024,0.339186635335989
145,8,-0.418489628711335,0.302132993014608,-0.301204819277108,0.468469529828103
146,8,0.0631994176933363,0.881816249971781,0.439024390243902,0.276486445900293
147,8,-0.612999985877543,0.106099118347799,-0.392405063291139,0.336280494675457
148,8,-0.405487757292411,0.318937749348183,-0.121951219512195,0.773598436910597
149,8,-0.351348100572502,0.393429938727803,-0.234567901234568,0.576051906571553
150,8,0.206249499707084,0.624109252918308,0.215189873417721,0.608801860963225
151,8,-0.641477882963543,0.0864518714007952,0.282051282051282,0.498531973667064
152,8,-0.611200483623616,0.10741851949491,-0.487804878048781,0.220101844181823
153,8,-0.781786071162284,0.0219110561379191,-0.367088607594937,0.371042516598345
154,8,-0.0262301246376172,0.950841070192784,0.170731707317073,0.68604453895394
155,8,-0.679454220026829,0.0638136582346061,-0.620253164556962,0.100875222859378
156,8,-0.518058095366108,0.188445913159338,-0.487804878048781,0.220101844181823
157,8,-0.721160471905971,0.0434976672547328,-0.594936708860759,0.119765536998206
158,8,-0.685422559464155,0.0606192331751696,-0.283950617283951,0.495518316964043
159,8,-0.424028786914047,0.295106181929747,-0.228915662650602,0.585542062912906
160,8,-0.621976873865985,0.0996559305694863,-0.65,0.0810203515625
161,8,-0.18783196735118,0.656010974457329,0.075,0.859901453857422
162,8,-0.725713235149249,0.0415583026306076,-0.469879518072289,0.240065454942806
163,8,-0.534355577834165,0.172468004335567,-0.432098765432099,0.285012238128342
164,8,-0.479373679312478,0.229380944186155,-0.468354430379747,0.241804882823014
165,8,-0.911534268322461,0.0016180628096417,-0.848101265822785,0.00779410868380387
166,8,-0.398918100076904,0.327592827613466,-0.111111111111111,0.793374993649342
167,8,-0.325901474218901,0.4308242735833,-0.225,0.592147037353515
168,8,0.193376879751709,0.646356014811218,0.139240506329114,0.742278902896378
169,8,0.751425419858731,0.0315954255300283,0.594594594594595,0.120033440693325
170,8,-0.32512231400386,0.431992007387996,0.0731707317073171,0.863293782609012
171,8,-0.399644415884959,0.326630597069443,-0.234567901234568,0.576051906571553
172,8,-0.222860901767784,0.59576568631818,0.0617283950617284,0.88455293510991
173,8,-0.929815294876627,0.000819448673735871,-0.975308641975309,3.69400528358034e-05
174,8,-0.854140448748033,0.00693399174542811,-0.923076923076923,0.00107327636125645
175,8,-0.112799540296259,0.790288053384447,-0.111111111111111,0.793374993649342
176,8,-0.053048475493925,0.900720558253004,0.367088607594937,0.371042516598345
177,8,-0.519886034773386,0.186616115150176,-0.240506329113924,0.566138469404116
178,8,0.020387143322483,0.961784696978129,0.432432432432432,0.284598569995075
179,8,-0.449883661109014,0.263375199017371,-0.518987341772152,0.187514534406167
180,8,-0.445184311869489,0.269010364410234,-0.301204819277108,0.468469529828103
181,8,0.524416040878063,0.182122495203816,0.234567901234568,0.576051906571553
182,8,-0.264480225167072,0.526739712429469,-0.215189873417721,0.608801860963226
183,8,-0.723443598019582,0.0425184115063455,-0.69620253164557,0.0550950655487157
184,8,-0.281243524851876,0.499815765246929,-0.439024390243902,0.276486445900293
185,8,-0.478769915069062,0.230052996221638,-0.540540540540541,0.166603118711555
186,8,-1,3.42113882891805e-48,-1,2.18952885050755e-46
187,8,0.2474644269754,0.554599168674929,0.594936708860759,0.119765536998206
188,8,-0.336808012112696,0.414618863902726,-0.518987341772152,0.187514534406167
189,8,-0.562350045519751,0.146799497297152,-0.424657534246575,0.294313618526343
190,8,-0.883037908572413,0.00365745144029647,-1,0
191,8,-0.476858684961825,0.232187042281589,-0.0886075949367088,0.834728317893272
192,8,-0.726052688848624,0.0414158479959731,-0.609756097560976,0.108484275261192
193,8,-0.611396458042038,0.107274379286578,0.282051282051282,0.498531973667064
194,8,-0.724551950860935,0.0420478914876127,-0.463414634146342,0.247482670349255
195,8,-0.324247129260231,0.433305232468464,0.0120481927710843,0.977411824587767
196,8,-0.826070674009217,0.01149780552431,-0.682926829268293,0.0619431712593441
197,8,-0.578345243799398,0.133146879611429,0.282051282051282,0.498531973667064
198,8,0.086080304605414,0.839394955840399,0.291139240506329,0.484176479990479
199,8,-0.725905315706644,0.0414776579358679,-0.794871794871795,0.0183947102705782
200,8,0.0790101419145223,0.852471365412558,0.615384615384616,0.104365016307875
201,8,-0.642272581999676,0.0859366985030476,-0.414634146341463,0.307070866237017
202,8,-0.827197144132595,0.0112859922099093,-0.974683544303797,3.97984255471571e-05
203,8,-0.386477933722787,0.344278447989329,-0.439024390243902,0.276486445900293
204,8,-0.692222762759444,0.0570978578160294,-0.230769230769231,0.58242412326653
205,8,-0.67556387926113,0.0659484481137044,-0.316455696202532,0.445069441835733
206,8,-0.0299248709232046,0.943924355093852,0.139240506329114,0.742278902896378
207,8,0.824385458165776,0.0118193466831338,0.620253164556962,0.100875222859378
208,8,0.83053572566293,0.0106727862435156,0.721518987341772,0.043343002111805
209,8,-0.506547413363583,0.200186144952122,-0.2,0.63488
210,8,-0.558594294313646,0.150112202393079,-0.45679012345679,0.255201343606103
211,8,-0.748971339396407,0.0324749677615086,-0.670886075949367,0.0685705618098423
212,8,-0.846004989618298,0.00810779411244787,-0.846153846153846,0.00808525881177397
213,8,0.88161053517708,0.00378876388985727,0.746835443037975,0.033252559177418
214,8,-0.0790251198522316,0.852443631380909,0.228915662650602,0.585542062912906
215,8,-0.0667522117940925,0.875210903835205,0.170731707317073,0.68604453895394
216,8,-0.880884377847933,0.00385671721396287,-0.746835443037975,0.0332525591774179
217,8,0.0118212497632574,0.977837221512883,0.609756097560976,0.108484275261192
218,8,-0.644805030840156,0.0843069269980555,-0.609756097560976,0.108484275261192
219,8,0.985910896123055,6.9181449608879e-06,1,2.73691106313442e-47
220,8,-0.666028410931704,0.0713575811790483,-0.341463414634146,0.407782409074504
221,8,0.0401409771588866,0.92481647759325,0.365853658536585,0.37277785416078
222,8,-0.726052688848624,0.041415847995973,-0.609756097560976,0.108484275261192
223,8,-0.479458301333587,0.229286831768357,-0.180722891566265,0.668450469704889
224,8,-0.278572707283493,0.504069578789368,-0.259259259259259,0.535232404809648
225,8,-0.604368480617416,0.112512478555859,-0.209876543209877,0.617884622686196
226,8,-0.0267951726387297,0.949783094162896,-0.283950617283951,0.495518316964043
227,8,-0.592061008480154,0.122027950791927,-0.382716049382716,0.34939965019076
228,8,-0.923933810678308,0.00103849250769989,-0.925925925925926,0.000960491276443552
229,8,-0.713096515965863,0.0470650051138361,-0.609756097560976,0.108484275261192
230,8,-0.918149615702051,0.00128811045430959,-1,0
231,8,-0.0552091233066283,0.896693051476807,0.275,0.509781307373047
232,8,-0.368479121780093,0.369092929293743,-0.075,0.859901453857422
233,8,-0.0667522117940925,0.875210903835205,0.170731707317073,0.68604453895394
234,8,0.701503430194692,0.0524935698635427,0.234567901234568,0.576051906571553
235,8,-0.396676560868122,0.330570803031849,-0.0975609756097561,0.818230605541778
236,8,-0.234784913573739,0.575688592516385,-0.365853658536585,0.372777854160779
237,8,-0.312523156124935,0.451056534361914,0.135802469135802,0.74848368865351
238,8,-0.50691679959911,0.199803567158393,-0.414634146341463,0.307070866237017
239,8,0.0928074650861283,0.826982635565311,0.121951219512195,0.773598436910598
240,8,-0.367879256302389,0.369933412294579,-0.24390243902439,0.560495956966516
241,8,0.0115813300359528,0.978286947818748,0.365853658536585,0.37277785416078
242,8,-0.3530424167771,0.390992337675207,0.215189873417721,0.608801860963225
243,8,-0.272205239834798,0.51426629996605,-0.234567901234568,0.576051906571553
244,8,-0.85360815455577,0.00700723490988144,-0.974683544303797,3.97984255471571e-05
245,8,-0.338902531825816,0.411537027519222,-0.365853658536585,0.372777854160779
246,8,-0.861590679189347,0.00595974771578654,-0.848101265822785,0.00779410868380387
247,8,-0.15813020951254,0.708411369697911,0.0379746835443038,0.928865891742792
248,8,-0.393099299283169,0.335349412542282,0.0731707317073171,0.863293782609012
249,8,-0.847854820978768,0.00783057797498615,-0.777777777777778,0.023065589595082
250,8,-0.374387762500959,0.36086029402276,0.0617283950617284,0.88455293510991
251,8,0.802978540032022,0.0164057657024273,0.62962962962963,0.0943451651056068
252,8,-0.198586079877636,0.637324690263096,-0.175,0.678512669677734
253,8,-0.540856746102947,0.166306224566967,-0.102564102564103,0.809036692029818
254,8,-0.550980764625314,0.156952317102886,-0.609756097560976,0.108484275261192
255,8,-0.847854820978767,0.00783057797498618,-0.777777777777778,0.023065589595082
256,8,-0.641162842401805,0.0866565950003782,-0.780821917808219,0.022185406502746
257,8,-0.255073893420644,0.54207627962649,-0.0886075949367088,0.834728317893272
258,8,-0.913501602812572,0.00151480009222276,-0.89873417721519,0.00240296148046002
259,8,-0.466397312920222,0.244046401836631,-0.180722891566265,0.668450469704889
260,8,0.439736474253095,0.275617044821639,0.0617283950617284,0.88455293510991
261,8,-0.535075798920128,0.171779415816154,-0.0886075949367088,0.834728317893272
262,8,-0.0128378228637861,0.97593172674674,0.594936708860759,0.119765536998206
263,8,-0.138997609903591,0.7427168753684,-0.048780487804878,0.908681575447135
264,8,-0.142751978534724,0.735954082622247,0,1
265,8,-0.696674248334757,0.0548605063765163,-0.268292682926829,0.520569891636616
266,8,0.687583205442318,0.0594867632806141,0.384615384615385,0.346809662449871
267,8,-0.851396089384869,0.00731690107942494,-0.804878048780488,0.0159601987985089
268,8,-0.533991351648032,0.17281679898754,-0.259259259259259,0.535232404809648
269,8,-0.366931217779265,0.371263477301334,-0.259259259259259,0.535232404809648
270,8,-0.809049444626485,0.0150085664739878,-0.802469135802469,0.016526566994929
271,8,-0.913501602812572,0.00151480009222276,-0.89873417721519,0.00240296148046002
272,8,-0.299645308422081,0.470889603932674,-0.215189873417721,0.608801860963226
273,8,-0.379274239369383,0.354115499488409,-0.108433734939759,0.798274813332511
274,8,-0.935263308133848,0.000645748168100499,-0.794871794871795,0.0183947102705782
275,8,-0.281713232578599,0.499069090934554,0.0602409638554217,0.887321161362285
276,8,-0.0932196131183983,0.826223171583319,0.333333333333333,0.419753086419753
277,8,-0.234039277923415,0.576937235734227,-0.048780487804878,0.908681575447135
278,8,0.0641719029392436,0.880007601426653,-0.316455696202532,0.445069441835733
279,8,0.130999949238268,0.757170738380951,0.234567901234568,0.576051906571553
280,8,-0.122190067550503,0.773163844147874,0.292682926829268,0.481754330094079
281,8,-0.405648200571051,0.318727743736248,-0.121951219512195,0.773598436910597
282,8,-0.50691679959911,0.199803567158393,-0.414634146341463,0.307070866237017
283,8,-0.0493678939796028,0.907585487430781,0.291139240506329,0.484176479990479
284,8,-0.713096515965863,0.047065005113836,-0.609756097560976,0.108484275261192
285,8,-0.393793751833246,0.334419241903893,-0.048780487804878,0.908681575447135
286,8,-0.728851065662696,0.040252774192525,-0.555555555555556,0.152822232383275
287,8,-0.69877499413866,0.0538231801039878,-0.432432432432432,0.284598569995075
288,8,-0.663374289779145,0.0729080349454544,-0.609756097560976,0.108484275261192
289,8,-0.806620189041214,0.0155582905684572,-0.79746835443038,0.0177421304392542
290,8,-0.873783707135933,0.00456290783574716,-0.924050632911392,0.00103380815542862
291,8,-0.227764326547422,0.587481574926008,0.125,0.768054962158203
292,8,0.072543617676667,0.864457171372196,0.24390243902439,0.560495956966516
293,8,-0.397319517125475,0.32971531937126,0.075,0.859901453857422
294,8,-0.597010289513728,0.118148971487039,-0.341463414634146,0.407782409074504
295,8,-0.65711444469817,0.0766426424284803,-0.44578313253012,0.268289002774832
296,8,0.23730249304675,0.571479497640383,0.810810810810811,0.0146177229257338
297,8,-0.205558286085016,0.625297714249788,-0.175,0.678512669677734
298,8,-0.346103476376571,0.401017270832891,0.265822784810127,0.52456393016539
299,8,-0.227859008156284,0.587321995505682,-0.215189873417721,0.608801860963226
300,8,-0.0902134458271965,0.831765297159185,-0.259259259259259,0.535232404809648
301,8,-0.515870141011075,0.190648579951051,-0.615384615384616,0.104365016307875
302,8,-0.377227817894769,0.356933122739298,0.0886075949367088,0.834728317893272
303,8,-0.756071522149878,0.0299706685072658,-0.609756097560976,0.108484275261192
304,8,-0.751013034401908,0.0317421894547675,-0.746835443037975,0.0332525591774179
305,8,-0.466665898437469,0.243738165309486,-0.139240506329114,0.742278902896378
306,8,0.133089350185861,0.753388537152343,0.746835443037975,0.033252559177418
307,8,-0.78890579145867,0.0199503683103423,-0.560975609756098,0.148007079914522
308,8,-0.834520099825332,0.00996912988263728,-0.923076923076923,0.00107327636125645
309,8,0.757810224704501,0.0293761497168958,0.51219512195122,0.194378892157874
310,8,-0.0431970020477821,0.919106320738373,0.275,0.509781307373047
311,8,-0.16253831920037,0.700565675189719,-0.108433734939759,0.798274813332511
312,8,0.827390603142121,0.011249865988116,0.53125,0.175454188138247
313,8,-0.75089290820106,0.031785019714737,-0.62962962962963,0.094345165105607
314,8,-0.824899937161785,0.0117205886358777,-0.804878048780488,0.0159601987985089
315,8,-0.146629374964151,0.728985200517205,0.291139240506329,0.484176479990479
316,8,-0.346204454500573,0.400870591465739,-0.468354430379747,0.241804882823014
317,8,-0.681684318181509,0.0626086445945227,-0.240506329113924,0.566138469404116
318,8,0.124745557261698,0.768517279866552,0.835616438356164,0.00978082574112047
319,8,0.138053753596958,0.744419337356461,-0.0886075949367088,0.834728317893272
320,8,-0.725713235149249,0.0415583026306077,-0.469879518072289,0.240065454942806
321,8,-0.64673523050615,0.0830769063066,-0.268292682926829,0.520569891636616
322,8,-0.36445640275368,0.374745633460026,0.102564102564103,0.809036692029818
323,8,-0.0143891127689495,0.973024137347394,0.048780487804878,0.908681575447135
324,8,-0.885347292769998,0.00345127854234117,-0.848101265822785,0.00779410868380387
325,8,-0.593494776514878,0.120896974977976,-0.414634146341463,0.307070866237017
326,8,-0.705459349521331,0.0506010974892281,-0.7,0.0532237499999999
327,8,-0.224733212142247,0.592597955601272,-0.259259259259259,0.535232404809648
328,8,-0.826070674009217,0.0114978055243099,-0.682926829268293,0.0619431712593441
329,8,-0.365451547221972,0.373343679450099,-0.0886075949367088,0.834728317893272
330,8,-0.815699623879677,0.0135666463003773,-0.804878048780488,0.0159601987985089
331,8,-0.234039277923415,0.576937235734227,-0.048780487804878,0.908681575447135
332,8,-0.784982959750592,0.021016511694046,-0.240506329113924,0.566138469404116
333,8,-0.677827171217583,0.0647014259700635,-0.794871794871795,0.0183947102705782
334,8,0.115806631886932,0.784796133260933,0.736842105263158,0.0370416328264742
335,8,-0.42624883394964,0.292312329149374,-0.0602409638554217,0.887321161362284
336,8,-0.612148194630493,0.106722495872487,-0.555555555555556,0.152822232383275
337,8,-0.299645308422081,0.470889603932675,-0.215189873417721,0.608801860963226
338,8,-0.856364983220484,0.00663319485405607,-0.753086419753086,0.0310085131644479
339,8,0.86853565326851,0.00513487176041915,0.8,0.01712
340,8,-0.581097206706072,0.130872412403118,-0.536585365853659,0.170340970786708
341,8,-0.480438409637688,0.22819824920499,-0.382716049382716,0.34939965019076
342,8,-0.77638026695772,0.023476807996706,-0.923076923076923,0.00107327636125645
343,8,-0.551910525803275,0.156108057608698,-0.487804878048781,0.220101844181823
344,8,-0.926214162658127,0.000949533154988944,-1,0
345,8,0.841971315804997,0.00873375851668729,0.62962962962963,0.0943451651056068
346,8,-0.697504026256194,0.0544493545381353,-0.468354430379747,0.241804882823014
347,8,-0.760356858876993,0.0285185678110796,-0.2,0.63488
348,8,-0.503537262501151,0.2033181524576,-0.367088607594937,0.371042516598345
349,8,0.0328466651233641,0.938456786529472,0.308641975308642,0.456997506224647
350,8,-0.413540893668672,0.308478014421733,-0.439024390243902,0.276486445900293
351,8,-0.638789791730158,0.0882077165972227,-0.463414634146342,0.247482670349255
352,8,-0.354123500599391,0.389440465587846,-0.0731707317073171,0.863293782609012
353,8,-0.64380741032244,0.0849467865181596,-0.555555555555556,0.152822232383275
354,8,-0.547357469860456,0.160266143333065,-0.27710843373494,0.506407569961192
355,8,0.653810598959474,0.0786579130901809,0.307692307692308,0.458455990282607
356,8,-0.498660426514467,0.208446604111646,-0.219512195121951,0.601445165632524
357,8,-0.0633441744676282,0.881546999824938,0.333333333333333,0.419753086419753
358,8,-0.336808012112696,0.414618863902726,-0.518987341772152,0.187514534406167
359,8,-0.44430581862239,0.270070367076472,-0.225,0.592147037353515
360,8,-0.750444323791915,0.0319452731279275,-0.620253164556962,0.100875222859378
361,8,-0.287696272056853,0.489595859247592,0.468354430379747,0.241804882823014
362,8,-0.365451547221972,0.373343679450099,-0.0886075949367088,0.834728317893272
363,8,-0.912128578312502,0.00158640050682707,-0.772151898734177,0.0247485870017686
364,8,-0.752558454411597,0.0311943366922681,-0.594936708860759,0.119765536998206
365,8,-0.360017228414807,0.381028045909588,-0.0886075949367088,0.834728317893272
366,8,-0.0932196131183982,0.826223171583319,0.333333333333333,0.419753086419753
367,8,-0.206848278777782,0.623080293960108,0.2,0.63488
368,8,-0.524700079950716,0.181842685822618,-0.575,0.135941126708984
369,8,0.105681524964018,0.8033175886135,0.216216216216216,0.607052378046439
370,8,-0.574189985900903,0.136622581071402,-0.439024390243902,0.276486445900293
371,8,-0.769421230299389,0.025592087575919,-0.609756097560976,0.108484275261192
372,8,-0.257747189413285,0.537701285890576,0.0731707317073171,0.863293782609012
373,8,0.766255488900698,0.0265919633638691,0.463414634146342,0.247482670349255
374,8,-0.252888744406112,0.545661893761104,0.407407407407407,0.316429397723464
375,8,-0.0310381469810692,0.941840839999764,0.215189873417721,0.608801860963225
376,8,-0.756030387248732,0.0299848226706097,-0.62962962962963,0.094345165105607
377,8,-0.622612336488757,0.0992085706006916,-0.468354430379747,0.241804882823014
378,8,-0.603209293588834,0.113390090472962,-0.414634146341463,0.307070866237017
379,8,0.0401409771588866,0.92481647759325,0.365853658536585,0.37277785416078
380,8,-0.128640464463913,0.761446905988399,0.292682926829268,0.481754330094079
381,8,-0.0153981423503353,0.971133046446602,0.175,0.678512669677734
382,8,-0.411143983191241,0.311573875511254,-0.225,0.592147037353515
383,8,-0.0313700658330766,0.941219703529145,0.219512195121951,0.601445165632524
384,8,0.896902020902189,0.0025321518327049,0.925925925925926,0.000960491276443564
385,8,-0.3487255593713,0.397216037262102,-0.325,0.432175440673828
386,8,-0.575172824078358,0.135795977213721,-0.325301204819277,0.431723785085099
387,8,-0.456704957597328,0.25530135253931,-0.620253164556962,0.100875222859378
388,8,-0.940047430595469,0.000514787581761902,-0.917808219178082,0.00130395207243574
389,8,-0.762601695863254,0.0277755573659885,-0.594936708860759,0.119765536998206
390,8,-0.498660426514467,0.208446604111646,-0.219512195121951,0.601445165632524
391,8,-0.479458301333587,0.229286831768358,-0.180722891566265,0.668450469704889
392,8,0.790248555221533,0.0195933518423562,0.560975609756098,0.148007079914522
393,8,-0.466397312920222,0.244046401836631,-0.180722891566265,0.668450469704889
394,8,-0.836728176590935,0.00959219763929298,-0.780487804878049,0.0222809739808402
395,8,0.138053753596958,0.744419337356461,-0.0886075949367088,0.834728317893272
396,8,-0.239168132432452,0.5683672311107,-0.139240506329114,0.742278902896378
397,8,-0.55211659043158,0.155921279710411,-0.382716049382716,0.34939965019076
398,8,-0.243517232354243,0.561134970569432,-0.048780487804878,0.908681575447135
399,8,-0.31714754556773,0.444019543738867,0.162162162162162,0.701234279866665
400,8,-0.453859916632301,0.258653528258867,-0.405405405405405,0.319045565859473
401,8,-0.815958639986417,0.0135123312839207,-0.594936708860759,0.119765536998206
402,8,-0.65711444469817,0.0766426424284803,-0.44578313253012,0.268289002774832
403,8,0.936994492401295,0.000596106656267935,1,0
404,8,-0.146629374964151,0.728985200517205,0.291139240506329,0.484176479990479
405,8,-0.036727047218982,0.93119868669611,0.121951219512195,0.773598436910598
406,8,-0.526036008189185,0.180529737607253,-0.468354430379747,0.241804882823014
407,8,-0.553643005733906,0.154541536645188,-0.342465753424658,0.406316873398979
408,8,-0.465767938790737,0.244769463180401,0.105263157894737,0.804084671089484
409,8,-0.269085037407491,0.519290995192651,0.230769230769231,0.582424123266531
410,8,-0.0205377814902675,0.96150248689282,0.292682926829268,0.481754330094079
411,8,-0.0790181408392565,0.852456554115952,0.367088607594937,0.371042516598345
412,8,-0.671799525939612,0.0680537844396616,-0.240506329113924,0.566138469404116
413,8,-0.297065265628012,0.474904269485964,-0.0975609756097561,0.818230605541778
414,8,-0.409263859485845,0.314012557168007,-0.219512195121951,0.601445165632524
415,8,-0.801697676575967,0.0167105716269761,-0.538461538461539,0.16856229446825
416,8,0.038317498927683,0.92822498219668,0.594936708860759,0.119765536998206
417,8,-0.681236237430662,0.0628496673225027,-0.230769230769231,0.58242412326653
418,8,-0.760356858876993,0.0285185678110797,-0.2,0.63488
419,8,0.891126637557552,0.00296859395040326,0.851851851851852,0.00725239908517074
420,8,-0.275554761200548,0.508892801552029,0.048780487804878,0.908681575447135
421,8,0.00906758138829263,0.982999216806341,0.232876712328767,0.578885910188631
422,8,0.152340001645684,0.718751012472547,0.625,0.0975379943847654
423,8,-0.165711051546075,0.694932983278598,-0.753424657534246,0.0308898246525729
424,8,-0.57795357648816,0.133472365492745,-0.392405063291139,0.336280494675457
425,8,-0.942169428399155,0.000462788773247906,-0.924050632911392,0.00103380815542862
426,8,-0.112256223315261,0.791281136900028,0.414634146341463,0.307070866237017
427,8,-0.498596537314066,0.208514233585244,-0.325,0.432175440673828
428,8,-0.212354498875516,0.613643387604744,0.0731707317073171,0.863293782609012
429,8,-0.293704564208838,0.480153939691776,-0.195121951219512,0.643326273058099
430,8,-0.551778033828662,0.156228213484169,-0.316455696202532,0.445069441835733
431,8,-0.344510933333266,0.403333653777869,-0.121951219512195,0.773598436910597
432,8,-0.0722652686529901,0.864973618061353,0.390243902439024,0.339186635335989
433,8,-0.856364983220484,0.0066331948540561,-0.753086419753086,0.0310085131644479
434,8,-0.639588747654921,0.0876837046148452,-0.407407407407407,0.316429397723464
435,8,0.459670127393241,0.251830987160443,-0.0632911392405063,0.881645645130732
436,8,-0.544605530590615,0.162808261205846,-0.209876543209877,0.617884622686196
437,8,-0.774899135212178,0.0239175632335744,-0.518987341772152,0.187514534406167
438,8,-0.345733129920778,0.401555430130511,-0.538461538461539,0.16856229446825
439,8,0.863311291700652,0.00574802227753151,0.924050632911392,0.00103380815542862
440,8,-0.0509881468780164,0.904562793534013,0.0379746835443038,0.928865891742792
441,8,0.877568166238459,0.00417702462417318,0.925925925925926,0.000960491276443564
442,8,-0.522172665899841,0.184340544924438,-0.317073170731707,0.444132360252344
443,8,-0.317367981263809,0.443685242283958,-0.259259259259259,0.535232404809648
444,8,-0.589484812567181,0.124074986108547,-0.69620253164557,0.0550950655487157
445,8,-0.0267951726387297,0.949783094162896,-0.283950617283951,0.495518316964043
446,8,-0.380834309026199,0.351974360800007,-0.292682926829268,0.48175433009408
447,8,0.308481416553867,0.457243957198341,0.263157894736842,0.528885961344841
448,8,0.835827860114518,0.00974477427656184,0.620253164556962,0.100875222859378
449,8,-0.306280099886803,0.460628318887305,-0.162162162162162,0.701234279866665
450,8,-0.412016632381644,0.310445050815355,-0.185185185185185,0.660634430204336
451,8,-0.905791269618297,0.00194541110485687,-0.594936708860759,0.119765536998206
452,8,-0.555768662686608,0.152631310152473,-0.756756756756757,0.0297354894241181
453,8,-0.557205688118446,0.151347297917228,-0.341463414634146,0.407782409074504
454,8,-0.595149019931968,0.119599449576585,-0.384615384615385,0.346809662449871
455,8,-0.615607512141252,0.104203759369126,-0.341463414634146,0.407782409074504
456,8,-0.611520797127303,0.107182984420646,-0.392405063291139,0.336280494675457
457,8,-0.257747189413285,0.537701285890576,0.0731707317073171,0.863293782609012
458,8,0.608345747077481,0.109530700793954,0.234567901234568,0.576051906571553
459,8,-0.0739019609074603,0.861937516101966,0.0731707317073171,0.863293782609012
460,8,-0.694849003969498,0.0557714264803026,-0.777777777777778,0.023065589595082
461,8,-0.457385797468435,0.254502402803484,-0.291139240506329,0.484176479990479
462,8,-0.880664882007146,0.00387741093229191,-0.605263157894737,0.111837768489366
463,8,-0.636239522784151,0.0898924796914226,-0.923076923076923,0.00107327636125645
464,8,-0.347871892499224,0.398451868148839,0.0617283950617284,0.88455293510991
465,8,-0.682234131334368,0.0623136507456227,-0.481481481481481,0.227042659068039
466,8,0.332814546668186,0.420521958184613,0.105263157894737,0.804084671089484
467,8,-0.0944792123823279,0.823902843561555,0.121951219512195,0.773598436910598
468,8,0.0619247488010961,0.884187581097983,0,1
469,8,-0.470234038109079,0.239662024233294,-0.225,0.592147037353515
470,8,-0.229397583550879,0.584730870724989,-0.048780487804878,0.908681575447135
471,8,-0.312333061063009,0.451346775774865,-0.578947368421053,0.132647361838117
472,8,0.761189862654034,0.0282414436142324,0.615384615384616,0.104365016307875
473,8,-0.556896169629039,0.15162335639869,-0.421686746987952,0.298067492674002
474,8,-0.875623811663546,0.00437254117082094,-0.974683544303797,3.97984255471571e-05
475,8,-0.347871892499224,0.398451868148839,0.0617283950617284,0.88455293510991
476,8,-0.116834600626004,0.782920497772832,0.121951219512195,0.773598436910598
477,8,-0.0798286774103469,0.850955911213932,0.111111111111111,0.793374993649342
478,8,-0.568586926494988,0.141388221160449,-0.27710843373494,0.506407569961192
479,8,-0.747785313520906,0.032905358300011,-0.634146341463415,0.0912890821441658
480,8,-0.191966636975213,0.648807544625369,0.225,0.592147037353516
481,8,0.824962826560372,0.011708552463387,0.620253164556962,0.100875222859378
482,8,-0.412336409625189,0.310031888547922,-0.121951219512195,0.773598436910597
483,8,-0.753133346509234,0.0309920297380353,-0.62962962962963,0.094345165105607
484,8,-0.53129006794565,0.175415484895539,-0.414634146341463,0.307070866237017
485,8,-0.564715866512279,0.144733641010961,-0.4,0.32616
486,8,-0.932915470717085,0.00071729209276357,-0.842105263157895,0.0087124949365918
487,8,-0.11306339519434,0.789805864029132,0.036144578313253,0.932287918005115
488,8,-0.15150426751677,0.720246514700418,0.0886075949367088,0.834728317893272
489,8,-0.525027146352208,0.181520774845517,-0.414634146341463,0.307070866237017
490,8,0.840110945397143,0.00903250340950207,0.802469135802469,0.016526566994929
491,8,-0.568945581556922,0.141080455478471,-0.2,0.63488
492,8,-0.593494776514878,0.120896974977976,-0.414634146341463,0.307070866237017
493,8,-0.327608054693502,0.428271244547999,-0.162162162162162,0.701234279866665
494,8,-0.862509816674463,0.0058460353929868,-0.902439024390244,0.00215494723497797
495,8,-0.87774801071264,0.00415923028037607,-0.780487804878049,0.0222809739808402
496,8,-0.573724485793951,0.137015057248931,-0.105263157894737,0.804084671089484
497,8,0.00613664782293929,0.988494074199505,0.308641975308642,0.456997506224647
498,8,-0.626248016343826,0.0966712764414716,-0.594936708860759,0.119765536998206
499,8,-0.879600293516112,0.00397879375774131,-0.802469135802469,0.016526566994929
500,8,-0.893991478273126,0.00274648798658613,-0.620253164556962,0.100875222859378
501,8,-0.77637576095164,0.0234781411890916,-0.810810810810811,0.0146177229257338
502,8,-0.374387762500959,0.36086029402276,0.0617283950617284,0.88455293510991
503,8,-0.292756686365666,0.481638715875377,-0.036144578313253,0.932287918005115
504,8,-0.336808012112696,0.414618863902726,-0.518987341772152,0.187514534406167
505,8,-0.706734641299549,0.0499998869958016,-0.390243902439024,0.339186635335989
506,8,-0.38868868703168,0.341285125855525,0.0886075949367088,0.834728317893272
507,8,-0.624925929757342,0.0975895742600297,-0.414634146341463,0.307070866237017
508,8,-0.0262301246376172,0.950841070192784,0.170731707317073,0.68604453895394
509,8,-0.552477053926493,0.15559484791744,-0.102564102564103,0.809036692029818
510,8,-0.728903925251528,0.0402309978654408,-0.468354430379747,0.241804882823014
511,8,-0.507590281252673,0.199107026169142,-0.048780487804878,0.908681575447135
512,8,-0.0475350764289596,0.911005902525382,0.292682926829268,0.481754330094079
513,8,0.83650510297311,0.00962985953736631,0.589041095890411,0.124429494317035
514,8,-0.170654135754961,0.686181633613774,0.132530120481928,0.75440042927224
515,8,-0.493141198943629,0.214331193271363,-0.265822784810127,0.52456393016539
516,8,-0.43369098181481,0.283040909437541,-0.317073170731707,0.444132360252344
517,8,0.0711077295773726,0.867121753642407,0.292682926829268,0.481754330094079
518,8,-0.138997609903591,0.7427168753684,-0.048780487804878,0.908681575447135
519,8,0.109041756117288,0.797161573734514,0.234567901234568,0.576051906571553
520,8,-0.636069249249853,0.0900056236251005,-0.463414634146342,0.247482670349255
521,8,-0.324247129260231,0.433305232468464,0.0120481927710843,0.977411824587767
522,8,-0.783910801522452,0.0213139360321673,-0.594936708860759,0.119765536998206
523,8,-0.64342553598229,0.0851924598241606,-0.209876543209877,0.617884622686196
524,8,-0.64673523050615,0.0830769063066001,-0.268292682926829,0.520569891636616
525,8,-0.0549431830251915,0.897188668966969,0.538461538461539,0.16856229446825
526,8,-0.646579556496404,0.0831757197193459,-0.538461538461539,0.16856229446825
527,8,-0.597216447005742,0.11798892814973,-0.292682926829268,0.48175433009408
528,8,-0.183554501199597,0.663487629604943,0.125,0.768054962158203
529,8,-0.671717556666529,0.0681000636911118,-0.7,0.0532237499999999
530,8,0.846595906101944,0.00801857093374776,0.62962962962963,0.0943451651056068
531,8,-0.325575242481191,0.431313038501765,-0.234567901234568,0.576051906571553
532,8,-0.658289480373198,0.0759332702713873,-0.544303797468354,0.163088312636417
533,8,-0.851396089384869,0.00731690107942492,-0.804878048780488,0.0159601987985089
534,8,-0.380962823479326,0.351798244148125,-0.392405063291139,0.336280494675457
535,8,0.0683032895474506,0.87232909713728,0.439024390243902,0.276486445900293
536,8,-0.105445384977067,0.803750538093701,0.259259259259259,0.535232404809648
537,8,0.0296504581857572,0.944437966296029,-0.392405063291139,0.336280494675457
538,8,-0.634005132474541,0.0913837473520574,-0.589041095890411,0.124429494317035
539,8,-0.753133346509234,0.0309920297380353,-0.62962962962963,0.094345165105607
540,8,-0.762601695863254,0.0277755573659886,-0.594936708860759,0.119765536998206
541,8,-0.815699623879677,0.0135666463003773,-0.804878048780488,0.0159601987985089
542,8,-0.835305856748274,0.00983393917861012,-0.615384615384616,0.104365016307875
543,8,-0.611914019510643,0.106894240306746,0.232876712328767,0.578885910188631
544,8,-0.821990478632411,0.0122859993222178,-0.682926829268293,0.0619431712593441
545,8,-0.304370221493232,0.463572790105558,-0.0886075949367088,0.834728317893272
546,8,-0.739152270781739,0.0361434689290598,-0.837837837837838,0.00940624141192286
547,8,-0.323386587008651,0.434598111575827,0,1
548,8,-0.942169428399156,0.000462788773247899,-0.924050632911392,0.00103380815542862
549,8,-0.8440538719624,0.0084068784245719,-0.594936708860759,0.119765536998206
550,8,-0.670035102294709,0.0690540708928431,-0.375,0.360012054443359
551,8,-0.626344263202679,0.0966046199781123,-0.333333333333333,0.419753086419753
552,8,-0.626069999289127,0.0967946331418677,-0.162162162162162,0.701234279866665
553,8,-0.433911983025795,0.282767815896189,-0.0975609756097561,0.818230605541778
554,8,0.694572127970457,0.0559103901306505,0.726027397260274,0.0414264515948148
555,8,-0.423492815858402,0.295782610985101,-0.139240506329114,0.742278902896378
556,8,-0.0573448446658573,0.892713901929718,0.111111111111111,0.793374993649342
557,8,-0.972717730291306,4.97338890914156e-05,-0.923076923076923,0.00107327636125645
558,8,0.287172632399368,0.490422151497284,-0.5,0.20703125
559,8,-0.229932717106617,0.583830552050879,-0.230769230769231,0.58242412326653
560,8,-0.455049991106401,0.257248655040087,-0.0617283950617284,0.88455293510991
561,8,-0.365439553391626,0.373360562299024,-0.0617283950617284,0.88455293510991
562,8,-0.803208345609062,0.0163514508392046,-0.710843373493976,0.0480922136045092
563,8,-0.307639611089067,0.458536976087319,-0.215189873417721,0.608801860963226
564,8,0.914958541876167,0.00144116079947567,0.974683544303797,3.97984255471566e-05
565,8,-0.616869184035813,0.103293674893572,-0.0886075949367088,0.834728317893272
566,8,0.168754780671936,0.68954074871153,0.282051282051282,0.498531973667064
567,8,0.110283702731206,0.794888595922959,0.62962962962963,0.0943451651056068
568,8,-0.423566778445483,0.295689221019012,-0.0632911392405063,0.881645645130732
569,8,-0.474686998704747,0.234624158458765,-0.341463414634146,0.407782409074504
570,8,-0.324307095070673,0.433215199828579,-0.075,0.859901453857422
571,8,0.140473242456031,0.740057059837239,0.828571428571429,0.0110309466293806
572,8,-0.433313599792715,0.283507542569132,-0.316455696202532,0.445069441835733
573,8,-0.234039277923415,0.576937235734227,-0.048780487804878,0.908681575447135
574,8,-0.483592958522313,0.224712653731142,-0.121951219512195,0.773598436910597
575,8,-0.49209675848913,0.215454378220163,-0.283950617283951,0.495518316964043
576,8,-0.112429887122966,0.79096368466086,0.036144578313253,0.932287918005115
577,8,-0.122190067550503,0.773163844147874,0.292682926829268,0.481754330094079
578,8,-0.641399562320731,0.086502740451995,-0.439024390243902,0.276486445900293
579,8,-0.827962700694777,0.011143461832496,-0.351351351351351,0.393425255498471
580,8,-0.46107372351306,0.250196583334323,-0.475,0.234272098388671
581,8,0.96547142618842,0.000100267638918163,1,0
582,8,-0.195116110985531,0.643336405570895,-0.240506329113924,0.566138469404116
583,8,-0.457490222472481,0.254379973695135,-0.382716049382716,0.34939965019076
584,8,-0.116834600626004,0.782920497772832,0.121951219512195,0.773598436910598
585,8,0.133557668636113,0.752541379277707,0.555555555555556,0.152822232383275
586,8,-0.416429285762796,0.304766983347021,-0.0731707317073171,0.863293782609012
587,8,-0.584621084069318,0.127991884475552,-0.594936708860759,0.119765536998206
588,8,-0.763057891850153,0.0276260392476303,-0.62962962962963,0.094345165105607
589,8,-0.184313573207061,0.662159043367474,-0.230769230769231,0.58242412326653
590,8,-0.222860901767784,0.59576568631818,0.0617283950617284,0.88455293510991
591,8,-0.318437432744985,0.442064844505872,0.0731707317073171,0.863293782609012
592,8,-0.0748775648886799,0.860128448529191,0.175,0.678512669677734
593,8,-0.0739019609074603,0.861937516101966,0.0731707317073171,0.863293782609012
594,8,0.86046159347134,0.00610136005048784,0.925925925925926,0.000960491276443564
595,8,-0.584621084069318,0.127991884475552,-0.594936708860759,0.119765536998206
596,8,0.763879765381171,0.0273579256647282,0.585365853658537,0.127387674311883
597,8,-0.2166323936549,0.60634343412279,0.175,0.678512669677734
598,8,-0.646902664281478,0.0829707047586553,-0.307692307692308,0.458455990282607
599,8,-0.44236325876264,0.272421613075645,-0.214285714285714,0.610344415645267
600,8,-0.19547569768974,0.642712630269634,-0.215189873417721,0.608801860963226
601,8,-0.324247129260231,0.433305232468464,0.0120481927710843,0.977411824587767
602,8,-0.576718067605687,0.134502007755389,-0.463414634146342,0.247482670349255
603,8,-0.526036008189185,0.180529737607253,-0.468354430379747,0.241804882823014
604,8,-0.527851239842382,0.178753892601643,-0.291139240506329,0.484176479990479
605,8,-0.16253831920037,0.700565675189719,-0.108433734939759,0.798274813332511
606,8,-0.845900230875514,0.00812367743457445,-0.780487804878049,0.0222809739808402
607,8,-0.16253831920037,0.700565675189719,-0.108433734939759,0.798274813332511
608,8,0.767991895645129,0.0260405995813616,0.463414634146342,0.247482670349255
609,8,-0.180943722630647,0.668063048671813,0.291139240506329,0.484176479990479
610,8,-0.0739019609074603,0.861937516101966,0.0731707317073171,0.863293782609012
611,8,-0.404878432957129,0.319735895114641,-0.0602409638554217,0.887321161362284
612,8,-0.635013663358783,0.0907088809775842,-0.397590361445783,0.32935525869871
613,8,-0.391186453875585,0.337917747041609,0.125,0.768054962158203
614,8,0.182567954204737,0.665215505086288,0.555555555555556,0.152822232383275
615,8,-0.54176822560259,0.165452017042366,-0.45679012345679,0.255201343606103
616,8,-0.766208767233938,0.026606897661687,-0.924050632911392,0.00103380815542862
617,8,0.894468316467332,0.00271059875947713,0.848101265822785,0.00779410868380385
618,8,-0.854140448748032,0.00693399174542815,-0.923076923076923,0.00107327636125645
619,8,-0.635477367531096,0.0903995599112272,-0.390243902439024,0.339186635335989
620,8,-0.0748775648886798,0.860128448529191,0.175,0.678512669677734
621,8,-0.7883637714161,0.0200956219877692,-0.780487804878049,0.0222809739808402
622,8,-0.373230056973817,0.362466738529726,-0.108433734939759,0.798274813332511
623,8,0.0113427737610361,0.978734123308206,0.121951219512195,0.773598436910598
624,8,0.0245633984853255,0.953962150218582,0.132530120481928,0.75440042927224
625,8,-0.300065606915247,0.470236887369534,-0.544303797468354,0.163088312636417
626,8,-0.621266130871126,0.100157655592095,-0.594936708860759,0.119765536998206
627,8,-0.311113025027924,0.453211371104965,-0.0886075949367088,0.834728317893272
628,8,-0.12935772081472,0.76014643688571,0.121951219512195,0.773598436910598
629,8,-0.999334419751624,7.36757331733959e-10,-1,2.18952885050755e-46
630,8,-0.582919412544826,0.129378409189016,-0.405405405405405,0.319045565859473
631,8,-0.324971772138217,0.43221777839377,-0.113924050632911,0.788233439851227
632,8,-0.48353200999279,0.224779736619833,-0.670886075949367,0.0685705618098423
633,8,0.411173677344149,0.311535432239516,-0.307692307692308,0.458455990282607
634,8,-0.614012225602403,0.105361025197654,-0.392405063291139,0.336280494675457
635,8,-0.381247635485031,0.351408080570195,-0.048780487804878,0.908681575447135
636,8,-0.897248103248157,0.00250741231109899,-0.925925925925926,0.000960491276443552
637,8,-0.403678117814128,0.321310928311957,-0.0731707317073171,0.863293782609012
638,8,-0.103244127237391,0.807788506473374,0.468354430379747,0.241804882823014
639,8,-0.812041486713321,0.0143484764098685,-0.848101265822785,0.00779410868380387
640,8,0.151158715975538,0.720865087814455,0.670886075949367,0.0685705618098423
641,8,-0.705459349521332,0.050601097489228,-0.7,0.0532237499999999
642,8,-0.89039681929908,0.00302697077791886,-0.925925925925926,0.000960491276443552
643,8,-0.515426245457861,0.191097119478985,-0.341463414634146,0.407782409074504
644,8,0.934844797127089,0.00065814183368149,0.842105263157895,0.0087124949365918
645,8,-0.790612568276363,0.019497259417153,-0.79746835443038,0.0177421304392542
646,8,0.879215250989296,0.0040158781289704,0.8,0.01712
647,8,-0.346204454500573,0.400870591465739,-0.468354430379747,0.241804882823014
648,8,-0.246174416787113,0.556732211836158,0.259259259259259,0.535232404809648
649,8,-0.491288725693778,0.216325425266032,-0.105263157894737,0.804084671089484
650,8,0.18385352187538,0.662964168945647,0.265822784810127,0.52456393016539
651,8,0.142730678502541,0.735992409299909,0.24390243902439,0.560495956966516
652,8,-0.589836964710851,0.123794037804417,-0.341463414634146,0.407782409074504
653,8,-0.759770895291619,0.0287145064717555,-0.746835443037975,0.0332525591774179
654,8,-0.373000711783645,0.362785363784336,-0.721518987341772,0.0433430021118049
655,8,-0.284462083595462,0.494707983830376,0.232876712328767,0.578885910188631
656,8,-0.129779049331823,0.759382747974311,0.333333333333333,0.419753086419753
657,8,-0.13616280384655,0.747832816503262,0.382716049382716,0.34939965019076
658,8,0.854892500822564,0.00683134649027261,0.848101265822785,0.00779410868380385
659,8,-0.304618331777701,0.463189849158326,-0.875,0.00443649291992187
660,8,-0.608119385019631,0.1096991850307,-0.234567901234568,0.576051906571553
661,8,-0.853850927696629,0.00697376858925948,-0.902439024390244,0.00215494723497797
662,8,0.719139904504596,0.0443755936285952,0.407407407407407,0.316429397723464
663,8,-0.351348100572502,0.393429938727803,-0.234567901234568,0.576051906571553
664,8,-0.55547029142966,0.152898656977257,-0.27710843373494,0.506407569961192
665,8,-0.445184311869489,0.269010364410234,-0.301204819277108,0.468469529828103
666,8,-0.318131655867574,0.442527897299881,0.4,0.32616
667,8,-0.0169317553651666,0.968259025754852,0.139240506329114,0.742278902896378
668,8,0.00888508036786573,0.983341351076471,0.0602409638554217,0.887321161362285
669,8,-0.612999985877543,0.106099118347799,-0.392405063291139,0.336280494675457
670,8,-0.604654562646353,0.112296482807589,-0.72972972972973,0.0398917240906802
671,8,0.0858233272490242,0.839869695393371,0.259259259259259,0.535232404809648
672,8,-0.491343157729241,0.216266691016711,-0.24390243902439,0.560495956966516
673,8,-0.750355182150281,0.0319771772214954,-0.230769230769231,0.58242412326653
674,8,-0.474850306679765,0.234440437908918,-0.605263157894737,0.111837768489366
675,8,-0.697004444425077,0.0546966737725564,-0.65,0.0810203515625
676,8,-0.464780598937517,0.245905959180108,-0.228915662650602,0.585542062912906
677,8,-0.575381322064373,0.135620981081002,-0.560975609756098,0.148007079914522
678,8,-0.840696585367287,0.00893776985962027,-0.772151898734177,0.0247485870017686
679,8,-0.539920426408344,0.167186194045792,-0.121951219512195,0.773598436910597
680,8,-0.988809760016144,3.47381079506175e-06,-1,0
681,8,-0.237516407965253,0.571122346503109,-0.048780487804878,0.908681575447135
682,8,-0.166243536444465,0.693988825702133,-0.291139240506329,0.484176479990479
683,8,-0.376953464513702,0.357311640576523,0.150684931506849,0.72171342613154
684,8,-0.846737519450787,0.00799728192598464,-0.775,0.0238873864746094
685,8,-0.409263859485845,0.314012557168007,-0.219512195121951,0.601445165632524
686,8,-0.959309591129161,0.00016333048348841,-1,0
687,8,0.0430627631089134,0.91935708320833,0.555555555555556,0.152822232383275
688,8,0.766255488900698,0.0265919633638691,0.463414634146342,0.247482670349255
689,8,-0.933720720134023,0.000692198729711032,-0.53125,0.175454188138247
690,8,0.227016095958559,0.588743177063229,0.670886075949367,0.0685705618098423
691,8,-0.756030387248732,0.0299848226706097,-0.62962962962963,0.094345165105607
692,8,-0.0615900726377648,0.884810321342852,0.0886075949367088,0.834728317893272
693,8,-0.112799540296259,0.790288053384447,-0.111111111111111,0.793374993649342
694,8,-0.514398034143352,0.192138235969756,-0.439024390243902,0.276486445900293
695,8,-0.517684493103344,0.188821064620001,-0.594936708860759,0.119765536998206
696,8,-0.468736982332638,0.241367966303545,-0.162162162162162,0.701234279866665
697,8,-0.486389328402108,0.221645943620072,-0.468354430379747,0.241804882823014
698,8,-0.176421181935621,0.676009956329996,-0.259259259259259,0.535232404809648
699,8,-0.751013034401908,0.0317421894547675,-0.746835443037975,0.0332525591774179
700,8,-0.346451812384673,0.400511381435214,-0.0617283950617284,0.88455293510991
701,8,-0.797674319528997,0.0176909962694062,-0.89873417721519,0.00240296148046002
702,8,0.767991895645128,0.0260405995813616,0.463414634146342,0.247482670349255
703,8,-0.926214162658127,0.000949533154988932,-1,0
704,8,-0.568586926494988,0.141388221160449,-0.27710843373494,0.506407569961192
705,8,-0.898110011483184,0.00244648122517329,-0.615384615384616,0.104365016307875
706,8,0.0665210275121929,0.875640533307963,0.24390243902439,0.560495956966516
707,8,-0.462979273672818,0.247986270418082,-0.139240506329114,0.742278902896378
708,8,-0.328668796116956,0.426687602507687,0,1
709,8,-0.451465127462532,0.261492154035101,-0.578947368421053,0.132647361838117
710,8,-0.551910525803274,0.156108057608699,-0.487804878048781,0.220101844181823
711,8,-0.624572928742129,0.097835606907374,-0.45,0.2632364453125
712,8,-0.429005121571889,0.288861581194466,-0.0617283950617284,0.88455293510991
713,8,-0.56589483180114,0.143710185396985,-0.0410958904109589,0.923031918656945
714,8,-0.28678654812366,0.491031731369779,-0.139240506329114,0.742278902896378
715,8,-0.313670547879329,0.449306294995965,0.265822784810127,0.52456393016539
716,8,-0.749981251626861,0.032111221162135,-0.615384615384616,0.104365016307875
717,8,-0.787691735614336,0.0202766310817944,-0.670886075949367,0.0685705618098423
718,8,-0.508332168104949,0.198341221629083,-0.555555555555556,0.152822232383275
719,8,-0.457299782002764,0.254603270570241,-0.301204819277108,0.468469529828103
720,8,-0.920068958802703,0.00120138080254292,-0.974683544303797,3.97984255471571e-05
721,8,-0.453194156340317,0.259441122860599,-0.45679012345679,0.255201343606103
722,8,-0.07226526865299,0.864973618061353,0.390243902439024,0.339186635335989
723,8,-0.918813879007626,0.0012576477397891,-0.794871794871795,0.0183947102705782
724,8,-0.282921767098151,0.497149909258974,0.0617283950617284,0.88455293510991
725,8,-0.355350016489094,0.387683116489529,-0.215189873417721,0.608801860963226
726,8,-0.769421230299389,0.0255920875759189,-0.609756097560976,0.108484275261192
727,8,-0.641702589018112,0.0863060218034642,-0.69620253164557,0.0550950655487157
728,8,0.070390010391374,0.868454038942625,0.225,0.592147037353516
729,8,-0.707858169638418,0.0494737977187067,-0.542168674698795,0.165077483817168
730,8,-0.574233222079664,0.13658615918483,-0.291139240506329,0.484176479990479
731,8,-0.29981870919264,0.470620271611948,0.0769230769230769,0.856337178454751
732,8,-0.184190586511401,0.662374251989583,0.048780487804878,0.908681575447135
733,8,-0.885095941483092,0.00347334474194763,-0.972972972972973,4.83603783960581e-05
734,8,-0.211813258773674,0.614568973103671,0.105263157894737,0.804084671089484
735,8,-0.226087018752832,0.590310965198819,0.209876543209877,0.617884622686196
736,8,-0.413540893668672,0.308478014421733,-0.439024390243902,0.276486445900293
737,8,-0.700463506681454,0.0529979911416916,-0.594936708860759,0.119765536998206
738,8,-0.574935210616115,0.13599556349006,-0.518072289156627,0.188431668335035
739,8,-0.105489939185631,0.803668847099516,-0.615384615384616,0.104365016307875
740,8,-0.530381519554037,0.176294216561902,-0.487804878048781,0.220101844181823
741,8,-0.543719206891079,0.163631640422522,-0.292682926829268,0.48175433009408
742,8,-0.218437762116665,0.603271162428272,-0.24390243902439,0.560495956966516
743,8,0.697365954393525,0.0545176403006835,0.615384615384616,0.104365016307875
744,8,0.0385501568301169,0.927790036454462,0.150684931506849,0.72171342613154
745,8,-0.832964558803178,0.0102402269312435,-0.974683544303797,3.97984255471571e-05
746,8,-0.628644919694735,0.0950191518568084,-0.316455696202532,0.445069441835733
747,8,0.0116417086334094,0.978173768474109,0.24390243902439,0.560495956966516
748,8,-0.821990478632411,0.0122859993222178,-0.682926829268293,0.0619431712593441
749,8,-0.415137572094469,0.306423931177074,-0.102564102564103,0.809036692029818
750,8,-0.117377111693506,0.781930997808488,0.392405063291139,0.336280494675457
751,8,-0.947984119266653,0.000338258919138255,-0.974683544303797,3.97984255471571e-05
752,8,-0.390046592640825,0.339452538255679,0.027027027027027,0.949348996625618
753,8,-0.653326576412157,0.0789557275877416,-0.594936708860759,0.119765536998206
754,8,-0.453194156340317,0.259441122860599,-0.45679012345679,0.255201343606103
755,8,-0.232061003468066,0.580254522136231,-0.230769230769231,0.58242412326653
756,8,0.946277340937517,0.000372175251947849,1,0
757,8,-0.162540555188008,0.700561701309352,0.463414634146342,0.247482670349255
758,8,0.0712013014313437,0.866948078485475,0.405405405405405,0.319045565859473
759,8,-0.141156225256999,0.738826748882106,-0.075,0.859901453857422
760,8,0.154876115132526,0.714217559616636,0.308641975308642,0.456997506224647
761,8,-0.297876478321147,0.473640523258743,0.139240506329114,0.742278902896378
762,8,-0.591650436593802,0.122352907353664,-0.268292682926829,0.520569891636616
763,8,0.891126637557552,0.00296859395040326,0.851851851851852,0.00725239908517074
764,8,-0.418489628711335,0.302132993014608,-0.301204819277108,0.468469529828103
765,8,-0.471861559992304,0.237814396684407,0.0617283950617284,0.88455293510991
766,8,-0.338902531825816,0.411537027519222,-0.365853658536585,0.372777854160779
767,8,-0.323485386362309,0.434449593593011,0,1
768,8,-0.743879498942004,0.0343473478097363,-0.268292682926829,0.520569891636616
769,8,-0.603820178116834,0.112927112406906,-0.594936708860759,0.119765536998206
770,8,-0.748642971127839,0.0325937799113633,-0.753424657534246,0.0308898246525729
771,8,-0.817171579449782,0.0132598046537692,-0.753086419753086,0.0310085131644479
772,8,-0.446195359224285,0.267792977402147,-0.0602409638554217,0.887321161362284
773,8,-0.819646485659176,0.0127538218394156,-0.925925925925926,0.000960491276443552
774,8,-0.0189113709292467,0.964549632927783,0.594936708860759,0.119765536998206
775,8,-0.575381322064373,0.135620981081002,-0.560975609756098,0.148007079914522
776,8,-0.515642748671156,0.190878281353629,-0.69620253164557,0.0550950655487157
777,8,-0.56048458806343,0.14843981335081,0.111111111111111,0.793374993649342
778,8,-0.778357067398833,0.0228964537294397,-0.615384615384616,0.104365016307875
779,8,-0.608119385019631,0.1096991850307,-0.234567901234568,0.576051906571553
780,8,-0.309291592049238,0.4560009230461,-0.048780487804878,0.908681575447135
781,8,-0.836728176590935,0.00959219763929298,-0.780487804878049,0.0222809739808402
782,8,-0.943110769336696,0.000440872923793833,-0.925925925925926,0.000960491276443552
783,8,-0.710895177623412,0.0480684458695798,-0.468354430379747,0.241804882823014
784,8,-0.55547029142966,0.152898656977257,-0.27710843373494,0.506407569961192
785,8,-0.551281865176657,0.156678633631647,-0.414634146341463,0.307070866237017
786,8,0.819050535985355,0.012874527042474,0.62962962962963,0.0943451651056068
787,8,0.788604723491587,0.0200309691426405,0.973684210526316,4.46660881693344e-05
788,8,-0.622644235610394,0.0991861443449565,-0.382716049382716,0.34939965019076
789,8,-0.270263559965151,0.517390980732917,-0.0617283950617284,0.88455293510991
790,8,-0.508332168104949,0.198341221629083,-0.555555555555556,0.152822232383275
791,8,-0.345733129920778,0.401555430130511,-0.538461538461539,0.16856229446825
792,8,-0.619752930148887,0.101230663211878,-0.555555555555556,0.152822232383275
793,8,-0.361831151368112,0.378455325793938,0,1
794,8,-0.157518880627908,0.709501219941865,0.215189873417721,0.608801860963225
795,8,-0.527776658574742,0.178826670293969,-0.292682926829268,0.48175433009408
796,8,-0.525822069730796,0.180739653594628,-0.215189873417721,0.608801860963226
797,8,0.350470406674876,0.394695279475471,0.835616438356164,0.00978082574112047
798,8,-0.556896169629039,0.15162335639869,-0.421686746987952,0.298067492674002
799,8,0.00872306192502163,0.983645088563601,0.243243243243243,0.561589642194777
800,8,-0.736691211513277,0.037100766828059,-0.620253164556962,0.100875222859378
801,8,0.102900019615273,0.808420072016919,0.560975609756098,0.148007079914522
802,8,-0.020062562423191,0.962392788375126,0.170731707317073,0.68604453895394
803,8,-0.838934667715949,0.00922470164828209,-0.62962962962963,0.094345165105607
804,8,-0.725713235149249,0.0415583026306077,-0.469879518072289,0.240065454942806
805,8,-0.310811279222501,0.453673016992186,-0.0617283950617284,0.88455293510991
806,8,-0.179507566594479,0.670583750676403,-0.259259259259259,0.535232404809648
807,8,-0.167087774329703,0.692492598839528,0.390243902439024,0.339186635335989
808,8,-0.385926530913673,0.345026917349644,-0.544303797468354,0.163088312636417
809,8,0.855708550973144,0.00672107039978347,0.753086419753086,0.0310085131644479
810,8,-0.254089102028386,0.543691171855574,0,1
811,8,-0.361831151368112,0.378455325793938,0,1
812,8,-0.530731812928336,0.175955139531226,-0.139240506329114,0.742278902896378
813,8,-0.616719670550318,0.103401285450256,-0.268292682926829,0.520569891636616
814,8,-0.196341045084361,0.64121225946753,-0.315068493150685,0.447177633966065
815,8,-0.635013663358783,0.0907088809775841,-0.397590361445783,0.32935525869871
816,8,-0.701574088628912,0.052459401446877,-0.463414634146342,0.247482670349255
817,8,-0.323485386362308,0.434449593593011,0,1
818,8,-0.379274239369383,0.354115499488409,-0.108433734939759,0.798274813332511
819,8,-0.171160322757568,0.685287168359213,-0.468354430379747,0.241804882823014
820,8,-0.543284530324141,0.164036272049043,-0.0886075949367088,0.834728317893272
821,8,-0.707858169638418,0.0494737977187067,-0.542168674698795,0.165077483817168
822,8,-0.536578409144366,0.170347584761795,-0.075,0.859901453857422
823,8,-0.434997613496431,0.281428165060605,-0.625,0.0975379943847655
824,8,-0.523467347001442,0.18305872906399,-0.414634146341463,0.307070866237017
825,8,-0.841946261986996,0.00873773936571738,-0.772151898734177,0.0247485870017686
826,8,0.83380530052772,0.0100931311072871,0.62962962962963,0.0943451651056068
827,8,-0.446195359224285,0.267792977402147,-0.0602409638554217,0.887321161362284
828,8,-0.641403557386177,0.0865001452471334,-0.525,0.181547481689453
829,8,-0.496124494673959,0.211139799852581,-0.240506329113924,0.566138469404116
830,8,-0.5954316547177,0.119378550702807,-0.283950617283951,0.495518316964043
831,8,-0.912617872942631,0.00156063779324337,-0.923076923076923,0.00107327636125645
832,8,-0.667476196804435,0.0705200862035322,-0.609756097560976,0.108484275261192
833,8,0.853889642677807,0.00696844117968946,0.721518987341772,0.043343002111805
834,8,0.304183015628729,0.463861813724934,0.150684931506849,0.72171342613154
835,8,0.0760297126266529,0.857992699970046,0.215189873417721,0.608801860963225
836,8,0.0711077295773726,0.867121753642407,0.292682926829268,0.481754330094079
837,8,-0.291546421999165,0.483537121004943,-0.0731707317073171,0.863293782609012
838,8,-0.840402461638613,0.00898526816049764,-0.924050632911392,0.00103380815542862
839,8,-0.790498847936361,0.0195272477387595,-0.710843373493976,0.0480922136045092
840,8,-0.550980764625314,0.156952317102886,-0.609756097560976,0.108484275261192
841,8,0.0115813300359528,0.978286947818748,0.365853658536585,0.37277785416078
842,8,-0.105445384977067,0.8037505380937,0.259259259259259,0.535232404809648
843,8,0.0900320312557579,0.832099946410413,0.615384615384616,0.104365016307875
844,8,-0.723088634641824,0.042669772585995,-0.620253164556962,0.100875222859378
845,8,-0.94411502912822,0.000418255841414912,-0.923076923076923,0.00107327636125645
846,8,0.241125721634036,0.565107902824422,0.291139240506329,0.484176479990479
847,8,-0.758255069224636,0.0292252192230412,-0.79746835443038,0.0177421304392542
848,8,-0.576718067605687,0.13450200775539,-0.463414634146342,0.247482670349255
849,8,-0.657114444698171,0.0766426424284801,-0.44578313253012,0.268289002774832
850,8,0.0828673067791362,0.845333645682722,0,1
851,8,-0.426797905305372,0.291623329063461,-0.0731707317073171,0.863293782609012
852,8,-0.466699066001196,0.243700114951045,-0.365853658536585,0.372777854160779
853,8,-0.817171579449782,0.0132598046537692,-0.753086419753086,0.0310085131644479
854,8,-0.383087726103123,0.348892124770592,-0.102564102564103,0.809036692029818
855,8,-0.661066268188583,0.074272259378154,-0.555555555555556,0.152822232383275
856,8,0.768296837242736,0.0259445072516246,0.555555555555556,0.152822232383275
857,8,-0.739152270781739,0.0361434689290598,-0.837837837837838,0.00940624141192286
858,8,0.0310763848797479,0.941769282182465,0.34375,0.404442485421896
859,8,0.072543617676667,0.864457171372196,0.24390243902439,0.560495956966516
860,8,-0.630832850427569,0.0935253696364681,-0.268292682926829,0.520569891636616
861,8,0.71338937227173,0.0469324727344926,0.432432432432432,0.284598569995075
862,8,-0.899032594956691,0.00238233297398827,-0.918918918918919,0.00125287413292553
863,8,0.169922362767702,0.687475286550343,-0.0617283950617284,0.88455293510991
864,8,-0.466404242290543,0.244038447008805,-0.048780487804878,0.908681575447135
865,8,0.406586727330297,0.317500609143859,0.232876712328767,0.578885910188631
866,8,-0.567663681327679,0.142182175185372,-0.414634146341463,0.307070866237017
867,8,-0.6884468032295,0.0590376737860432,-0.45,0.2632364453125
868,8,-0.3074655564602,0.458804509957607,0.15,0.7229402734375
869,8,-0.222675258318929,0.596080077488544,-0.2,0.63488
870,8,0.807958826459965,0.0152538297362837,0.518987341772152,0.187514534406167
871,8,-0.806972308786851,0.015477837763478,-0.842105263157895,0.0087124949365918
872,8,-0.503597326971864,0.203255406545324,-0.234567901234568,0.576051906571553
873,8,-0.212515283068776,0.613368513132763,-0.0731707317073171,0.863293782609012
874,8,-0.871643758992979,0.00479089894239434,-0.34375,0.404442485421896
875,8,-0.135925217759143,0.74826195336985,0.204819277108434,0.626569134387071
876,8,-0.0800315862254589,0.850580302968283,0.268292682926829,0.520569891636616
877,8,-0.348143188964238,0.39805893814578,-0.036144578313253,0.932287918005115
878,8,-0.853850927696628,0.00697376858925952,-0.902439024390244,0.00215494723497797
879,8,0.0278298567148765,0.947845955211639,-0.0886075949367088,0.834728317893272
880,8,-0.849106919856386,0.0076464132577115,-0.878048780487805,0.00412958042703296
881,8,-0.0798286774103469,0.850955911213932,0.111111111111111,0.793374993649342
882,8,-0.771186187272054,0.0250448952696292,-0.804878048780488,0.0159601987985089
883,8,0.066521027512193,0.875640533307963,0.24390243902439,0.560495956966516
884,8,0.623970780800291,0.0982561101851422,0.289473684210526,0.486795192697768
885,8,-0.236238178922128,0.573257611735049,-0.292682926829268,0.48175433009408
886,8,-0.860345076941666,0.00611609515208225,-0.842105263157895,0.0087124949365918
887,8,-0.572980711650333,0.137643452190423,-0.3,0.47033875
888,8,0.768071124339072,0.026015612141411,0.615384615384616,0.104365016307875
889,8,-0.50935505471585,0.197287910223879,-0.307692307692308,0.458455990282607
890,8,-0.315774398482985,0.446104326577121,-0.34375,0.404442485421896
891,8,-0.129779049331823,0.759382747974311,0.333333333333333,0.419753086419753
892,8,-0.449883661109014,0.263375199017371,-0.518987341772152,0.187514534406167
893,8,-0.097270431803426,0.818765084700482,0.048780487804878,0.908681575447135
894,8,-0.621545598316132,0.0999602025894132,-0.414634146341463,0.307070866237017
895,8,-0.60186877774571,0.114409806980505,-0.414634146341463,0.307070866237017
896,8,-0.635001091272018,0.0907172758915135,-0.307692307692308,0.458455990282607
897,8,-0.603209293588834,0.113390090472962,-0.414634146341463,0.307070866237017
898,8,-0.212515283068776,0.613368513132763,-0.0731707317073171,0.863293782609012
899,8,-0.7864093128847,0.0206248561221756,-0.620253164556962,0.100875222859378
900,8,-0.210182209890264,0.617360946195976,0.0886075949367088,0.834728317893272
901,8,-0.644805030840156,0.0843069269980554,-0.609756097560976,0.108484275261192
902,8,0.0593263605112536,0.889023806034947,0.216216216216216,0.607052378046439
903,8,-0.771186187272054,0.0250448952696292,-0.804878048780488,0.0159601987985089
904,8,-0.0110702043119193,0.979245062661751,0.333333333333333,0.419753086419753
905,8,-0.747785313520906,0.032905358300011,-0.634146341463415,0.0912890821441658
906,8,-0.457606911955893,0.254243200567017,-0.225,0.592147037353515
907,8,-0.632513192495287,0.0923873954512116,-0.230769230769231,0.58242412326653
908,8,-0.975900201067119,3.43634833571047e-05,-1,0
909,8,-0.434931709832114,0.28150940030041,-0.263157894736842,0.528885961344841
910,8,-0.166127683698976,0.694194216853544,-0.367088607594937,0.371042516598345
911,8,-0.724730856072522,0.0419722397051967,-0.620253164556962,0.100875222859378
912,8,0.0524627127423684,0.901812758355331,0.487804878048781,0.220101844181823
913,8,-0.642781164043404,0.0856079422108828,-0.4,0.32616
914,8,-0.567212810171248,0.142570800278025,-0.463414634146342,0.247482670349255
915,8,-0.913810044260159,0.00149901060049098,-0.974683544303797,3.97984255471571e-05
916,8,0.901341399310852,0.00222660354882399,0.925925925925926,0.000960491276443564
917,8,-0.167535425613716,0.691699586903066,0.615384615384616,0.104365016307875
918,8,-0.867728310720103,0.00522673762402234,-0.829268292682927,0.0109030266752834
919,8,-0.916191761403885,0.00138068424932338,-0.924050632911392,0.00103380815542862
920,8,-0.436375093017628,0.279732864977572,-0.414634146341463,0.307070866237017
921,8,-0.54999911507984,0.157846393162105,-0.447368421052632,0.266383944879123
922,8,-0.764941979408625,0.0270137948213961,-0.538461538461539,0.16856229446825
923,8,-0.723443598019582,0.0425184115063456,-0.69620253164557,0.0550950655487157
924,8,0.139072179878019,0.742582410006897,0.382716049382716,0.34939965019076
925,8,-0.498832999202371,0.20826398581437,-0.392405063291139,0.336280494675457
926,8,-0.479458301333587,0.229286831768358,-0.180722891566265,0.668450469704889
927,8,-0.746613532315337,0.0333339948700512,-0.615384615384616,0.104365016307875
928,8,0.851260594469559,0.00733614739311637,0.917808219178082,0.00130395207243573
929,8,-0.437507044135757,0.278343505901176,0.0769230769230769,0.856337178454751
930,8,-0.347871892499224,0.398451868148839,0.0617283950617284,0.88455293510991
931,8,-0.268394518191636,0.520405459135216,-0.230769230769231,0.58242412326653
932,8,-0.0632242835694565,0.881769998300401,0.382716049382716,0.34939965019076
933,8,-0.402754732946211,0.322525063434342,-0.139240506329114,0.742278902896378
934,8,-0.498660426514467,0.208446604111646,-0.219512195121951,0.601445165632524
935,8,-0.000237564119306353,0.99955456729306,0.468354430379747,0.241804882823014
936,8,-0.839275009343323,0.00916882692419369,-0.917808219178082,0.00130395207243574
937,8,-0.120506633320835,0.776228006540764,-0.219512195121951,0.601445165632524
938,8,-0.60332203300598,0.113304566548818,-0.620253164556962,0.100875222859378
939,8,-0.525027146352207,0.181520774845517,-0.414634146341463,0.307070866237017
940,8,-0.394954388526834,0.332867337326105,0.0731707317073171,0.863293782609012
941,8,-0.307438444602676,0.458846188431809,-0.0886075949367088,0.834728317893272
942,8,0.143526033820698,0.734561592750934,0.121951219512195,0.773598436910598
943,8,-0.598566662644048,0.116943761795703,-0.469879518072289,0.240065454942806
944,8,0.792359977883214,0.0190400726463057,0.634146341463415,0.0912890821441658
945,8,-0.774076811191534,0.0241644683160068,-0.777777777777778,0.023065589595082
946,8,-0.8118817110255,0.0143832542864361,-0.925925925925926,0.000960491276443552
947,8,-0.677465087047072,0.0648999793666257,-0.536585365853659,0.170340970786708
948,8,-0.759556660430016,0.028786350268899,-0.731707317073171,0.0390863390212493
949,8,0.469863740068153,0.240083417751576,0.0123456790123457,0.976854203839832
950,8,-0.907009517561013,0.00187268033520635,-0.777777777777778,0.023065589595082
951,8,-0.491343157729241,0.216266691016711,-0.24390243902439,0.560495956966516
952,8,-0.69869789883108,0.0538610395641066,-0.846153846153846,0.00808525881177397
953,8,-0.775343976546551,0.0237846530278312,-0.746835443037975,0.0332525591774179
954,8,-0.815699623879677,0.0135666463003773,-0.804878048780488,0.0159601987985089
955,8,0.705329656234229,0.0506624807820746,0.468354430379747,0.241804882823014
956,8,-0.368285560320656,0.36936403808903,-0.121951219512195,0.773598436910597
957,8,-0.105445384977067,0.803750538093701,0.259259259259259,0.535232404809648
958,8,0.628078024704671,0.0954084183307299,-0.150684931506849,0.72171342613154
959,8,-0.521226473088389,0.185280355381254,-0.4,0.32616
960,8,-0.0475350764289596,0.911005902525382,0.292682926829268,0.481754330094079
961,8,-0.3487255593713,0.397216037262102,-0.325,0.432175440673828
962,8,-0.732831566102624,0.0386329292989594,-0.89873417721519,0.00240296148046002
963,8,-0.703198196541842,0.0516777035202143,-0.670886075949367,0.0685705618098423
964,8,-0.757412871571627,0.0295113717942468,-0.726027397260274,0.0414264515948147
965,8,-0.4295098035537,0.288231900352858,0.105263157894737,0.804084671089484
966,8,-0.634248339789257,0.091220738673171,-0.316455696202532,0.445069441835733
967,8,-0.587774922238076,0.125444229040216,-0.384615384615385,0.346809662449871
968,8,0.0195761884733927,0.963304023193028,0.62962962962963,0.0943451651056068
969,8,-0.318639755610905,0.441758567452633,-0.219512195121951,0.601445165632524
970,8,0.727850538280671,0.0406663080672373,0.45679012345679,0.255201343606103
971,8,-0.338819348950578,0.411659233306825,0.135135135135135,0.749689435807651
972,8,0.674262062804642,0.0666721087597374,0.24390243902439,0.560495956966516
973,8,0.108443982000038,0.798256049294197,0.175,0.678512669677734
974,8,-0.2961633568572,0.476310875621603,0.307692307692308,0.458455990282607
975,8,-0.749171509376812,0.0324026715465173,-0.7,0.0532237499999999
976,8,-0.126191961386227,0.765889988007864,0.307692307692308,0.458455990282607
977,8,-0.297876478321147,0.473640523258742,0.139240506329114,0.742278902896378
978,8,0.549142883016355,0.158628504169208,0.263157894736842,0.528885961344841
979,8,-0.893387742217339,0.0027923674476373,-0.828571428571429,0.0110309466293806
980,8,0.916681779621278,0.00135712106666467,0.842105263157895,0.0087124949365918
981,8,-0.529697145358793,0.176957689330055,-0.316455696202532,0.445069441835733
982,8,-0.502553520661166,0.204347258248746,-0.216216216216216,0.607052378046439
983,8,-0.914193675679167,0.00147952208043897,-0.975308641975309,3.69400528358034e-05
984,8,-0.907028665464583,0.00187155152700229,-0.53125,0.175454188138247
985,8,0.934264178970331,0.000675592661065322,0.924050632911392,0.00103380815542862
986,8,-0.603209293588834,0.113390090472962,-0.414634146341463,0.307070866237017
987,8,-0.905420878386722,0.00196788181372216,-0.902439024390244,0.00215494723497797
988,8,-0.78279198161062,0.0216270825791216,-0.555555555555556,0.152822232383275
989,8,-0.0748775648886798,0.860128448529191,0.175,0.678512669677734
990,8,-0.281733062010725,0.499037578370154,-0.594936708860759,0.119765536998206
991,8,-0.33387272321372,0.418954313699654,-0.315068493150685,0.447177633966065
992,8,-0.0918465923333335,0.82875368731231,0.162162162162162,0.701234279866665
993,8,-0.424028786914047,0.295106181929747,-0.228915662650602,0.585542062912906
994,8,-0.853850927696629,0.00697376858925948,-0.902439024390244,0.00215494723497797
995,8,-0.576718067605687,0.134502007755389,-0.463414634146342,0.247482670349255
996,8,-0.682921543228225,0.061945993454604,-0.560975609756098,0.148007079914522
997,8,-0.459731338032067,0.251759599262656,0.0769230769230769,0.856337178454751
998,8,-0.295276432156834,0.477695720300895,-0.048780487804878,0.908681575447135
999,8,-0.218437762116665,0.603271162428272,-0.24390243902439,0.560495956966516
1000,8,-0.462612333582079,0.248411127278084,-0.333333333333333,0.419753086419753
