"method","compartment","sample_set","predictor","predictor_label","tgi_measure","tgi_day","n","pearson_r","pearson_p_asymptotic","pearson_p_permutation_two_sided","pearson_p_permutation_positive","pearson_n_permutations","pearson_permutation_mode","spearman_rho","spearman_p_asymptotic","spearman_p_permutation_two_sided","spearman_p_permutation_positive","spearman_n_permutations","spearman_permutation_mode","multiplicity_family","analysis_role","pre_specified_primary","pearson_q_exploratory","spearman_q_exploratory"
"ETP_reference_balanced_threshold_2_24","CellCycle","treated","sample_mean_endpoint_ploidy","sample_mean_ETP","TGI_percent_auc",NA,8,-0.44236325876264,0.272421613075645,0.272772722727727,0.863113688631137,10000,"monte_carlo_TGI_label_permutation",-0.214285714285714,0.610344415645267,0.616538346165383,0.711728827117288,10000,"monte_carlo_TGI_label_permutation","CellCycle_mean_ETP_TGI","exploratory_mean_ETP",FALSE,0.561056394360564,0.873712628737126
"ETP_reference_balanced_threshold_2_24","CellCycle","treated","sample_mean_endpoint_ploidy","sample_mean_ETP","TGI_percent_Day_3",3,8,0.685382443385195,0.0606403796289896,0.0997900209979002,0.0730926907309269,10000,"monte_carlo_TGI_label_permutation",0.238095238095238,0.570156320815768,0.583641635836416,0.291670832916708,10000,"monte_carlo_TGI_label_permutation","CellCycle_mean_ETP_TGI","exploratory_mean_ETP",FALSE,0.536846315368463,0.873712628737126
"ETP_reference_balanced_threshold_2_24","CellCycle","treated","sample_mean_endpoint_ploidy","sample_mean_ETP","TGI_percent_Day_7",7,8,-0.386832782782147,0.343797175382687,0.34006599340066,0.827617238276172,10000,"monte_carlo_TGI_label_permutation",-0.380952380952381,0.351812553117565,0.362763723627637,0.837516248375162,10000,"monte_carlo_TGI_label_permutation","CellCycle_mean_ETP_TGI","exploratory_mean_ETP",FALSE,0.561056394360564,0.873712628737126
"ETP_reference_balanced_threshold_2_24","CellCycle","treated","sample_mean_endpoint_ploidy","sample_mean_ETP","TGI_percent_Day_10",10,8,-0.62343812279186,0.0986289496412973,0.123887611238876,0.912308769123088,10000,"monte_carlo_TGI_label_permutation",-0.30952380952381,0.455644890737582,0.455954404559544,0.795320467953205,10000,"monte_carlo_TGI_label_permutation","CellCycle_mean_ETP_TGI","exploratory_mean_ETP",FALSE,0.536846315368463,0.873712628737126
"ETP_reference_balanced_threshold_2_24","CellCycle","treated","sample_mean_endpoint_ploidy","sample_mean_ETP","TGI_percent_Day_14",14,8,-0.360845912756323,0.379851746703807,0.388661133886611,0.81011898810119,10000,"monte_carlo_TGI_label_permutation",-0.0952380952380952,0.822505430203611,0.843215678432157,0.606239376062394,10000,"monte_carlo_TGI_label_permutation","CellCycle_mean_ETP_TGI","exploratory_mean_ETP",FALSE,0.561399415613994,0.873712628737126
"ETP_reference_balanced_threshold_2_24","CellCycle","treated","sample_mean_endpoint_ploidy","sample_mean_ETP","TGI_percent_Day_17",17,8,-0.698401019253014,0.054006978151185,0.0623937606239376,0.961003899610039,10000,"monte_carlo_TGI_label_permutation",-0.476190476190476,0.232935534650098,0.240875912408759,0.893810618938106,10000,"monte_carlo_TGI_label_permutation","CellCycle_mean_ETP_TGI","exploratory_mean_ETP",FALSE,0.536846315368463,0.873712628737126
"ETP_reference_balanced_threshold_2_24","CellCycle","treated","sample_mean_endpoint_ploidy","sample_mean_ETP","TGI_percent_Day_21",21,8,-0.44174673860265,0.273169946197034,0.276172382761724,0.855314468553145,10000,"monte_carlo_TGI_label_permutation",-0.0952380952380952,0.822505430203611,0.839316068393161,0.602839716028397,10000,"monte_carlo_TGI_label_permutation","CellCycle_mean_ETP_TGI","exploratory_mean_ETP",FALSE,0.561056394360564,0.873712628737126
"ETP_reference_balanced_threshold_2_24","CellCycle","treated","sample_mean_endpoint_ploidy","sample_mean_ETP","TGI_percent_Day_24",24,8,-0.387348978978664,0.343097626516945,0.345265473452655,0.823817618238176,10000,"monte_carlo_TGI_label_permutation",-0.0714285714285714,0.866526270675909,0.873712628737126,0.58014198580142,10000,"monte_carlo_TGI_label_permutation","CellCycle_mean_ETP_TGI","exploratory_mean_ETP",FALSE,0.561056394360564,0.873712628737126
"ETP_reference_balanced_threshold_2_24","CellCycle","treated","sample_mean_endpoint_ploidy","sample_mean_ETP","TGI_percent_Day_24_control_median",24,8,-0.456611460957298,0.255411166818854,0.25530753968254,0.865277777777778,40320,"exact_TGI_label_enumeration",-0.238095238095238,0.570156320815768,0.582142857142857,0.731795634920635,40320,"exact_TGI_label_enumeration","CellCycle_mean_ETP_TGI","selected_TGI_outcome",TRUE,0.561056394360564,0.873712628737126
"ETP_reference_balanced_threshold_2_24","CellCycle","treated","sample_mean_endpoint_ploidy","sample_mean_ETP","TGI_percent_Day_27",27,8,-0.250150317480866,0.550167343349981,0.570942905709429,0.716228377162284,10000,"monte_carlo_TGI_label_permutation",-0.166666666666667,0.693238811728395,0.699330066993301,0.666233376662334,10000,"monte_carlo_TGI_label_permutation","CellCycle_mean_ETP_TGI","exploratory_mean_ETP",FALSE,0.618521481185215,0.873712628737126
"ETP_reference_balanced_threshold_2_24","CellCycle","treated","sample_mean_endpoint_ploidy","sample_mean_ETP","TGI_percent_Day_31",31,8,-0.296948455789289,0.475086351653847,0.486751324867513,0.752224777522248,10000,"monte_carlo_TGI_label_permutation",-0.0952380952380952,0.822505430203611,0.841015898410159,0.601039896010399,10000,"monte_carlo_TGI_label_permutation","CellCycle_mean_ETP_TGI","exploratory_mean_ETP",FALSE,0.611766096117661,0.873712628737126
"ETP_reference_balanced_threshold_2_24","CellCycle","treated","sample_mean_endpoint_ploidy","sample_mean_ETP","TGI_percent_Day_34",34,8,0.00437371674640836,0.991799385683096,0.990700929907009,0.463453654634537,10000,"monte_carlo_TGI_label_permutation",0.238095238095238,0.570156320815768,0.58044195580442,0.293170682931707,10000,"monte_carlo_TGI_label_permutation","CellCycle_mean_ETP_TGI","exploratory_mean_ETP",FALSE,0.990700929907009,0.873712628737126
"ETP_reference_balanced_threshold_2_24","CellCycle","treated","sample_mean_endpoint_ploidy","sample_mean_ETP","TGI_percent_Day_38",38,8,-0.284185057538568,0.495146821825007,0.517648235176482,0.739326067393261,10000,"monte_carlo_TGI_label_permutation",-0.214285714285714,0.610344415645267,0.616738326167383,0.712328767123288,10000,"monte_carlo_TGI_label_permutation","CellCycle_mean_ETP_TGI","exploratory_mean_ETP",FALSE,0.611766096117661,0.873712628737126
